-- phpMyAdmin SQL Dump
-- version 5.0.2
-- https://www.phpmyadmin.net/
--
-- Host: 127.0.0.1
-- Waktu pembuatan: 19 Okt 2020 pada 14.45
-- Versi server: 10.4.13-MariaDB
-- Versi PHP: 7.4.8

SET SQL_MODE = "NO_AUTO_VALUE_ON_ZERO";
START TRANSACTION;
SET time_zone = "+00:00";


/*!40101 SET @OLD_CHARACTER_SET_CLIENT=@@CHARACTER_SET_CLIENT */;
/*!40101 SET @OLD_CHARACTER_SET_RESULTS=@@CHARACTER_SET_RESULTS */;
/*!40101 SET @OLD_COLLATION_CONNECTION=@@COLLATION_CONNECTION */;
/*!40101 SET NAMES utf8mb4 */;

--
-- Database: `db_pkl`
--

-- --------------------------------------------------------

--
-- Struktur dari tabel `bendahara_data`
--

CREATE TABLE `bendahara_data` (
  `id` int(11) NOT NULL,
  `tgl_rekap` date NOT NULL,
  `tgl_terlambat` date NOT NULL,
  `no_surat` varchar(128) NOT NULL
) ENGINE=InnoDB DEFAULT CHARSET=utf8mb4;

--
-- Dumping data untuk tabel `bendahara_data`
--

INSERT INTO `bendahara_data` (`id`, `tgl_rekap`, `tgl_terlambat`, `no_surat`) VALUES
(1, '2020-10-21', '2020-10-31', '060/III.4.AU/C/2020');

-- --------------------------------------------------------

--
-- Struktur dari tabel `bendahara_master`
--

CREATE TABLE `bendahara_master` (
  `id` int(5) NOT NULL,
  `nis` varchar(10) NOT NULL,
  `nama_siswa` varchar(128) NOT NULL,
  `kelas` varchar(10) NOT NULL,
  `tp` varchar(15) NOT NULL,
  `bln` int(128) NOT NULL,
  `tunggakan` int(128) NOT NULL,
  `spp_praktek` int(128) NOT NULL,
  `daftar_ulang` int(128) NOT NULL,
  `pas` int(128) NOT NULL,
  `dpp_muh` int(128) NOT NULL,
  `gedung` int(128) NOT NULL,
  `ukk` int(128) NOT NULL,
  `usek_akm` int(128) NOT NULL,
  `sukses_akm` int(128) NOT NULL,
  `wisuda` int(128) NOT NULL,
  `wakaf` int(128) NOT NULL,
  `pkl` int(128) NOT NULL,
  `pat` int(128) NOT NULL,
  `seragam` int(128) NOT NULL,
  `jumlah` bigint(20) NOT NULL
) ENGINE=InnoDB DEFAULT CHARSET=utf8mb4;

--
-- Dumping data untuk tabel `bendahara_master`
--

INSERT INTO `bendahara_master` (`id`, `nis`, `nama_siswa`, `kelas`, `tp`, `bln`, `tunggakan`, `spp_praktek`, `daftar_ulang`, `pas`, `dpp_muh`, `gedung`, `ukk`, `usek_akm`, `sukses_akm`, `wisuda`, `wakaf`, `pkl`, `pat`, `seragam`, `jumlah`) VALUES
(1, '10425', 'Alifia Dewi Lestari', 'X AKL', '2020/2021', 4, 50000, 50000, 100000, 100000, 100000, 100000, 100000, 0, 0, 0, 0, 0, 0, 0, 600000),
(2, '10426', 'ALVI RISTIA', 'X AKL', '2020/2021', 0, 0, 0, 0, 0, 0, 0, 0, 0, 0, 0, 0, 0, 0, 0, 0),
(3, '10427', 'Aprilia Dwi Santi', 'X AKL', '2020/2021', 0, 0, 0, 0, 0, 0, 0, 0, 0, 0, 0, 0, 0, 0, 0, 0),
(4, '10428', 'Berllina Vatianti', 'X AKL', '2020/2021', 0, 0, 0, 0, 0, 0, 0, 0, 0, 0, 0, 0, 0, 0, 0, 0),
(5, '10429', 'ENI CAHYANI', 'X AKL', '2020/2021', 0, 0, 0, 0, 0, 0, 0, 0, 0, 0, 0, 0, 0, 0, 0, 0),
(6, '10430', 'Fajriati Sukmo Rahayu', 'X AKL', '2020/2021', 0, 0, 0, 0, 0, 0, 0, 0, 0, 0, 0, 0, 0, 0, 0, 0),
(7, '10431', 'Fernanda Aulia Dewi Syaputri', 'X AKL', '2020/2021', 0, 0, 0, 0, 0, 0, 0, 0, 0, 0, 0, 0, 0, 0, 0, 0),
(8, '10432', 'FITRI WULANJARI', 'X AKL', '2020/2021', 0, 0, 0, 0, 0, 0, 0, 0, 0, 0, 0, 0, 0, 0, 0, 0),
(9, '10433', 'Ici Nur Fadilah', 'X AKL', '2020/2021', 0, 0, 0, 0, 0, 0, 0, 0, 0, 0, 0, 0, 0, 0, 0, 0),
(10, '10434', 'Mei Lina Tri Handayani', 'X AKL', '2020/2021', 0, 0, 0, 0, 0, 0, 0, 0, 0, 0, 0, 0, 0, 0, 0, 0),
(11, '10435', 'Nabila Arta Mevia', 'X AKL', '2020/2021', 0, 0, 0, 0, 0, 0, 0, 0, 0, 0, 0, 0, 0, 0, 0, 0),
(12, '10436', 'Nazih Shofy Na`ifah', 'X AKL', '2020/2021', 0, 0, 0, 0, 0, 0, 0, 0, 0, 0, 0, 0, 0, 0, 0, 0),
(13, '10437', 'Novia Agil Safitri', 'X AKL', '2020/2021', 0, 0, 0, 0, 0, 0, 0, 0, 0, 0, 0, 0, 0, 0, 0, 0),
(14, '10438', 'Pemi Dominiq Eve', 'X AKL', '2020/2021', 0, 0, 0, 0, 0, 0, 0, 0, 0, 0, 0, 0, 0, 0, 0, 0),
(15, '10439', 'Renita Dewi Mardiyana', 'X AKL', '2020/2021', 0, 0, 0, 0, 0, 0, 0, 0, 0, 0, 0, 0, 0, 0, 0, 0),
(16, '10440', 'Rinda Tri Destiyanti', 'X AKL', '2020/2021', 0, 0, 0, 0, 0, 0, 0, 0, 0, 0, 0, 0, 0, 0, 0, 0),
(17, '10441', 'RIZKIA ARSITASARI', 'X AKL', '2020/2021', 0, 0, 0, 0, 0, 0, 0, 0, 0, 0, 0, 0, 0, 0, 0, 0),
(18, '10442', 'ROSI ENJELIA', 'X AKL', '2020/2021', 0, 0, 0, 0, 0, 0, 0, 0, 0, 0, 0, 0, 0, 0, 0, 0),
(19, '10443', 'SAPIRA IRAWATI', 'X AKL', '2020/2021', 0, 0, 0, 0, 0, 0, 0, 0, 0, 0, 0, 0, 0, 0, 0, 0),
(20, '10444', 'SERLIANA DWI ASTUTI', 'X AKL', '2020/2021', 0, 0, 0, 0, 0, 0, 0, 0, 0, 0, 0, 0, 0, 0, 0, 0),
(21, '10445', 'SYAFA`AD TRI HANAFI', 'X AKL', '2020/2021', 0, 0, 0, 0, 0, 0, 0, 0, 0, 0, 0, 0, 0, 0, 0, 0),
(22, '10446', 'UMI HABIBAH ABADIYAH', 'X AKL', '2020/2021', 0, 0, 0, 0, 0, 0, 0, 0, 0, 0, 0, 0, 0, 0, 0, 0),
(23, '10447', 'Wulan Meilani', 'X AKL', '2020/2021', 0, 0, 0, 0, 0, 0, 0, 0, 0, 0, 0, 0, 0, 0, 0, 0),
(24, '10494', 'Agnes Nur Ilavi', 'X BDP', '2020/2021', 0, 100000, 0, 0, 0, 0, 0, 0, 0, 0, 0, 0, 0, 0, 0, 100000),
(25, '10495', 'ALESYA DEVTY RAHMADANI', 'X BDP', '2020/2021', 0, 0, 0, 0, 0, 0, 0, 0, 0, 0, 0, 0, 0, 0, 0, 0),
(26, '10496', 'ANGGUN NUR AISYAH', 'X BDP', '2020/2021', 0, 0, 0, 0, 0, 0, 0, 0, 0, 0, 0, 0, 0, 0, 0, 0),
(27, '10497', 'ARDINDA DELLA AGUSTIN', 'X BDP', '2020/2021', 0, 0, 0, 0, 0, 0, 0, 0, 0, 0, 0, 0, 0, 0, 0, 0),
(28, '10498', 'Ayu Istiqomah', 'X BDP', '2020/2021', 0, 0, 0, 0, 0, 0, 0, 0, 0, 0, 0, 0, 0, 0, 0, 0),
(29, '10499', 'DEVI ANGGITA SARI', 'X BDP', '2020/2021', 0, 0, 0, 0, 0, 0, 0, 0, 0, 0, 0, 0, 0, 0, 0, 0),
(30, '10500', 'DEVI TRIA LESTARI', 'X BDP', '2020/2021', 0, 0, 0, 0, 0, 0, 0, 0, 0, 0, 0, 0, 0, 0, 0, 0),
(31, '10501', 'Dina Amelia', 'X BDP', '2020/2021', 0, 0, 0, 0, 0, 0, 0, 0, 0, 0, 0, 0, 0, 0, 0, 0),
(32, '10502', 'Dwi Yuniarti', 'X BDP', '2020/2021', 0, 0, 0, 0, 0, 0, 0, 0, 0, 0, 0, 0, 0, 0, 0, 0),
(33, '10503', 'Elsa Vita Putri Wahyuni', 'X BDP', '2020/2021', 0, 0, 0, 0, 0, 0, 0, 0, 0, 0, 0, 0, 0, 0, 0, 0),
(34, '10504', 'Estri Setiyasari', 'X BDP', '2020/2021', 0, 0, 0, 0, 0, 0, 0, 0, 0, 0, 0, 0, 0, 0, 0, 0),
(35, '10505', 'Iis Nurkhasanah', 'X BDP', '2020/2021', 0, 0, 0, 0, 0, 0, 0, 0, 0, 0, 0, 0, 0, 0, 0, 0),
(36, '10506', 'INTAN DYAH DWI ASTUTI', 'X BDP', '2020/2021', 0, 0, 0, 0, 0, 0, 0, 0, 0, 0, 0, 0, 0, 0, 0, 0),
(37, '10507', 'JENI NURUL QORIFAH', 'X BDP', '2020/2021', 0, 0, 0, 0, 0, 0, 0, 0, 0, 0, 0, 0, 0, 0, 0, 0),
(38, '10508', 'Kustina Rahmadhani', 'X BDP', '2020/2021', 0, 0, 0, 0, 0, 0, 0, 0, 0, 0, 0, 0, 0, 0, 0, 0),
(39, '10509', 'MEITA WULANSARI', 'X BDP', '2020/2021', 0, 0, 0, 0, 0, 0, 0, 0, 0, 0, 0, 0, 0, 0, 0, 0),
(40, '10510', 'Mukti Guntari', 'X BDP', '2020/2021', 0, 0, 0, 0, 0, 0, 0, 0, 0, 0, 0, 0, 0, 0, 0, 0),
(41, '10511', 'NABILA DEWA SAVITRI', 'X BDP', '2020/2021', 0, 0, 0, 0, 0, 0, 0, 0, 0, 0, 0, 0, 0, 0, 0, 0),
(42, '10512', 'Nabilla Nur Khasanah', 'X BDP', '2020/2021', 0, 0, 0, 0, 0, 0, 0, 0, 0, 0, 0, 0, 0, 0, 0, 0),
(43, '10513', 'Nika Zulayda Anis', 'X BDP', '2020/2021', 0, 0, 0, 0, 0, 0, 0, 0, 0, 0, 0, 0, 0, 0, 0, 0),
(44, '10514', 'Niken Nurvitasari', 'X BDP', '2020/2021', 0, 0, 0, 0, 0, 0, 0, 0, 0, 0, 0, 0, 0, 0, 0, 0),
(45, '10515', 'Nurul Octafia', 'X BDP', '2020/2021', 0, 0, 0, 0, 0, 0, 0, 0, 0, 0, 0, 0, 0, 0, 0, 0),
(46, '10516', 'RIRIN HERMAWATI', 'X BDP', '2020/2021', 0, 0, 0, 0, 0, 0, 0, 0, 0, 0, 0, 0, 0, 0, 0, 0),
(47, '10517', 'RITA AMELIA AGUSTIN', 'X BDP', '2020/2021', 0, 0, 0, 0, 0, 0, 0, 0, 0, 0, 0, 0, 0, 0, 0, 0),
(48, '10518', 'SALWA FEBRIYANI', 'X BDP', '2020/2021', 0, 0, 0, 0, 0, 0, 0, 0, 0, 0, 0, 0, 0, 0, 0, 0),
(49, '10519', 'Shella Eriska Dwi Arianti', 'X BDP', '2020/2021', 0, 0, 0, 0, 0, 0, 0, 0, 0, 0, 0, 0, 0, 0, 0, 0),
(50, '10520', 'SHERLA INDRIYANI', 'X BDP', '2020/2021', 0, 0, 0, 0, 0, 0, 0, 0, 0, 0, 0, 0, 0, 0, 0, 0),
(51, '10521', 'Siska Ayu Pradana', 'X BDP', '2020/2021', 0, 0, 0, 0, 0, 0, 0, 0, 0, 0, 0, 0, 0, 0, 0, 0),
(52, '10522', 'Sulis Nurhasanah', 'X BDP', '2020/2021', 0, 0, 0, 0, 0, 0, 0, 0, 0, 0, 0, 0, 0, 0, 0, 0),
(53, '10523', 'Tri Erlansari', 'X BDP', '2020/2021', 0, 0, 0, 0, 0, 0, 0, 0, 0, 0, 0, 0, 0, 0, 0, 0),
(54, '10448', 'ADI PUTRA', 'X OTKP 1', '2020/2021', 0, 0, 0, 0, 0, 0, 0, 100000, 0, 0, 0, 0, 0, 0, 0, 100000),
(55, '10449', 'Afrima Deviani', 'X OTKP 1', '2020/2021', 0, 0, 0, 0, 0, 0, 0, 0, 0, 0, 0, 0, 0, 0, 0, 0),
(56, '10450', 'ANISA PUTRI', 'X OTKP 1', '2020/2021', 0, 0, 0, 0, 0, 0, 0, 0, 0, 0, 0, 0, 0, 0, 0, 0),
(57, '10451', 'DAVID AHMAD AL JAZMU', 'X OTKP 1', '2020/2021', 0, 0, 0, 0, 0, 0, 0, 0, 0, 0, 0, 0, 0, 0, 0, 0),
(58, '10452', 'DIAH ANGGITA', 'X OTKP 1', '2020/2021', 0, 0, 0, 0, 0, 0, 0, 0, 0, 0, 0, 0, 0, 0, 0, 0),
(59, '10453', 'DIKI NUR ROHMAN', 'X OTKP 1', '2020/2021', 0, 0, 0, 0, 0, 0, 0, 0, 0, 0, 0, 0, 0, 0, 0, 0),
(60, '10454', 'Dimas Adiputra Kurniawan', 'X OTKP 1', '2020/2021', 0, 0, 0, 0, 0, 0, 0, 0, 0, 0, 0, 0, 0, 0, 0, 0),
(61, '10455', 'DIRA RAHMAWATI', 'X OTKP 1', '2020/2021', 0, 0, 0, 0, 0, 0, 0, 0, 0, 0, 0, 0, 0, 0, 0, 0),
(62, '10456', 'Doni Sudamas', 'X OTKP 1', '2020/2021', 0, 0, 0, 0, 0, 0, 0, 0, 0, 0, 0, 0, 0, 0, 0, 0),
(63, '10457', 'EFIN HENDRIYANI', 'X OTKP 1', '2020/2021', 0, 0, 0, 0, 0, 0, 0, 0, 0, 0, 0, 0, 0, 0, 0, 0),
(64, '10458', 'EKA NUR MEILAYUNI ISNAWATI', 'X OTKP 1', '2020/2021', 0, 0, 0, 0, 0, 0, 0, 0, 0, 0, 0, 0, 0, 0, 0, 0),
(65, '10459', 'Fina Afrilia', 'X OTKP 1', '2020/2021', 0, 0, 0, 0, 0, 0, 0, 0, 0, 0, 0, 0, 0, 0, 0, 0),
(66, '10460', 'FINA TRI UTAMI', 'X OTKP 1', '2020/2021', 0, 0, 0, 0, 0, 0, 0, 0, 0, 0, 0, 0, 0, 0, 0, 0),
(67, '10461', 'Isnaini Nur Khasanah', 'X OTKP 1', '2020/2021', 0, 0, 0, 0, 0, 0, 0, 0, 0, 0, 0, 0, 0, 0, 0, 0),
(68, '10462', 'MITA AKHIR ROHMASARI', 'X OTKP 1', '2020/2021', 0, 0, 0, 0, 0, 0, 0, 0, 0, 0, 0, 0, 0, 0, 0, 0),
(69, '10463', 'Nia Dwi Hariyani', 'X OTKP 1', '2020/2021', 0, 0, 0, 0, 0, 0, 0, 0, 0, 0, 0, 0, 0, 0, 0, 0),
(70, '10464', 'RAHMAD AGIL PAMUNGKAS', 'X OTKP 1', '2020/2021', 0, 0, 0, 0, 0, 0, 0, 0, 0, 0, 0, 0, 0, 0, 0, 0),
(71, '10465', 'Revalino Daffa Wardana Putra', 'X OTKP 1', '2020/2021', 0, 0, 0, 0, 0, 0, 0, 0, 0, 0, 0, 0, 0, 0, 0, 0),
(72, '10466', 'RIANA PRIHARTINI', 'X OTKP 1', '2020/2021', 0, 0, 0, 0, 0, 0, 0, 0, 0, 0, 0, 0, 0, 0, 0, 0),
(73, '10467', 'RIEHANA SAPUTRA', 'X OTKP 1', '2020/2021', 0, 0, 0, 0, 0, 0, 0, 0, 0, 0, 0, 0, 0, 0, 0, 0),
(74, '10468', 'RISKA NUR AINI', 'X OTKP 1', '2020/2021', 0, 0, 0, 0, 0, 0, 0, 0, 0, 0, 0, 0, 0, 0, 0, 0),
(75, '10469', 'UMI ASTUTI', 'X OTKP 1', '2020/2021', 0, 0, 0, 0, 0, 0, 0, 0, 0, 0, 0, 0, 0, 0, 0, 0),
(76, '10470', 'Adelia Puspitawati', 'X OTKP 2', '2020/2021', 0, 100000, 0, 0, 0, 0, 0, 0, 0, 0, 0, 0, 0, 0, 0, 100000),
(77, '10471', 'Alifa Az-zahra', 'X OTKP 2', '2020/2021', 0, 0, 0, 0, 0, 0, 0, 0, 0, 0, 0, 0, 0, 0, 0, 0),
(78, '10472', 'ALIN ARISTA AGUSTINA', 'X OTKP 2', '2020/2021', 0, 0, 0, 0, 0, 0, 0, 0, 0, 0, 0, 0, 0, 0, 0, 0),
(79, '10473', 'Amanda Pradini', 'X OTKP 2', '2020/2021', 0, 0, 0, 0, 0, 0, 0, 0, 0, 0, 0, 0, 0, 0, 0, 0),
(80, '10474', 'AMELIA WIDATI', 'X OTKP 2', '2020/2021', 0, 0, 0, 0, 0, 0, 0, 0, 0, 0, 0, 0, 0, 0, 0, 0),
(81, '10475', 'Ananda Ayu Lestari', 'X OTKP 2', '2020/2021', 0, 0, 0, 0, 0, 0, 0, 0, 0, 0, 0, 0, 0, 0, 0, 0),
(82, '10476', 'ARISTYA NOVELIZA CANDRASARI', 'X OTKP 2', '2020/2021', 0, 0, 0, 0, 0, 0, 0, 0, 0, 0, 0, 0, 0, 0, 0, 0),
(83, '10477', 'Aulia Sabilla', 'X OTKP 2', '2020/2021', 0, 0, 0, 0, 0, 0, 0, 0, 0, 0, 0, 0, 0, 0, 0, 0),
(84, '10478', 'CITRA AULIA ARDHIANI', 'X OTKP 2', '2020/2021', 0, 0, 0, 0, 0, 0, 0, 0, 0, 0, 0, 0, 0, 0, 0, 0),
(85, '10479', 'DEWI SANDRA', 'X OTKP 2', '2020/2021', 0, 0, 0, 0, 0, 0, 0, 0, 0, 0, 0, 0, 0, 0, 0, 0),
(86, '10480', 'Eva Yuliana Ristanti', 'X OTKP 2', '2020/2021', 0, 0, 0, 0, 0, 0, 0, 0, 0, 0, 0, 0, 0, 0, 0, 0),
(87, '10481', 'Fatimah Nurhayati', 'X OTKP 2', '2020/2021', 0, 0, 0, 0, 0, 0, 0, 0, 0, 0, 0, 0, 0, 0, 0, 0),
(88, '10482', 'Fina Aprilia', 'X OTKP 2', '2020/2021', 0, 0, 0, 0, 0, 0, 0, 0, 0, 0, 0, 0, 0, 0, 0, 0),
(89, '10483', 'IIN NURJANAH', 'X OTKP 2', '2020/2021', 0, 0, 0, 0, 0, 0, 0, 0, 0, 0, 0, 0, 0, 0, 0, 0),
(90, '10484', 'Jiona Shafiqa Naila', 'X OTKP 2', '2020/2021', 0, 0, 0, 0, 0, 0, 0, 0, 0, 0, 0, 0, 0, 0, 0, 0),
(91, '10485', 'Laila Kurniasari', 'X OTKP 2', '2020/2021', 0, 0, 0, 0, 0, 0, 0, 0, 0, 0, 0, 0, 0, 0, 0, 0),
(92, '10486', 'NINGRUM WIJAYANTI', 'X OTKP 2', '2020/2021', 0, 0, 0, 0, 0, 0, 0, 0, 0, 0, 0, 0, 0, 0, 0, 0),
(93, '10487', 'NOFIA SAFITRI RAMADHANI', 'X OTKP 2', '2020/2021', 0, 0, 0, 0, 0, 0, 0, 0, 0, 0, 0, 0, 0, 0, 0, 0),
(94, '10488', 'RENIAWATI', 'X OTKP 2', '2020/2021', 0, 0, 0, 0, 0, 0, 0, 0, 0, 0, 0, 0, 0, 0, 0, 0),
(95, '10489', 'RISKA TRI KARTIKA RAHMAWATI', 'X OTKP 2', '2020/2021', 0, 0, 0, 0, 0, 0, 0, 0, 0, 0, 0, 0, 0, 0, 0, 0),
(96, '10490', 'RISMA CAHAYA PUTRI SUKAMDHANI', 'X OTKP 2', '2020/2021', 0, 0, 0, 0, 0, 0, 0, 0, 0, 0, 0, 0, 0, 0, 0, 0),
(97, '10491', 'SELIANA RESTU TRISWATI', 'X OTKP 2', '2020/2021', 0, 0, 0, 0, 0, 0, 0, 0, 0, 0, 0, 0, 0, 0, 0, 0),
(98, '10492', 'TRI WIDYANINGSIH', 'X OTKP 2', '2020/2021', 0, 0, 0, 0, 0, 0, 0, 0, 0, 0, 0, 0, 0, 0, 0, 0),
(99, '10493', 'VIOLITA MIYA ROSALINA', 'X OTKP 2', '2020/2021', 0, 0, 0, 0, 0, 0, 0, 0, 0, 0, 0, 0, 0, 0, 0, 0),
(100, '10411', 'ARIS SETIAWAN', 'X TBSM', '2020/2021', 0, 100000, 0, 0, 0, 0, 0, 0, 0, 0, 0, 0, 0, 0, 0, 100000),
(101, '10412', 'BIMA PUTRA PRATAMA', 'X TBSM', '2020/2021', 0, 0, 0, 0, 0, 0, 0, 0, 0, 0, 0, 0, 0, 0, 0, 0),
(102, '10413', 'Destira Prastya Diva', 'X TBSM', '2020/2021', 0, 0, 0, 0, 0, 0, 0, 0, 0, 0, 0, 0, 0, 0, 0, 0),
(103, '10414', 'Dyas Nanda Putra', 'X TBSM', '2020/2021', 0, 0, 0, 0, 0, 0, 0, 0, 0, 0, 0, 0, 0, 0, 0, 0),
(104, '10415', 'Eva Arifin', 'X TBSM', '2020/2021', 0, 0, 0, 0, 0, 0, 0, 0, 0, 0, 0, 0, 0, 0, 0, 0),
(105, '10416', 'IHSAN NUR ROHIM', 'X TBSM', '2020/2021', 0, 0, 0, 0, 0, 0, 0, 0, 0, 0, 0, 0, 0, 0, 0, 0),
(106, '10417', 'NABIL SADEWA', 'X TBSM', '2020/2021', 0, 0, 0, 0, 0, 0, 0, 0, 0, 0, 0, 0, 0, 0, 0, 0),
(107, '10418', 'NICKY ADI PRASETYO', 'X TBSM', '2020/2021', 0, 0, 0, 0, 0, 0, 0, 0, 0, 0, 0, 0, 0, 0, 0, 0),
(108, '10419', 'REVI RENDRA KUSNANDAR', 'X TBSM', '2020/2021', 0, 0, 0, 0, 0, 0, 0, 0, 0, 0, 0, 0, 0, 0, 0, 0),
(109, '10420', 'RIO RIZKI RISTANTO', 'X TBSM', '2020/2021', 0, 0, 0, 0, 0, 0, 0, 0, 0, 0, 0, 0, 0, 0, 0, 0),
(110, '10421', 'Rizki Aditya', 'X TBSM', '2020/2021', 0, 0, 0, 0, 0, 0, 0, 0, 0, 0, 0, 0, 0, 0, 0, 0),
(111, '10422', 'SUGMA HADI NUGROHO', 'X TBSM', '2020/2021', 0, 0, 0, 0, 0, 0, 0, 0, 0, 0, 0, 0, 0, 0, 0, 0),
(112, '10423', 'TEGAR RIDWAN SAPUTRA', 'X TBSM', '2020/2021', 0, 0, 0, 0, 0, 0, 0, 0, 0, 0, 0, 0, 0, 0, 0, 0),
(113, '10424', 'TRI UTOMO', 'X TBSM', '2020/2021', 0, 0, 0, 0, 0, 0, 0, 0, 0, 0, 0, 0, 0, 0, 0, 0),
(114, '10350', 'Afrian Rivaldi', 'X TKRO 1', '2020/2021', 1, 0, 100000, 100000, 100000, 0, 100000, 0, 0, 0, 0, 100000, 0, 100000, 100000, 700000),
(115, '10351', 'Agung Praseyo', 'X TKRO 1', '2020/2021', 1, 0, 0, 0, 0, 0, 0, 0, 0, 0, 0, 0, 0, 0, 0, 0),
(116, '10352', 'Ahmad Dani Kurniawan', 'X TKRO 1', '2020/2021', 0, 0, 0, 0, 0, 0, 0, 0, 0, 0, 0, 0, 0, 0, 0, 0),
(117, '10353', 'AHMAT DWI YULIYANTO', 'X TKRO 1', '2020/2021', 0, 0, 0, 0, 0, 0, 0, 0, 0, 0, 0, 0, 0, 0, 0, 0),
(118, '10354', 'Almei Muddatsir', 'X TKRO 1', '2020/2021', 0, 0, 0, 0, 0, 0, 0, 0, 0, 0, 0, 0, 0, 0, 0, 0),
(119, '10355', 'ARIF TRIHIDAYAT', 'X TKRO 1', '2020/2021', 0, 0, 0, 0, 0, 0, 0, 0, 0, 0, 0, 0, 0, 0, 0, 0),
(120, '10356', 'Aura Fatima Aszahra', 'X TKRO 1', '2020/2021', 0, 0, 0, 0, 0, 0, 0, 0, 0, 0, 0, 0, 0, 0, 0, 0),
(121, '10357', 'Avin Kusuma Buana', 'X TKRO 1', '2020/2021', 0, 0, 0, 0, 0, 0, 0, 0, 0, 0, 0, 0, 0, 0, 0, 0),
(122, '10358', 'Bambang Hendrawan', 'X TKRO 1', '2020/2021', 0, 0, 0, 0, 0, 0, 0, 0, 0, 0, 0, 0, 0, 0, 0, 0),
(123, '10359', 'Bobby Kusnanto Haryadi', 'X TKRO 1', '2020/2021', 0, 0, 0, 0, 0, 0, 0, 0, 0, 0, 0, 0, 0, 0, 0, 0),
(124, '10360', 'DAVID BAYU PURNAMA', 'X TKRO 1', '2020/2021', 0, 0, 0, 0, 0, 0, 0, 0, 0, 0, 0, 0, 0, 0, 0, 0),
(125, '10361', 'Deni Veri Ari Wibowo', 'X TKRO 1', '2020/2021', 0, 0, 0, 0, 0, 0, 0, 0, 0, 0, 0, 0, 0, 0, 0, 0),
(126, '10362', 'DIMAS SETYO HERNAWAN', 'X TKRO 1', '2020/2021', 0, 0, 0, 0, 0, 0, 0, 0, 0, 0, 0, 0, 0, 0, 0, 0),
(127, '10363', 'EKA SURYO MAHENDRA', 'X TKRO 1', '2020/2021', 0, 0, 0, 0, 0, 0, 0, 0, 0, 0, 0, 0, 0, 0, 0, 0),
(128, '10364', 'Eko Puji Satrio', 'X TKRO 1', '2020/2021', 0, 0, 0, 0, 0, 0, 0, 0, 0, 0, 0, 0, 0, 0, 0, 0),
(129, '10365', 'EVAN RAHMAT KURNIAWAN', 'X TKRO 1', '2020/2021', 0, 0, 0, 0, 0, 0, 0, 0, 0, 0, 0, 0, 0, 0, 0, 0),
(130, '10366', 'Fahrul Alifa Sidik', 'X TKRO 1', '2020/2021', 0, 0, 0, 0, 0, 0, 0, 0, 0, 0, 0, 0, 0, 0, 0, 0),
(131, '10367', 'FATHAN AN NABAA', 'X TKRO 1', '2020/2021', 0, 0, 0, 0, 0, 0, 0, 0, 0, 0, 0, 0, 0, 0, 0, 0),
(132, '10368', 'GIRI RAMADAN', 'X TKRO 1', '2020/2021', 0, 0, 0, 0, 0, 0, 0, 0, 0, 0, 0, 0, 0, 0, 0, 0),
(133, '10369', 'HANUNG RAMADHAN', 'X TKRO 1', '2020/2021', 0, 0, 0, 0, 0, 0, 0, 0, 0, 0, 0, 0, 0, 0, 0, 0),
(134, '10370', 'IFAN OKTAFIYAN', 'X TKRO 1', '2020/2021', 0, 0, 0, 0, 0, 0, 0, 0, 0, 0, 0, 0, 0, 0, 0, 0),
(135, '10371', 'IKHSAN NUGROHO', 'X TKRO 1', '2020/2021', 0, 0, 0, 0, 0, 0, 0, 0, 0, 0, 0, 0, 0, 0, 0, 0),
(136, '10372', 'Ilham Eka Prasetya', 'X TKRO 1', '2020/2021', 0, 0, 0, 0, 0, 0, 0, 0, 0, 0, 0, 0, 0, 0, 0, 0),
(137, '10373', 'Iqbal Nidhom Roziqi', 'X TKRO 1', '2020/2021', 0, 0, 0, 0, 0, 0, 0, 0, 0, 0, 0, 0, 0, 0, 0, 0),
(138, '10374', 'Muhammad Ikhsan Archani', 'X TKRO 1', '2020/2021', 0, 0, 0, 0, 0, 0, 0, 0, 0, 0, 0, 0, 0, 0, 0, 0),
(139, '10375', 'Nyoto Witdianto', 'X TKRO 1', '2020/2021', 0, 0, 0, 0, 0, 0, 0, 0, 0, 0, 0, 0, 0, 0, 0, 0),
(140, '10376', 'Rafli Jian Atmaka', 'X TKRO 1', '2020/2021', 0, 0, 0, 0, 0, 0, 0, 0, 0, 0, 0, 0, 0, 0, 0, 0),
(141, '10377', 'Ridwan Nuvrianto Al Qodari', 'X TKRO 1', '2020/2021', 0, 0, 0, 0, 0, 0, 0, 0, 0, 0, 0, 0, 0, 0, 0, 0),
(142, '10378', 'Rio Faizal Nurrohim', 'X TKRO 1', '2020/2021', 0, 0, 0, 0, 0, 0, 0, 0, 0, 0, 0, 0, 0, 0, 0, 0),
(143, '10379', 'Rohmat Dwi Yudda', 'X TKRO 1', '2020/2021', 0, 0, 0, 0, 0, 0, 0, 0, 0, 0, 0, 0, 0, 0, 0, 0),
(144, '10380', 'Salvani Naswa Divangga', 'X TKRO 1', '2020/2021', 0, 0, 0, 0, 0, 0, 0, 0, 0, 0, 0, 0, 0, 0, 0, 0),
(145, '10381', 'AKMAL RAMADHAN', 'X TKRO 2', '2020/2021', 0, 100000, 0, 0, 0, 0, 0, 0, 0, 0, 0, 0, 0, 0, 0, 100000),
(146, '10382', 'Alviansyah Dimas Putra Aji Nugroho', 'X TKRO 2', '2020/2021', 0, 0, 0, 0, 0, 0, 0, 0, 0, 0, 0, 0, 0, 0, 0, 0),
(147, '10383', 'Arya Dwi Kurniawan', 'X TKRO 2', '2020/2021', 0, 0, 0, 0, 0, 0, 0, 0, 0, 0, 0, 0, 0, 0, 0, 0),
(148, '10384', 'DONY TATA PRADITYA', 'X TKRO 2', '2020/2021', 0, 0, 0, 0, 0, 0, 0, 0, 0, 0, 0, 0, 0, 0, 0, 0),
(149, '10385', 'DWI NUR PRASETYA', 'X TKRO 2', '2020/2021', 0, 0, 0, 0, 0, 0, 0, 0, 0, 0, 0, 0, 0, 0, 0, 0),
(150, '10386', 'EGA EBTA SAPUTRA PERDANA', 'X TKRO 2', '2020/2021', 0, 0, 0, 0, 0, 0, 0, 0, 0, 0, 0, 0, 0, 0, 0, 0),
(151, '10387', 'FAUZI FATURRAHMAN', 'X TKRO 2', '2020/2021', 0, 0, 0, 0, 0, 0, 0, 0, 0, 0, 0, 0, 0, 0, 0, 0),
(152, '10388', 'Fito Alvianto', 'X TKRO 2', '2020/2021', 0, 0, 0, 0, 0, 0, 0, 0, 0, 0, 0, 0, 0, 0, 0, 0),
(153, '10389', 'Giovantino Rosyid', 'X TKRO 2', '2020/2021', 0, 0, 0, 0, 0, 0, 0, 0, 0, 0, 0, 0, 0, 0, 0, 0),
(154, '10390', 'Hari Adi Prayogo', 'X TKRO 2', '2020/2021', 0, 0, 0, 0, 0, 0, 0, 0, 0, 0, 0, 0, 0, 0, 0, 0),
(155, '10391', 'Imam Prasetiyo', 'X TKRO 2', '2020/2021', 0, 0, 0, 0, 0, 0, 0, 0, 0, 0, 0, 0, 0, 0, 0, 0),
(156, '10392', 'Janu Harta Safitra', 'X TKRO 2', '2020/2021', 0, 0, 0, 0, 0, 0, 0, 0, 0, 0, 0, 0, 0, 0, 0, 0),
(157, '10393', 'KONTAN PRASETYO', 'X TKRO 2', '2020/2021', 0, 0, 0, 0, 0, 0, 0, 0, 0, 0, 0, 0, 0, 0, 0, 0),
(158, '10394', 'Krishna Bayu Hasampurna', 'X TKRO 2', '2020/2021', 0, 0, 0, 0, 0, 0, 0, 0, 0, 0, 0, 0, 0, 0, 0, 0),
(159, '10395', 'LUCKY LUQMAN NUL HAKIM', 'X TKRO 2', '2020/2021', 0, 0, 0, 0, 0, 0, 0, 0, 0, 0, 0, 0, 0, 0, 0, 0),
(160, '10396', 'Muhamad Nurfauzi', 'X TKRO 2', '2020/2021', 0, 0, 0, 0, 0, 0, 0, 0, 0, 0, 0, 0, 0, 0, 0, 0),
(161, '10397', 'Muhamad Raffi Nurlatif', 'X TKRO 2', '2020/2021', 0, 0, 0, 0, 0, 0, 0, 0, 0, 0, 0, 0, 0, 0, 0, 0),
(162, '10398', 'MUHAMAD RIZKI FADHILAH', 'X TKRO 2', '2020/2021', 0, 0, 0, 0, 0, 0, 0, 0, 0, 0, 0, 0, 0, 0, 0, 0),
(163, '10399', 'NONGGO RIOSA PUTRA', 'X TKRO 2', '2020/2021', 0, 0, 0, 0, 0, 0, 0, 0, 0, 0, 0, 0, 0, 0, 0, 0),
(164, '10400', 'Nurcahyo Agus Saputra ', 'X TKRO 2', '2020/2021', 0, 0, 0, 0, 0, 0, 0, 0, 0, 0, 0, 0, 0, 0, 0, 0),
(165, '10401', 'Nurwahyu Nugroho', 'X TKRO 2', '2020/2021', 0, 0, 0, 0, 0, 0, 0, 0, 0, 0, 0, 0, 0, 0, 0, 0),
(166, '10402', 'REFALDO ALFIYANTO', 'X TKRO 2', '2020/2021', 0, 0, 0, 0, 0, 0, 0, 0, 0, 0, 0, 0, 0, 0, 0, 0),
(167, '10403', 'Ridho Pangestu Sudiro', 'X TKRO 2', '2020/2021', 0, 0, 0, 0, 0, 0, 0, 0, 0, 0, 0, 0, 0, 0, 0, 0),
(168, '10404', 'RINDO TRENGGONO AJI', 'X TKRO 2', '2020/2021', 0, 0, 0, 0, 0, 0, 0, 0, 0, 0, 0, 0, 0, 0, 0, 0),
(169, '10405', 'RIZKY ANDRIAN', 'X TKRO 2', '2020/2021', 0, 0, 0, 0, 0, 0, 0, 0, 0, 0, 0, 0, 0, 0, 0, 0),
(170, '10406', 'Sofyan Zuhri', 'X TKRO 2', '2020/2021', 0, 0, 0, 0, 0, 0, 0, 0, 0, 0, 0, 0, 0, 0, 0, 0),
(171, '10407', 'Syahrul Romadhon', 'X TKRO 2', '2020/2021', 0, 0, 0, 0, 0, 0, 0, 0, 0, 0, 0, 0, 0, 0, 0, 0),
(172, '10408', 'TIAN ROMADON', 'X TKRO 2', '2020/2021', 0, 0, 0, 0, 0, 0, 0, 0, 0, 0, 0, 0, 0, 0, 0, 0),
(173, '10409', 'YOGA SETIAWAN', 'X TKRO 2', '2020/2021', 0, 0, 0, 0, 0, 0, 0, 0, 0, 0, 0, 0, 0, 0, 0, 0),
(174, '10410', 'YUSUF NIO SAGITA', 'X TKRO 2', '2020/2021', 0, 0, 0, 0, 0, 0, 0, 0, 0, 0, 0, 0, 0, 0, 0, 0),
(175, '10268', 'ADELA FEBRIANTI', 'XI AKL', '2020/2021', 0, 0, 0, 0, 0, 0, 0, 0, 0, 0, 0, 0, 0, 0, 0, 0),
(176, '10269', 'ADINDA AINI CAHYANTI', 'XI AKL', '2020/2021', 0, 0, 0, 0, 0, 0, 0, 0, 0, 0, 0, 0, 0, 0, 0, 0),
(177, '10270', 'ADITYA SURADINATA', 'XI AKL', '2020/2021', 0, 0, 0, 0, 0, 0, 0, 0, 0, 0, 0, 0, 0, 0, 0, 0),
(178, '10271', 'Ainnur Putri Sekarsari', 'XI AKL', '2020/2021', 0, 0, 0, 0, 0, 0, 0, 0, 0, 0, 0, 0, 0, 0, 0, 0),
(179, '10272', 'ALVERA DEVI NUR ANGGRAINI', 'XI AKL', '2020/2021', 0, 0, 0, 0, 0, 0, 0, 0, 0, 0, 0, 0, 0, 0, 0, 0),
(180, '10273', 'Amanda Aprillia Cesarraswati', 'XI AKL', '2020/2021', 0, 0, 0, 0, 0, 0, 0, 0, 0, 0, 0, 0, 0, 0, 0, 0),
(181, '10274', 'AMANDA AYUDIA PUTRI', 'XI AKL', '2020/2021', 0, 0, 0, 0, 0, 0, 0, 0, 0, 0, 0, 0, 0, 0, 0, 0),
(182, '10275', 'Cintaning Harda Pramita', 'XI AKL', '2020/2021', 0, 0, 0, 0, 0, 0, 0, 0, 0, 0, 0, 0, 0, 0, 0, 0),
(183, '10276', 'DEFYANA NUR FERYANI', 'XI AKL', '2020/2021', 0, 0, 0, 0, 0, 0, 0, 0, 0, 0, 0, 0, 0, 0, 0, 0),
(184, '10277', 'DEWI KURNIAWATI', 'XI AKL', '2020/2021', 0, 0, 0, 0, 0, 0, 0, 0, 0, 0, 0, 0, 0, 0, 0, 0),
(185, '10278', 'DIAN BUDI UTAMI', 'XI AKL', '2020/2021', 0, 0, 0, 0, 0, 0, 0, 0, 0, 0, 0, 0, 0, 0, 0, 0),
(186, '10279', 'DIAN NOVITA', 'XI AKL', '2020/2021', 0, 0, 0, 0, 0, 0, 0, 0, 0, 0, 0, 0, 0, 0, 0, 0),
(187, '10280', 'FATHULLAH AFIF PRATAMA', 'XI AKL', '2020/2021', 0, 0, 0, 0, 0, 0, 0, 0, 0, 0, 0, 0, 0, 0, 0, 0),
(188, '10281', 'FITRIAN ADHE PRATAMA', 'XI AKL', '2020/2021', 0, 0, 0, 0, 0, 0, 0, 0, 0, 0, 0, 0, 0, 0, 0, 0),
(189, '10282', 'Hapnesti Desi Anggraini', 'XI AKL', '2020/2021', 0, 0, 0, 0, 0, 0, 0, 0, 0, 0, 0, 0, 0, 0, 0, 0),
(190, '10283', 'Intan Septiya Ningsih', 'XI AKL', '2020/2021', 0, 0, 0, 0, 0, 0, 0, 0, 0, 0, 0, 0, 0, 0, 0, 0),
(191, '10284', 'IRAWATI', 'XI AKL', '2020/2021', 0, 0, 0, 0, 0, 0, 0, 0, 0, 0, 0, 0, 0, 0, 0, 0),
(192, '10285', 'Jesica Gita Lestari', 'XI AKL', '2020/2021', 0, 0, 0, 0, 0, 0, 0, 0, 0, 0, 0, 0, 0, 0, 0, 0),
(193, '10286', 'MELANI NURHIDAYANTI', 'XI AKL', '2020/2021', 0, 0, 0, 0, 0, 0, 0, 0, 0, 0, 0, 0, 0, 0, 0, 0),
(194, '10287', 'MELY PUSPITA SARI', 'XI AKL', '2020/2021', 0, 0, 0, 0, 0, 0, 0, 0, 0, 0, 0, 0, 0, 0, 0, 0),
(195, '10288', 'Nazriya Divana Tanjung', 'XI AKL', '2020/2021', 0, 0, 0, 0, 0, 0, 0, 0, 0, 0, 0, 0, 0, 0, 0, 0),
(196, '10289', 'NIDA PRIHATINI', 'XI AKL', '2020/2021', 0, 0, 0, 0, 0, 0, 0, 0, 0, 0, 0, 0, 0, 0, 0, 0),
(197, '10290', 'Nurul Hidayah', 'XI AKL', '2020/2021', 0, 0, 0, 0, 0, 0, 0, 0, 0, 0, 0, 0, 0, 0, 0, 0),
(198, '10291', 'RAHAYU PERTIWI', 'XI AKL', '2020/2021', 0, 0, 0, 0, 0, 0, 0, 0, 0, 0, 0, 0, 0, 0, 0, 0),
(199, '10292', 'RAHMA HIDAYAH', 'XI AKL', '2020/2021', 0, 0, 0, 0, 0, 0, 0, 0, 0, 0, 0, 0, 0, 0, 0, 0),
(200, '10293', 'Refiana Aulia Rahmah', 'XI AKL', '2020/2021', 0, 0, 0, 0, 0, 0, 0, 0, 0, 0, 0, 0, 0, 0, 0, 0),
(201, '10294', 'RIRIS RIZKA NURJANAH', 'XI AKL', '2020/2021', 0, 0, 0, 0, 0, 0, 0, 0, 0, 0, 0, 0, 0, 0, 0, 0),
(202, '10295', 'Rista Alfianasari', 'XI AKL', '2020/2021', 0, 0, 0, 0, 0, 0, 0, 0, 0, 0, 0, 0, 0, 0, 0, 0),
(203, '10296', 'Rizma Awanda Putri', 'XI AKL', '2020/2021', 0, 0, 0, 0, 0, 0, 0, 0, 0, 0, 0, 0, 0, 0, 0, 0),
(204, '10297', 'SAMITHA PUTRI WULANDARI', 'XI AKL', '2020/2021', 0, 0, 0, 0, 0, 0, 0, 0, 0, 0, 0, 0, 0, 0, 0, 0),
(205, '10298', 'Silmi Nur Aminah', 'XI AKL', '2020/2021', 0, 0, 0, 0, 0, 0, 0, 0, 0, 0, 0, 0, 0, 0, 0, 0),
(206, '10299', 'Sukma Ayu Puji Lestari', 'XI AKL', '2020/2021', 0, 0, 0, 0, 0, 0, 0, 0, 0, 0, 0, 0, 0, 0, 0, 0),
(207, '10300', 'TAZKIA LUTHFI HASANAH', 'XI AKL', '2020/2021', 0, 0, 0, 0, 0, 0, 0, 0, 0, 0, 0, 0, 0, 0, 0, 0),
(208, '10301', 'VETY NURADILLAH', 'XI AKL', '2020/2021', 0, 0, 0, 0, 0, 0, 0, 0, 0, 0, 0, 0, 0, 0, 0, 0),
(209, '10302', 'VIVI RISKA HASTRI', 'XI AKL', '2020/2021', 0, 0, 0, 0, 0, 0, 0, 0, 0, 0, 0, 0, 0, 0, 0, 0),
(210, '10336', 'Ahmadi Putra Pratama', 'XI BDP', '2020/2021', 0, 0, 0, 0, 0, 0, 0, 0, 0, 0, 0, 0, 0, 0, 0, 0),
(211, '10348', 'ALVANI SEKAR WIBOWO', 'XI BDP', '2020/2021', 0, 0, 0, 0, 0, 0, 0, 0, 0, 0, 0, 0, 0, 0, 0, 0),
(212, '10337', 'AMELIA BARYEKTI RAHAYU', 'XI BDP', '2020/2021', 0, 0, 0, 0, 0, 0, 0, 0, 0, 0, 0, 0, 0, 0, 0, 0),
(213, '10338', 'BILAL PUTRA TRI PRADANA', 'XI BDP', '2020/2021', 0, 0, 0, 0, 0, 0, 0, 0, 0, 0, 0, 0, 0, 0, 0, 0),
(214, '10339', 'DITA ANGGRAENI', 'XI BDP', '2020/2021', 0, 0, 0, 0, 0, 0, 0, 0, 0, 0, 0, 0, 0, 0, 0, 0),
(215, '10340', 'Lurisya Putri Endayani', 'XI BDP', '2020/2021', 0, 0, 0, 0, 0, 0, 0, 0, 0, 0, 0, 0, 0, 0, 0, 0),
(216, '10341', 'MAULINA SOLEHA', 'XI BDP', '2020/2021', 0, 0, 0, 0, 0, 0, 0, 0, 0, 0, 0, 0, 0, 0, 0, 0),
(217, '10342', 'NINGRUM FAJRIYANI', 'XI BDP', '2020/2021', 0, 0, 0, 0, 0, 0, 0, 0, 0, 0, 0, 0, 0, 0, 0, 0),
(218, '10343', 'SEPTIANA DWI ANJANI', 'XI BDP', '2020/2021', 0, 0, 0, 0, 0, 0, 0, 0, 0, 0, 0, 0, 0, 0, 0, 0),
(219, '10344', 'SEPTIANI TRI ANJANI', 'XI BDP', '2020/2021', 0, 0, 0, 0, 0, 0, 0, 0, 0, 0, 0, 0, 0, 0, 0, 0),
(220, '10345', 'SINTA WULANDARI', 'XI BDP', '2020/2021', 0, 0, 0, 0, 0, 0, 0, 0, 0, 0, 0, 0, 0, 0, 0, 0),
(221, '10346', 'TASYA AMELLIANA', 'XI BDP', '2020/2021', 0, 0, 0, 0, 0, 0, 0, 0, 0, 0, 0, 0, 0, 0, 0, 0),
(222, '10347', 'Wasis Darmawati', 'XI BDP', '2020/2021', 0, 0, 0, 0, 0, 0, 0, 0, 0, 0, 0, 0, 0, 0, 0, 0),
(223, '', 'YUANESA SASHA ARSYNEILLA', 'XI BDP', '2020/2021', 0, 0, 0, 0, 0, 0, 0, 0, 0, 0, 0, 0, 0, 0, 0, 0),
(224, '10303', 'ADE NUR ALIM', 'XI OTKP', '2020/2021', 0, 0, 0, 0, 0, 0, 0, 0, 0, 0, 0, 0, 0, 0, 0, 0),
(225, '10304', 'ADE RIZKI SUSANTI', 'XI OTKP', '2020/2021', 0, 0, 0, 0, 0, 0, 0, 0, 0, 0, 0, 0, 0, 0, 0, 0),
(226, '10305', 'ADELIA PUTRI RAMAYANTI', 'XI OTKP', '2020/2021', 0, 0, 0, 0, 0, 0, 0, 0, 0, 0, 0, 0, 0, 0, 0, 0),
(227, '10306', 'AFNI NUR AINI ASSARI', 'XI OTKP', '2020/2021', 0, 0, 0, 0, 0, 0, 0, 0, 0, 0, 0, 0, 0, 0, 0, 0),
(228, '10307', 'AKMAL FATAHILAH', 'XI OTKP', '2020/2021', 0, 0, 0, 0, 0, 0, 0, 0, 0, 0, 0, 0, 0, 0, 0, 0),
(229, '10308', 'ALIFIA YAJI KINANTI', 'XI OTKP', '2020/2021', 0, 0, 0, 0, 0, 0, 0, 0, 0, 0, 0, 0, 0, 0, 0, 0),
(230, '10309', 'ANANDA DWIGITA EVIANA PUTRI', 'XI OTKP', '2020/2021', 0, 0, 0, 0, 0, 0, 0, 0, 0, 0, 0, 0, 0, 0, 0, 0),
(231, '10310', 'ANANDA SAFITRI', 'XI OTKP', '2020/2021', 0, 0, 0, 0, 0, 0, 0, 0, 0, 0, 0, 0, 0, 0, 0, 0),
(232, '10311', 'Danu Wijanarko', 'XI OTKP', '2020/2021', 0, 0, 0, 0, 0, 0, 0, 0, 0, 0, 0, 0, 0, 0, 0, 0),
(233, '10312', 'DESI NATALIA', 'XI OTKP', '2020/2021', 0, 0, 0, 0, 0, 0, 0, 0, 0, 0, 0, 0, 0, 0, 0, 0),
(234, '10313', 'EKA FITRIANI', 'XI OTKP', '2020/2021', 0, 0, 0, 0, 0, 0, 0, 0, 0, 0, 0, 0, 0, 0, 0, 0),
(235, '10314', 'FERA RAHAYUNINGTYAS', 'XI OTKP', '2020/2021', 0, 0, 0, 0, 0, 0, 0, 0, 0, 0, 0, 0, 0, 0, 0, 0),
(236, '10315', 'INDRAWATI', 'XI OTKP', '2020/2021', 0, 0, 0, 0, 0, 0, 0, 0, 0, 0, 0, 0, 0, 0, 0, 0),
(237, '10318', 'Miranti Setyaningrum', 'XI OTKP', '2020/2021', 0, 0, 0, 0, 0, 0, 0, 0, 0, 0, 0, 0, 0, 0, 0, 0),
(238, '10319', 'MUTIARA ARVIKA NUR ROHMAH', 'XI OTKP', '2020/2021', 0, 0, 0, 0, 0, 0, 0, 0, 0, 0, 0, 0, 0, 0, 0, 0),
(239, '10320', 'NISA MADANI', 'XI OTKP', '2020/2021', 0, 0, 0, 0, 0, 0, 0, 0, 0, 0, 0, 0, 0, 0, 0, 0),
(240, '10321', 'Novita Dwi Ramadhani', 'XI OTKP', '2020/2021', 0, 0, 0, 0, 0, 0, 0, 0, 0, 0, 0, 0, 0, 0, 0, 0),
(241, '10322', 'PUTRI ARIANI', 'XI OTKP', '2020/2021', 0, 0, 0, 0, 0, 0, 0, 0, 0, 0, 0, 0, 0, 0, 0, 0),
(242, '10323', 'PUTRI WIDIASTUTI', 'XI OTKP', '2020/2021', 0, 0, 0, 0, 0, 0, 0, 0, 0, 0, 0, 0, 0, 0, 0, 0),
(243, '10324', 'RENI REVIYANTI PRAMUDITO', 'XI OTKP', '2020/2021', 0, 0, 0, 0, 0, 0, 0, 0, 0, 0, 0, 0, 0, 0, 0, 0),
(244, '10325', 'Renu Rifanda Lestari', 'XI OTKP', '2020/2021', 0, 0, 0, 0, 0, 0, 0, 0, 0, 0, 0, 0, 0, 0, 0, 0),
(245, '10326', 'RIMA PUTRI ANDINI', 'XI OTKP', '2020/2021', 0, 0, 0, 0, 0, 0, 0, 0, 0, 0, 0, 0, 0, 0, 0, 0),
(246, '10327', 'RINI RINIAWATI', 'XI OTKP', '2020/2021', 0, 0, 0, 0, 0, 0, 0, 0, 0, 0, 0, 0, 0, 0, 0, 0),
(247, '10328', 'SERLY MARISKA', 'XI OTKP', '2020/2021', 0, 0, 0, 0, 0, 0, 0, 0, 0, 0, 0, 0, 0, 0, 0, 0),
(248, '10329', 'SHERLY PUSPITA', 'XI OTKP', '2020/2021', 0, 0, 0, 0, 0, 0, 0, 0, 0, 0, 0, 0, 0, 0, 0, 0),
(249, '10330', 'Sri Widuri', 'XI OTKP', '2020/2021', 0, 0, 0, 0, 0, 0, 0, 0, 0, 0, 0, 0, 0, 0, 0, 0),
(250, '10331', 'TIKA AYU PUSPITA', 'XI OTKP', '2020/2021', 0, 0, 0, 0, 0, 0, 0, 0, 0, 0, 0, 0, 0, 0, 0, 0),
(251, '10332', 'Varida Mediana', 'XI OTKP', '2020/2021', 0, 0, 0, 0, 0, 0, 0, 0, 0, 0, 0, 0, 0, 0, 0, 0),
(252, '10333', 'VIDA LUTFIANATUSYIFA', 'XI OTKP', '2020/2021', 0, 0, 0, 0, 0, 0, 0, 0, 0, 0, 0, 0, 0, 0, 0, 0),
(253, '10334', 'YUFA ADELIA AGUSTIN', 'XI OTKP', '2020/2021', 0, 0, 0, 0, 0, 0, 0, 0, 0, 0, 0, 0, 0, 0, 0, 0),
(254, '10335', 'ZAINAL MUKHLISIN', 'XI OTKP', '2020/2021', 0, 0, 0, 0, 0, 0, 0, 0, 0, 0, 0, 0, 0, 0, 0, 0),
(255, '10249', 'ALIF ZIDAN MEILANO', 'XI TBSM', '2020/2021', 0, 0, 0, 0, 0, 0, 0, 0, 0, 0, 0, 0, 0, 0, 0, 0),
(256, '10250', 'ANNAS SAKA WIGUNA', 'XI TBSM', '2020/2021', 0, 0, 0, 0, 0, 0, 0, 0, 0, 0, 0, 0, 0, 0, 0, 0),
(257, '10251', 'Aria Pratama', 'XI TBSM', '2020/2021', 0, 0, 0, 0, 0, 0, 0, 0, 0, 0, 0, 0, 0, 0, 0, 0),
(258, '10252', 'CATUR FEBIANTORO', 'XI TBSM', '2020/2021', 0, 0, 0, 0, 0, 0, 0, 0, 0, 0, 0, 0, 0, 0, 0, 0),
(259, '10254', 'DANANG WIJANARKO', 'XI TBSM', '2020/2021', 0, 0, 0, 0, 0, 0, 0, 0, 0, 0, 0, 0, 0, 0, 0, 0),
(260, '10255', 'FANDI SUNARYO', 'XI TBSM', '2020/2021', 0, 0, 0, 0, 0, 0, 0, 0, 0, 0, 0, 0, 0, 0, 0, 0),
(261, '10256', 'FERI HERMANTO', 'XI TBSM', '2020/2021', 0, 0, 0, 0, 0, 0, 0, 0, 0, 0, 0, 0, 0, 0, 0, 0),
(262, '10258', 'Muhammad Afifaddin Al`Muqoffa', 'XI TBSM', '2020/2021', 0, 0, 0, 0, 0, 0, 0, 0, 0, 0, 0, 0, 0, 0, 0, 0),
(263, '10259', 'MUHAMMAD IZZATUL FATAH', 'XI TBSM', '2020/2021', 0, 0, 0, 0, 0, 0, 0, 0, 0, 0, 0, 0, 0, 0, 0, 0),
(264, '10260', 'Oman Abdul Rahman', 'XI TBSM', '2020/2021', 0, 0, 0, 0, 0, 0, 0, 0, 0, 0, 0, 0, 0, 0, 0, 0),
(265, '10261', 'Rendi Fahruzi', 'XI TBSM', '2020/2021', 0, 0, 0, 0, 0, 0, 0, 0, 0, 0, 0, 0, 0, 0, 0, 0),
(266, '10262', 'RIKE DIAH AMANDA', 'XI TBSM', '2020/2021', 0, 0, 0, 0, 0, 0, 0, 0, 0, 0, 0, 0, 0, 0, 0, 0),
(267, '10263', 'SUGANDHA DAMAR JATI', 'XI TBSM', '2020/2021', 0, 0, 0, 0, 0, 0, 0, 0, 0, 0, 0, 0, 0, 0, 0, 0),
(268, '10264', 'SUTRI JULIANTO', 'XI TBSM', '2020/2021', 0, 0, 0, 0, 0, 0, 0, 0, 0, 0, 0, 0, 0, 0, 0, 0),
(269, '10265', 'Wahyu Lendi Pratama', 'XI TBSM', '2020/2021', 0, 0, 0, 0, 0, 0, 0, 0, 0, 0, 0, 0, 0, 0, 0, 0),
(270, '10266', 'WAHYU WADIYANTO', 'XI TBSM', '2020/2021', 0, 0, 0, 0, 0, 0, 0, 0, 0, 0, 0, 0, 0, 0, 0, 0),
(271, '10267', 'YONGKI MAHMUDI', 'XI TBSM', '2020/2021', 0, 0, 0, 0, 0, 0, 0, 0, 0, 0, 0, 0, 0, 0, 0, 0),
(272, '10214', 'Airul Budi Rahmanto', 'XI TKRO', '2020/2021', 1, 1000000, 1000000, 1000000, 1000000, 1000000, 1000000, 0, 0, 0, 0, 100000, 1000000, 0, 0, 7100000),
(273, '10215', 'ALDI AKBAR MAULANA', 'XI TKRO', '2020/2021', 0, 0, 0, 0, 0, 0, 0, 0, 0, 0, 0, 0, 0, 0, 0, 0),
(274, '10216', 'ALI ARIDHO', 'XI TKRO', '2020/2021', 0, 0, 0, 0, 0, 0, 0, 0, 0, 0, 0, 0, 0, 0, 0, 0),
(275, '10217', 'AMBAR SIGIT HUTOMO', 'XI TKRO', '2020/2021', 0, 0, 0, 0, 0, 0, 0, 0, 0, 0, 0, 0, 0, 0, 0, 0),
(276, '10218', 'ANDI SLAMET PRASETYO', 'XI TKRO', '2020/2021', 0, 0, 0, 0, 0, 0, 0, 0, 0, 0, 0, 0, 0, 0, 0, 0),
(277, '10219', 'ANGGA ALFIAN WIDYANARKO', 'XI TKRO', '2020/2021', 0, 0, 0, 0, 0, 0, 0, 0, 0, 0, 0, 0, 0, 0, 0, 0),
(278, '10220', 'Antok Verdiyanto', 'XI TKRO', '2020/2021', 0, 0, 0, 0, 0, 0, 0, 0, 0, 0, 0, 0, 0, 0, 0, 0),
(279, '10221', 'BAGAS DUWI SAPUTRA', 'XI TKRO', '2020/2021', 0, 0, 0, 0, 0, 0, 0, 0, 0, 0, 0, 0, 0, 0, 0, 0),
(280, '10222', 'BAYU PRAKOSO', 'XI TKRO', '2020/2021', 0, 0, 0, 0, 0, 0, 0, 0, 0, 0, 0, 0, 0, 0, 0, 0),
(281, '10223', 'BUDI ANTORO', 'XI TKRO', '2020/2021', 0, 0, 0, 0, 0, 0, 0, 0, 0, 0, 0, 0, 0, 0, 0, 0),
(282, '10224', 'DASTIAN AKBAR MAULANA', 'XI TKRO', '2020/2021', 0, 0, 0, 0, 0, 0, 0, 0, 0, 0, 0, 0, 0, 0, 0, 0),
(283, '10225', 'DAVA JANNATUN YAHYA', 'XI TKRO', '2020/2021', 0, 0, 0, 0, 0, 0, 0, 0, 0, 0, 0, 0, 0, 0, 0, 0),
(284, '10226', 'DHIMAZ ANGGA TRI WIRATNA', 'XI TKRO', '2020/2021', 0, 0, 0, 0, 0, 0, 0, 0, 0, 0, 0, 0, 0, 0, 0, 0),
(285, '10227', 'Edwin Bajang Alfansyah', 'XI TKRO', '2020/2021', 0, 0, 0, 0, 0, 0, 0, 0, 0, 0, 0, 0, 0, 0, 0, 0),
(286, '10228', 'EKO DANANG PRAKOSO', 'XI TKRO', '2020/2021', 0, 0, 0, 0, 0, 0, 0, 0, 0, 0, 0, 0, 0, 0, 0, 0),
(287, '10229', 'FARDIAN ROMADON', 'XI TKRO', '2020/2021', 0, 0, 0, 0, 0, 0, 0, 0, 0, 0, 0, 0, 0, 0, 0, 0),
(288, '10230', 'Galih Faiz Pradana', 'XI TKRO', '2020/2021', 0, 0, 0, 0, 0, 0, 0, 0, 0, 0, 0, 0, 0, 0, 0, 0),
(289, '10231', 'GUNUNG BIMA SATRIYA', 'XI TKRO', '2020/2021', 0, 0, 0, 0, 0, 0, 0, 0, 0, 0, 0, 0, 0, 0, 0, 0),
(290, '10232', 'IRHAN HAFIZ FAUZA', 'XI TKRO', '2020/2021', 0, 0, 0, 0, 0, 0, 0, 0, 0, 0, 0, 0, 0, 0, 0, 0),
(291, '10233', 'IRSYAAD BUKHORI AKHROOM', 'XI TKRO', '2020/2021', 0, 0, 0, 0, 0, 0, 0, 0, 0, 0, 0, 0, 0, 0, 0, 0),
(292, '10234', 'IRWAN OKTANDI', 'XI TKRO', '2020/2021', 0, 0, 0, 0, 0, 0, 0, 0, 0, 0, 0, 0, 0, 0, 0, 0),
(293, '10235', 'MUHAMAD ERISTA ADI PRASTYO', 'XI TKRO', '2020/2021', 0, 0, 0, 0, 0, 0, 0, 0, 0, 0, 0, 0, 0, 0, 0, 0),
(294, '10236', 'MUHAMMAD FAJAR NUGROHO', 'XI TKRO', '2020/2021', 0, 0, 0, 0, 0, 0, 0, 0, 0, 0, 0, 0, 0, 0, 0, 0),
(295, '10237', 'MUHAMMAD RANGGA DEWA SAPUTRA', 'XI TKRO', '2020/2021', 0, 0, 0, 0, 0, 0, 0, 0, 0, 0, 0, 0, 0, 0, 0, 0),
(296, '10238', 'MUHARAM DWI NUGROHO', 'XI TKRO', '2020/2021', 0, 0, 0, 0, 0, 0, 0, 0, 0, 0, 0, 0, 0, 0, 0, 0),
(297, '10239', 'NOFAL ALIF PRASETYO NUGROHO', 'XI TKRO', '2020/2021', 0, 0, 0, 0, 0, 0, 0, 0, 0, 0, 0, 0, 0, 0, 0, 0),
(298, '10240', 'NURROHMAN', 'XI TKRO', '2020/2021', 0, 0, 0, 0, 0, 0, 0, 0, 0, 0, 0, 0, 0, 0, 0, 0),
(299, '10241', 'NURZAEN', 'XI TKRO', '2020/2021', 0, 0, 0, 0, 0, 0, 0, 0, 0, 0, 0, 0, 0, 0, 0, 0),
(300, '10242', 'RIAN AMALDI', 'XI TKRO', '2020/2021', 0, 0, 0, 0, 0, 0, 0, 0, 0, 0, 0, 0, 0, 0, 0, 0),
(301, '10243', 'RIDHO FINARA PUTRA', 'XI TKRO', '2020/2021', 0, 0, 0, 0, 0, 0, 0, 0, 0, 0, 0, 0, 0, 0, 0, 0),
(302, '10244', 'RIZKY SUPRIHATIN', 'XI TKRO', '2020/2021', 0, 0, 0, 0, 0, 0, 0, 0, 0, 0, 0, 0, 0, 0, 0, 0),
(303, '10245', 'TOMY HAKEM RIWUT SAGARA', 'XI TKRO', '2020/2021', 0, 0, 0, 0, 0, 0, 0, 0, 0, 0, 0, 0, 0, 0, 0, 0),
(304, '10246', 'TOMY SETIAWAN', 'XI TKRO', '2020/2021', 0, 0, 0, 0, 0, 0, 0, 0, 0, 0, 0, 0, 0, 0, 0, 0),
(305, '10247', 'VIKY NUR ADIATAMA PUTRA', 'XI TKRO', '2020/2021', 0, 0, 0, 0, 0, 0, 0, 0, 0, 0, 0, 0, 0, 0, 0, 0),
(306, '10248', 'YOGA PANGESTU', 'XI TKRO', '2020/2021', 0, 0, 0, 0, 0, 0, 0, 0, 0, 0, 0, 0, 0, 0, 0, 0),
(307, '10091', 'ANITA ANGGRAINI', 'XII AKL 1', '2020/2021', 0, 0, 0, 0, 0, 0, 0, 0, 0, 0, 0, 0, 0, 0, 0, 0),
(308, '10092', 'AULIA RACHMA', 'XII AKL 1', '2020/2021', 0, 0, 0, 0, 0, 0, 0, 0, 0, 0, 0, 0, 0, 0, 0, 0),
(309, '10093', 'DIANA MAYASARI', 'XII AKL 1', '2020/2021', 0, 0, 0, 0, 0, 0, 0, 0, 0, 0, 0, 0, 0, 0, 0, 0),
(310, '10094', 'ERLINA VETI NUGRAHENI', 'XII AKL 1', '2020/2021', 0, 0, 0, 0, 0, 0, 0, 0, 0, 0, 0, 0, 0, 0, 0, 0),
(311, '10095', 'EVIANA NUANSA NUARINDAH', 'XII AKL 1', '2020/2021', 0, 0, 0, 0, 0, 0, 0, 0, 0, 0, 0, 0, 0, 0, 0, 0),
(312, '10097', 'Intan Mutia Sari', 'XII AKL 1', '2020/2021', 0, 0, 0, 0, 0, 0, 0, 0, 0, 0, 0, 0, 0, 0, 0, 0),
(313, '10098', 'Lia Rasita Angelina', 'XII AKL 1', '2020/2021', 0, 0, 0, 0, 0, 0, 0, 0, 0, 0, 0, 0, 0, 0, 0, 0),
(314, '10099', 'LISA CATUR ANANTA', 'XII AKL 1', '2020/2021', 0, 0, 0, 0, 0, 0, 0, 0, 0, 0, 0, 0, 0, 0, 0, 0),
(315, '10100', 'NENENG HIDAYATI', 'XII AKL 1', '2020/2021', 0, 0, 0, 0, 0, 0, 0, 0, 0, 0, 0, 0, 0, 0, 0, 0),
(316, '10101', 'NOVI SAKINAH', 'XII AKL 1', '2020/2021', 0, 0, 0, 0, 0, 0, 0, 0, 0, 0, 0, 0, 0, 0, 0, 0),
(317, '10102', 'Ria Anggraini', 'XII AKL 1', '2020/2021', 0, 0, 0, 0, 0, 0, 0, 0, 0, 0, 0, 0, 0, 0, 0, 0),
(318, '10103', 'RIKA WATI', 'XII AKL 1', '2020/2021', 0, 0, 0, 0, 0, 0, 0, 0, 0, 0, 0, 0, 0, 0, 0, 0),
(319, '10104', 'SALMA ALAIL RAHMA', 'XII AKL 1', '2020/2021', 0, 0, 0, 0, 0, 0, 0, 0, 0, 0, 0, 0, 0, 0, 0, 0),
(320, '10105', 'SELMASYA AIDA RACHMAN', 'XII AKL 1', '2020/2021', 0, 0, 0, 0, 0, 0, 0, 0, 0, 0, 0, 0, 0, 0, 0, 0),
(321, '10106', 'SINDI WARA DITA', 'XII AKL 1', '2020/2021', 0, 0, 0, 0, 0, 0, 0, 0, 0, 0, 0, 0, 0, 0, 0, 0),
(322, '10107', 'TIARA ANGGI MAHARANI', 'XII AKL 1', '2020/2021', 0, 0, 0, 0, 0, 0, 0, 0, 0, 0, 0, 0, 0, 0, 0, 0),
(323, '10108', 'VIAN WIDYASTUTI', 'XII AKL 1', '2020/2021', 0, 0, 0, 0, 0, 0, 0, 0, 0, 0, 0, 0, 0, 0, 0, 0),
(324, '10109', 'Yulia Lestari', 'XII AKL 1', '2020/2021', 0, 0, 0, 0, 0, 0, 0, 0, 0, 0, 0, 0, 0, 0, 0, 0),
(325, '10110', 'Alfadhia Izzata Alkhuzaimah', 'XII AKL 2', '2020/2021', 0, 0, 0, 0, 0, 0, 0, 0, 0, 0, 0, 0, 0, 0, 0, 0),
(326, '10111', 'Amelia', 'XII AKL 2', '2020/2021', 0, 0, 0, 0, 0, 0, 0, 0, 0, 0, 0, 0, 0, 0, 0, 0),
(327, '10112', 'Anggita Nur Cahyani', 'XII AKL 2', '2020/2021', 0, 0, 0, 0, 0, 0, 0, 0, 0, 0, 0, 0, 0, 0, 0, 0),
(328, '10113', 'APRILIA DWI LESTARI', 'XII AKL 2', '2020/2021', 0, 0, 0, 0, 0, 0, 0, 0, 0, 0, 0, 0, 0, 0, 0, 0),
(329, '10114', 'DANING SETIYO ASIH', 'XII AKL 2', '2020/2021', 0, 0, 0, 0, 0, 0, 0, 0, 0, 0, 0, 0, 0, 0, 0, 0),
(330, '10115', 'DECHA WAHYUNINGTYAS', 'XII AKL 2', '2020/2021', 0, 0, 0, 0, 0, 0, 0, 0, 0, 0, 0, 0, 0, 0, 0, 0),
(331, '10116', 'DEWI MARINI', 'XII AKL 2', '2020/2021', 0, 0, 0, 0, 0, 0, 0, 0, 0, 0, 0, 0, 0, 0, 0, 0),
(332, '10117', 'DHILA ERLIN SANTIKA', 'XII AKL 2', '2020/2021', 0, 0, 0, 0, 0, 0, 0, 0, 0, 0, 0, 0, 0, 0, 0, 0),
(333, '10118', 'Firda Nur Khoridah', 'XII AKL 2', '2020/2021', 0, 0, 0, 0, 0, 0, 0, 0, 0, 0, 0, 0, 0, 0, 0, 0),
(334, '10119', 'ISTINA PUJI LESTARI', 'XII AKL 2', '2020/2021', 0, 0, 0, 0, 0, 0, 0, 0, 0, 0, 0, 0, 0, 0, 0, 0),
(335, '10120', 'LIA PRATIWI', 'XII AKL 2', '2020/2021', 0, 0, 0, 0, 0, 0, 0, 0, 0, 0, 0, 0, 0, 0, 0, 0),
(336, '10121', 'Linda Wulandari', 'XII AKL 2', '2020/2021', 0, 0, 0, 0, 0, 0, 0, 0, 0, 0, 0, 0, 0, 0, 0, 0),
(337, '10122', 'Lutfia Mahdalena Putri', 'XII AKL 2', '2020/2021', 0, 0, 0, 0, 0, 0, 0, 0, 0, 0, 0, 0, 0, 0, 0, 0),
(338, '10123', 'MAYAR TRI UTAMI', 'XII AKL 2', '2020/2021', 0, 0, 0, 0, 0, 0, 0, 0, 0, 0, 0, 0, 0, 0, 0, 0),
(339, '10124', 'NABILA NUR MEILIANA', 'XII AKL 2', '2020/2021', 0, 0, 0, 0, 0, 0, 0, 0, 0, 0, 0, 0, 0, 0, 0, 0),
(340, '10125', 'NITA PUSPITANINGRUM', 'XII AKL 2', '2020/2021', 0, 0, 0, 0, 0, 0, 0, 0, 0, 0, 0, 0, 0, 0, 0, 0),
(341, '10126', 'PUTRI AGUS PUSPITANINGRUM', 'XII AKL 2', '2020/2021', 0, 0, 0, 0, 0, 0, 0, 0, 0, 0, 0, 0, 0, 0, 0, 0),
(342, '10127', 'Revina', 'XII AKL 2', '2020/2021', 0, 0, 0, 0, 0, 0, 0, 0, 0, 0, 0, 0, 0, 0, 0, 0),
(343, '10128', 'SIFA HANDAYANI MAY SARAH', 'XII AKL 2', '2020/2021', 0, 0, 0, 0, 0, 0, 0, 0, 0, 0, 0, 0, 0, 0, 0, 0),
(344, '10129', 'Sisca Puspita Putri', 'XII AKL 2', '2020/2021', 0, 0, 0, 0, 0, 0, 0, 0, 0, 0, 0, 0, 0, 0, 0, 0),
(345, '10130', 'TYA ANISA PRATIWI', 'XII AKL 2', '2020/2021', 0, 0, 0, 0, 0, 0, 0, 0, 0, 0, 0, 0, 0, 0, 0, 0),
(346, '10131', 'YESZI SUSILOWATI', 'XII AKL 2', '2020/2021', 0, 0, 0, 0, 0, 0, 0, 0, 0, 0, 0, 0, 0, 0, 0, 0),
(347, '10187', 'ARIYANI INDAH YULIANA', 'XII BDP', '2020/2021', 0, 0, 0, 0, 0, 0, 0, 0, 0, 0, 0, 0, 0, 0, 0, 0),
(348, '10188', 'Diah Tri Utami', 'XII BDP', '2020/2021', 0, 0, 0, 0, 0, 0, 0, 0, 0, 0, 0, 0, 0, 0, 0, 0),
(349, '10189', 'Dian Puspitasari', 'XII BDP', '2020/2021', 0, 0, 0, 0, 0, 0, 0, 0, 0, 0, 0, 0, 0, 0, 0, 0),
(350, '10190', 'EMANIATI', 'XII BDP', '2020/2021', 0, 0, 0, 0, 0, 0, 0, 0, 0, 0, 0, 0, 0, 0, 0, 0),
(351, '10191', 'ERNI ROSITA FEBRIANI', 'XII BDP', '2020/2021', 0, 0, 0, 0, 0, 0, 0, 0, 0, 0, 0, 0, 0, 0, 0, 0),
(352, '10192', 'Galuh Candra Kirana', 'XII BDP', '2020/2021', 0, 0, 0, 0, 0, 0, 0, 0, 0, 0, 0, 0, 0, 0, 0, 0),
(353, '10193', 'IIN MARLINA', 'XII BDP', '2020/2021', 0, 0, 0, 0, 0, 0, 0, 0, 0, 0, 0, 0, 0, 0, 0, 0),
(354, '10194', 'INDAH LESTARI', 'XII BDP', '2020/2021', 0, 0, 0, 0, 0, 0, 0, 0, 0, 0, 0, 0, 0, 0, 0, 0),
(355, '10195', 'IRVAN HAKIM', 'XII BDP', '2020/2021', 0, 0, 0, 0, 0, 0, 0, 0, 0, 0, 0, 0, 0, 0, 0, 0),
(356, '10196', 'MUHAMMAD ARYADI', 'XII BDP', '2020/2021', 0, 0, 0, 0, 0, 0, 0, 0, 0, 0, 0, 0, 0, 0, 0, 0),
(357, '10198', 'Muhammad Aswar Wibowo', 'XII BDP', '2020/2021', 0, 0, 0, 0, 0, 0, 0, 0, 0, 0, 0, 0, 0, 0, 0, 0),
(358, '10200', 'Nur Indah Octavia', 'XII BDP', '2020/2021', 0, 0, 0, 0, 0, 0, 0, 0, 0, 0, 0, 0, 0, 0, 0, 0),
(359, '10201', 'RAMADHANI IRAN SAPUTRI', 'XII BDP', '2020/2021', 0, 0, 0, 0, 0, 0, 0, 0, 0, 0, 0, 0, 0, 0, 0, 0),
(360, '10202', 'RINI ROHMAHWATI', 'XII BDP', '2020/2021', 0, 0, 0, 0, 0, 0, 0, 0, 0, 0, 0, 0, 0, 0, 0, 0),
(361, '10203', 'ROHANI DWI SEPTA SARI', 'XII BDP', '2020/2021', 0, 0, 0, 0, 0, 0, 0, 0, 0, 0, 0, 0, 0, 0, 0, 0),
(362, '10204', 'ROSHANI ASTUTI', 'XII BDP', '2020/2021', 0, 0, 0, 0, 0, 0, 0, 0, 0, 0, 0, 0, 0, 0, 0, 0),
(363, '10205', 'Silvia Setyaningrum', 'XII BDP', '2020/2021', 0, 0, 0, 0, 0, 0, 0, 0, 0, 0, 0, 0, 0, 0, 0, 0),
(364, '10206', 'SINTA AYU LESTARI', 'XII BDP', '2020/2021', 0, 0, 0, 0, 0, 0, 0, 0, 0, 0, 0, 0, 0, 0, 0, 0),
(365, '10207', 'SUPRIHATIN', 'XII BDP', '2020/2021', 0, 0, 0, 0, 0, 0, 0, 0, 0, 0, 0, 0, 0, 0, 0, 0),
(366, '10208', 'Tiana Yuliani', 'XII BDP', '2020/2021', 0, 0, 0, 0, 0, 0, 0, 0, 0, 0, 0, 0, 0, 0, 0, 0),
(367, '10209', 'WAHYU ASIH AIZAH', 'XII BDP', '2020/2021', 0, 0, 0, 0, 0, 0, 0, 0, 0, 0, 0, 0, 0, 0, 0, 0),
(368, '10210', 'WULAN SRI RAHAYU', 'XII BDP', '2020/2021', 0, 0, 0, 0, 0, 0, 0, 0, 0, 0, 0, 0, 0, 0, 0, 0),
(369, '10211', 'YULIA INDAH HERAWATI', 'XII BDP', '2020/2021', 0, 0, 0, 0, 0, 0, 0, 0, 0, 0, 0, 0, 0, 0, 0, 0),
(370, '10132', 'AISYAH YULIANTI', 'XII OTKP 1', '2020/2021', 0, 0, 0, 0, 0, 0, 0, 0, 0, 0, 0, 0, 0, 0, 0, 0),
(371, '10133', 'Ana Dwi Septyani', 'XII OTKP 1', '2020/2021', 0, 0, 0, 0, 0, 0, 0, 0, 0, 0, 0, 0, 0, 0, 0, 0),
(372, '10134', 'ANGGA WAHYU SYAHPUTRA', 'XII OTKP 1', '2020/2021', 0, 0, 0, 0, 0, 0, 0, 0, 0, 0, 0, 0, 0, 0, 0, 0),
(373, '10135', 'Anisa Sri Rahayu', 'XII OTKP 1', '2020/2021', 0, 0, 0, 0, 0, 0, 0, 0, 0, 0, 0, 0, 0, 0, 0, 0),
(374, '10136', 'ARDELLIA ARGYA ARAMINTYA', 'XII OTKP 1', '2020/2021', 0, 0, 0, 0, 0, 0, 0, 0, 0, 0, 0, 0, 0, 0, 0, 0),
(375, '10137', 'ASIH BUDI UTAMI', 'XII OTKP 1', '2020/2021', 0, 0, 0, 0, 0, 0, 0, 0, 0, 0, 0, 0, 0, 0, 0, 0),
(376, '10138', 'Citra Silviana Putri', 'XII OTKP 1', '2020/2021', 0, 0, 0, 0, 0, 0, 0, 0, 0, 0, 0, 0, 0, 0, 0, 0),
(377, '10139', 'DEWI ASTUTI', 'XII OTKP 1', '2020/2021', 0, 0, 0, 0, 0, 0, 0, 0, 0, 0, 0, 0, 0, 0, 0, 0),
(378, '10140', 'DIAH AYU SETYAWATI', 'XII OTKP 1', '2020/2021', 0, 0, 0, 0, 0, 0, 0, 0, 0, 0, 0, 0, 0, 0, 0, 0),
(379, '10141', 'DIMAS TEGAR PRASETYA', 'XII OTKP 1', '2020/2021', 0, 0, 0, 0, 0, 0, 0, 0, 0, 0, 0, 0, 0, 0, 0, 0),
(380, '10142', 'FATIHAH NURUL FITRIYA', 'XII OTKP 1', '2020/2021', 0, 0, 0, 0, 0, 0, 0, 0, 0, 0, 0, 0, 0, 0, 0, 0),
(381, '10143', 'FIKA NINDI KHOIRINA NUR ROHMA', 'XII OTKP 1', '2020/2021', 0, 0, 0, 0, 0, 0, 0, 0, 0, 0, 0, 0, 0, 0, 0, 0),
(382, '10144', 'Heni Setiyaningsih', 'XII OTKP 1', '2020/2021', 0, 0, 0, 0, 0, 0, 0, 0, 0, 0, 0, 0, 0, 0, 0, 0),
(383, '10145', 'HERA WURI SRI PEMBAYUN', 'XII OTKP 1', '2020/2021', 0, 0, 0, 0, 0, 0, 0, 0, 0, 0, 0, 0, 0, 0, 0, 0),
(384, '10146', 'Ira Normalita Sari', 'XII OTKP 1', '2020/2021', 0, 0, 0, 0, 0, 0, 0, 0, 0, 0, 0, 0, 0, 0, 0, 0),
(385, '10147', 'Jena Oktaviani', 'XII OTKP 1', '2020/2021', 0, 0, 0, 0, 0, 0, 0, 0, 0, 0, 0, 0, 0, 0, 0, 0),
(386, '10148', 'Lina Aryani', 'XII OTKP 1', '2020/2021', 0, 0, 0, 0, 0, 0, 0, 0, 0, 0, 0, 0, 0, 0, 0, 0),
(387, '10149', 'NINDA RISTIKA RAMADHANTI', 'XII OTKP 1', '2020/2021', 0, 0, 0, 0, 0, 0, 0, 0, 0, 0, 0, 0, 0, 0, 0, 0),
(388, '10151', 'Putri Anandhita', 'XII OTKP 1', '2020/2021', 0, 0, 0, 0, 0, 0, 0, 0, 0, 0, 0, 0, 0, 0, 0, 0),
(389, '10152', 'Rahayu Setyaningrum', 'XII OTKP 1', '2020/2021', 0, 0, 0, 0, 0, 0, 0, 0, 0, 0, 0, 0, 0, 0, 0, 0),
(390, '10153', 'RIKO RACHMAT PAMBUDI', 'XII OTKP 1', '2020/2021', 0, 0, 0, 0, 0, 0, 0, 0, 0, 0, 0, 0, 0, 0, 0, 0),
(391, '10154', 'Rita Sugiarni', 'XII OTKP 1', '2020/2021', 0, 0, 0, 0, 0, 0, 0, 0, 0, 0, 0, 0, 0, 0, 0, 0),
(392, '10155', 'RIVA HANDAYANI', 'XII OTKP 1', '2020/2021', 0, 0, 0, 0, 0, 0, 0, 0, 0, 0, 0, 0, 0, 0, 0, 0),
(393, '10156', 'Tyas Surya Ningsih', 'XII OTKP 1', '2020/2021', 0, 0, 0, 0, 0, 0, 0, 0, 0, 0, 0, 0, 0, 0, 0, 0),
(394, '10157', 'YULIYANA', 'XII OTKP 1', '2020/2021', 0, 0, 0, 0, 0, 0, 0, 0, 0, 0, 0, 0, 0, 0, 0, 0),
(395, '10158', 'AFSINDA SUSI WINEKE', 'XII OTKP 2', '2020/2021', 0, 0, 0, 0, 0, 0, 0, 0, 0, 0, 0, 0, 0, 0, 0, 0),
(396, '10159', 'ANGELIA PUTRI FEBRIANI', 'XII OTKP 2', '2020/2021', 0, 0, 0, 0, 0, 0, 0, 0, 0, 0, 0, 0, 0, 0, 0, 0),
(397, '10160', 'ANHAR RAHMAT ICHWANTO', 'XII OTKP 2', '2020/2021', 0, 0, 0, 0, 0, 0, 0, 0, 0, 0, 0, 0, 0, 0, 0, 0),
(398, '10161', 'ASTI ARDHILA', 'XII OTKP 2', '2020/2021', 0, 0, 0, 0, 0, 0, 0, 0, 0, 0, 0, 0, 0, 0, 0, 0),
(399, '10162', 'CANTIKA MELATI', 'XII OTKP 2', '2020/2021', 0, 0, 0, 0, 0, 0, 0, 0, 0, 0, 0, 0, 0, 0, 0, 0),
(400, '10163', 'DESTY MUCHINTA WATI', 'XII OTKP 2', '2020/2021', 0, 0, 0, 0, 0, 0, 0, 0, 0, 0, 0, 0, 0, 0, 0, 0),
(401, '10164', 'Devi Catur Pratiwi', 'XII OTKP 2', '2020/2021', 0, 0, 0, 0, 0, 0, 0, 0, 0, 0, 0, 0, 0, 0, 0, 0),
(402, '10165', 'DIKA AYU SEPTIANI', 'XII OTKP 2', '2020/2021', 0, 0, 0, 0, 0, 0, 0, 0, 0, 0, 0, 0, 0, 0, 0, 0),
(403, '10166', 'EFI ELMAWATI', 'XII OTKP 2', '2020/2021', 0, 0, 0, 0, 0, 0, 0, 0, 0, 0, 0, 0, 0, 0, 0, 0),
(404, '10167', 'ERNA YUNITA SARI', 'XII OTKP 2', '2020/2021', 0, 0, 0, 0, 0, 0, 0, 0, 0, 0, 0, 0, 0, 0, 0, 0),
(405, '10168', 'EVI WULANDARI', 'XII OTKP 2', '2020/2021', 0, 0, 0, 0, 0, 0, 0, 0, 0, 0, 0, 0, 0, 0, 0, 0),
(406, '10169', 'GARIK AULIA RAHMANDHANI', 'XII OTKP 2', '2020/2021', 0, 0, 0, 0, 0, 0, 0, 0, 0, 0, 0, 0, 0, 0, 0, 0),
(407, '10171', 'ISNI NADSWA FATIMAH', 'XII OTKP 2', '2020/2021', 0, 0, 0, 0, 0, 0, 0, 0, 0, 0, 0, 0, 0, 0, 0, 0),
(408, '10172', 'ISRA AULIA AMANDA', 'XII OTKP 2', '2020/2021', 0, 0, 0, 0, 0, 0, 0, 0, 0, 0, 0, 0, 0, 0, 0, 0),
(409, '10173', 'KELVIN IRFANO ALAN PRAYITNO', 'XII OTKP 2', '2020/2021', 0, 0, 0, 0, 0, 0, 0, 0, 0, 0, 0, 0, 0, 0, 0, 0),
(410, '10175', 'NOVITA ENDAH SETYAWATI', 'XII OTKP 2', '2020/2021', 0, 0, 0, 0, 0, 0, 0, 0, 0, 0, 0, 0, 0, 0, 0, 0),
(411, '10176', 'RAMA WIJAYA MAHARDHIKA', 'XII OTKP 2', '2020/2021', 0, 0, 0, 0, 0, 0, 0, 0, 0, 0, 0, 0, 0, 0, 0, 0),
(412, '10177', 'RENI FATMAWATI', 'XII OTKP 2', '2020/2021', 0, 0, 0, 0, 0, 0, 0, 0, 0, 0, 0, 0, 0, 0, 0, 0),
(413, '10178', 'RISTY AYU NUR JANNAH', 'XII OTKP 2', '2020/2021', 0, 0, 0, 0, 0, 0, 0, 0, 0, 0, 0, 0, 0, 0, 0, 0),
(414, '10179', 'ROHMAH INNAYAH', 'XII OTKP 2', '2020/2021', 0, 0, 0, 0, 0, 0, 0, 0, 0, 0, 0, 0, 0, 0, 0, 0),
(415, '10180', 'SALLAMA DONA MAULIDA', 'XII OTKP 2', '2020/2021', 0, 0, 0, 0, 0, 0, 0, 0, 0, 0, 0, 0, 0, 0, 0, 0),
(416, '10181', 'SELVIA ARUM BUDIMAN', 'XII OTKP 2', '2020/2021', 0, 0, 0, 0, 0, 0, 0, 0, 0, 0, 0, 0, 0, 0, 0, 0),
(417, '10182', 'SILVIA PUTRI', 'XII OTKP 2', '2020/2021', 0, 0, 0, 0, 0, 0, 0, 0, 0, 0, 0, 0, 0, 0, 0, 0),
(418, '10186', 'YASINTA BUNGA PUSPITA', 'XII OTKP 2', '2020/2021', 0, 0, 0, 0, 0, 0, 0, 0, 0, 0, 0, 0, 0, 0, 0, 0),
(419, '10060', 'ABDUL BASITH ASYSYU`AISA', 'XII TBSM', '2020/2021', 0, 0, 0, 0, 0, 0, 0, 0, 0, 0, 0, 0, 0, 0, 0, 0),
(420, '10061', 'Adam Afisaki Taufikah', 'XII TBSM', '2020/2021', 0, 0, 0, 0, 0, 0, 0, 0, 0, 0, 0, 0, 0, 0, 0, 0),
(421, '10062', 'Adi Prasetya', 'XII TBSM', '2020/2021', 0, 0, 0, 0, 0, 0, 0, 0, 0, 0, 0, 0, 0, 0, 0, 0),
(422, '10063', 'Aditya Bagus Setyawan', 'XII TBSM', '2020/2021', 0, 0, 0, 0, 0, 0, 0, 0, 0, 0, 0, 0, 0, 0, 0, 0),
(423, '10064', 'AFRI AMIRUDIN', 'XII TBSM', '2020/2021', 0, 0, 0, 0, 0, 0, 0, 0, 0, 0, 0, 0, 0, 0, 0, 0),
(424, '10065', 'AHENDRA SUTAMA', 'XII TBSM', '2020/2021', 0, 0, 0, 0, 0, 0, 0, 0, 0, 0, 0, 0, 0, 0, 0, 0),
(425, '10066', 'AJI SETYA PUTRA', 'XII TBSM', '2020/2021', 0, 0, 0, 0, 0, 0, 0, 0, 0, 0, 0, 0, 0, 0, 0, 0),
(426, '10067', 'Ali Irawan', 'XII TBSM', '2020/2021', 0, 0, 0, 0, 0, 0, 0, 0, 0, 0, 0, 0, 0, 0, 0, 0),
(427, '10068', 'Ali Usman', 'XII TBSM', '2020/2021', 0, 0, 0, 0, 0, 0, 0, 0, 0, 0, 0, 0, 0, 0, 0, 0),
(428, '10069', 'Andriyansyah Agustiyanto', 'XII TBSM', '2020/2021', 0, 0, 0, 0, 0, 0, 0, 0, 0, 0, 0, 0, 0, 0, 0, 0),
(429, '10070', 'CAHYO AJI SAPUTRO', 'XII TBSM', '2020/2021', 0, 0, 0, 0, 0, 0, 0, 0, 0, 0, 0, 0, 0, 0, 0, 0),
(430, '10071', 'DAMAR HAPSORO', 'XII TBSM', '2020/2021', 0, 0, 0, 0, 0, 0, 0, 0, 0, 0, 0, 0, 0, 0, 0, 0),
(431, '10072', 'Endarto Putra', 'XII TBSM', '2020/2021', 0, 0, 0, 0, 0, 0, 0, 0, 0, 0, 0, 0, 0, 0, 0, 0),
(432, '10074', 'FITRI UMAR SUALIF', 'XII TBSM', '2020/2021', 0, 0, 0, 0, 0, 0, 0, 0, 0, 0, 0, 0, 0, 0, 0, 0),
(433, '10075', 'Hafid Pramudya', 'XII TBSM', '2020/2021', 0, 0, 0, 0, 0, 0, 0, 0, 0, 0, 0, 0, 0, 0, 0, 0),
(434, '10076', 'ILHAM MARGIYANSYAH', 'XII TBSM', '2020/2021', 0, 0, 0, 0, 0, 0, 0, 0, 0, 0, 0, 0, 0, 0, 0, 0),
(435, '10077', 'JUAN ANDIKA PUTRA', 'XII TBSM', '2020/2021', 0, 0, 0, 0, 0, 0, 0, 0, 0, 0, 0, 0, 0, 0, 0, 0),
(436, '10078', 'Maulana Akbar', 'XII TBSM', '2020/2021', 0, 0, 0, 0, 0, 0, 0, 0, 0, 0, 0, 0, 0, 0, 0, 0),
(437, '10079', 'MUHAMMAD RAFIE', 'XII TBSM', '2020/2021', 0, 0, 0, 0, 0, 0, 0, 0, 0, 0, 0, 0, 0, 0, 0, 0),
(438, '10080', 'MUHAMMAD ZACKY HAKIKI', 'XII TBSM', '2020/2021', 0, 0, 0, 0, 0, 0, 0, 0, 0, 0, 0, 0, 0, 0, 0, 0),
(439, '10081', 'Naufal Fajar Dhiya`ulhaq', 'XII TBSM', '2020/2021', 0, 0, 0, 0, 0, 0, 0, 0, 0, 0, 0, 0, 0, 0, 0, 0),
(440, '10082', 'OKTADENI SETIAWAN', 'XII TBSM', '2020/2021', 0, 0, 0, 0, 0, 0, 0, 0, 0, 0, 0, 0, 0, 0, 0, 0),
(441, '103', 'RAEHAN LIGAR QODARI', 'XII TBSM', '2020/2021', 0, 0, 0, 0, 0, 0, 0, 0, 0, 0, 0, 0, 0, 0, 0, 0),
(442, '10083', 'RAFAEL RIZAL BOY ARMADA', 'XII TBSM', '2020/2021', 0, 0, 0, 0, 0, 0, 0, 0, 0, 0, 0, 0, 0, 0, 0, 0),
(443, '10084', 'RIFKI ANTO HERMAWAN', 'XII TBSM', '2020/2021', 0, 0, 0, 0, 0, 0, 0, 0, 0, 0, 0, 0, 0, 0, 0, 0),
(444, '10085', 'RINO TAJI APRILYAN', 'XII TBSM', '2020/2021', 0, 0, 0, 0, 0, 0, 0, 0, 0, 0, 0, 0, 0, 0, 0, 0),
(445, '10086', 'RISKY EKA PRASETYO', 'XII TBSM', '2020/2021', 0, 0, 0, 0, 0, 0, 0, 0, 0, 0, 0, 0, 0, 0, 0, 0),
(446, '10087', 'Rizki Akbar', 'XII TBSM', '2020/2021', 0, 0, 0, 0, 0, 0, 0, 0, 0, 0, 0, 0, 0, 0, 0, 0),
(447, '10088', 'SEPTIYAN HIDAYANTO', 'XII TBSM', '2020/2021', 0, 0, 0, 0, 0, 0, 0, 0, 0, 0, 0, 0, 0, 0, 0, 0),
(448, '9988', 'AGUS PURWANTO', 'XII TKRO 1', '2020/2021', 2, 100000, 100000, 100000, 100000, 100000, 100000, 100000, 100000, 100000, 100000, 100000, 0, 0, 0, 1100000),
(449, '9989', 'AHMAD AGUS SETIAWAN', 'XII TKRO 1', '2020/2021', 1, 100000, 100000, 100000, 100000, 100000, 100000, 100000, 100000, 100000, 100000, 100000, 0, 0, 0, 1100000),
(450, '9990', 'AHMAD BANAR LISBOWO', 'XII TKRO 1', '2020/2021', 0, 0, 0, 0, 0, 0, 0, 0, 0, 0, 0, 0, 0, 0, 0, 0),
(451, '9991', 'Alfi Sihabbudin', 'XII TKRO 1', '2020/2021', 0, 0, 0, 0, 0, 0, 0, 0, 0, 0, 0, 0, 0, 0, 0, 0),
(452, '9992', 'ALFI SYAWALUDIN', 'XII TKRO 1', '2020/2021', 0, 0, 0, 0, 0, 0, 0, 0, 0, 0, 0, 0, 0, 0, 0, 0),
(453, '9993', 'Arum Prabowo', 'XII TKRO 1', '2020/2021', 0, 0, 0, 0, 0, 0, 0, 0, 0, 0, 0, 0, 0, 0, 0, 0),
(454, '9994', 'ARYA WAHYU NUGROHO', 'XII TKRO 1', '2020/2021', 0, 0, 0, 0, 0, 0, 0, 0, 0, 0, 0, 0, 0, 0, 0, 0),
(455, '9995', 'Aziz Hanafi', 'XII TKRO 1', '2020/2021', 0, 0, 0, 0, 0, 0, 0, 0, 0, 0, 0, 0, 0, 0, 0, 0),
(456, '9996', 'Bayu Setiawan', 'XII TKRO 1', '2020/2021', 0, 0, 0, 0, 0, 0, 0, 0, 0, 0, 0, 0, 0, 0, 0, 0),
(457, '9997', 'BIMA GALIH SAPUTRA', 'XII TKRO 1', '2020/2021', 0, 0, 0, 0, 0, 0, 0, 0, 0, 0, 0, 0, 0, 0, 0, 0),
(458, '9998', 'BINTANG SETO', 'XII TKRO 1', '2020/2021', 0, 0, 0, 0, 0, 0, 0, 0, 0, 0, 0, 0, 0, 0, 0, 0),
(459, '9999', 'David Rezki Pargita', 'XII TKRO 1', '2020/2021', 0, 0, 0, 0, 0, 0, 0, 0, 0, 0, 0, 0, 0, 0, 0, 0),
(460, '10000', 'DERI NOVERICO', 'XII TKRO 1', '2020/2021', 0, 0, 0, 0, 0, 0, 0, 0, 0, 0, 0, 0, 0, 0, 0, 0);
INSERT INTO `bendahara_master` (`id`, `nis`, `nama_siswa`, `kelas`, `tp`, `bln`, `tunggakan`, `spp_praktek`, `daftar_ulang`, `pas`, `dpp_muh`, `gedung`, `ukk`, `usek_akm`, `sukses_akm`, `wisuda`, `wakaf`, `pkl`, `pat`, `seragam`, `jumlah`) VALUES
(461, '10001', 'Dimas Aditya Permadi', 'XII TKRO 1', '2020/2021', 0, 0, 0, 0, 0, 0, 0, 0, 0, 0, 0, 0, 0, 0, 0, 0),
(462, '10002', 'Donny Aji Wahyu Ardhana', 'XII TKRO 1', '2020/2021', 0, 0, 0, 0, 0, 0, 0, 0, 0, 0, 0, 0, 0, 0, 0, 0),
(463, '10003', 'Fais Sukisno', 'XII TKRO 1', '2020/2021', 0, 0, 0, 0, 0, 0, 0, 0, 0, 0, 0, 0, 0, 0, 0, 0),
(464, '10004', 'IVAN ALDIANSYAH', 'XII TKRO 1', '2020/2021', 0, 0, 0, 0, 0, 0, 0, 0, 0, 0, 0, 0, 0, 0, 0, 0),
(465, '10005', 'KURNIAWAN AZIS', 'XII TKRO 1', '2020/2021', 0, 0, 0, 0, 0, 0, 0, 0, 0, 0, 0, 0, 0, 0, 0, 0),
(466, '10006', 'MA`RUF BAYU AJI', 'XII TKRO 1', '2020/2021', 0, 0, 0, 0, 0, 0, 0, 0, 0, 0, 0, 0, 0, 0, 0, 0),
(467, '10007', 'MAULANA MALIK AKASAH', 'XII TKRO 1', '2020/2021', 0, 0, 0, 0, 0, 0, 0, 0, 0, 0, 0, 0, 0, 0, 0, 0),
(468, '10008', 'Moh. Rendi Agus Wibowo', 'XII TKRO 1', '2020/2021', 0, 0, 0, 0, 0, 0, 0, 0, 0, 0, 0, 0, 0, 0, 0, 0),
(469, '10009', 'MUHAMAD AKBAR', 'XII TKRO 1', '2020/2021', 0, 0, 0, 0, 0, 0, 0, 0, 0, 0, 0, 0, 0, 0, 0, 0),
(470, '10010', 'MUHAMMAD BAIHAQQI', 'XII TKRO 1', '2020/2021', 0, 0, 0, 0, 0, 0, 0, 0, 0, 0, 0, 0, 0, 0, 0, 0),
(471, '10011', 'MUHAMMAD INDRA SUSANTO', 'XII TKRO 1', '2020/2021', 0, 0, 0, 0, 0, 0, 0, 0, 0, 0, 0, 0, 0, 0, 0, 0),
(472, '10012', 'MUHAMMAD MALIK AMRULLOH', 'XII TKRO 1', '2020/2021', 0, 0, 0, 0, 0, 0, 0, 0, 0, 0, 0, 0, 0, 0, 0, 0),
(473, '10013', 'Nurrahman', 'XII TKRO 1', '2020/2021', 0, 0, 0, 0, 0, 0, 0, 0, 0, 0, 0, 0, 0, 0, 0, 0),
(474, '10014', 'PANDJI RIDHO ABADI', 'XII TKRO 1', '2020/2021', 0, 0, 0, 0, 0, 0, 0, 0, 0, 0, 0, 0, 0, 0, 0, 0),
(475, '1015', 'Rahmat Wahyu Aji', 'XII TKRO 1', '2020/2021', 0, 0, 0, 0, 0, 0, 0, 0, 0, 0, 0, 0, 0, 0, 0, 0),
(476, '10015', 'RAYHAN PANJI PRATAMA', 'XII TKRO 1', '2020/2021', 0, 0, 0, 0, 0, 0, 0, 0, 0, 0, 0, 0, 0, 0, 0, 0),
(477, '10016', 'RIO BAGAS HENDIKA', 'XII TKRO 1', '2020/2021', 0, 0, 0, 0, 0, 0, 0, 0, 0, 0, 0, 0, 0, 0, 0, 0),
(478, '10017', 'ROY SADEWA', 'XII TKRO 1', '2020/2021', 0, 0, 0, 0, 0, 0, 0, 0, 0, 0, 0, 0, 0, 0, 0, 0),
(479, '10018', 'ROZY MOHTARUDIN', 'XII TKRO 1', '2020/2021', 0, 0, 0, 0, 0, 0, 0, 0, 0, 0, 0, 0, 0, 0, 0, 0),
(480, '10019', 'SHIDIQ BUDI EFFENDY', 'XII TKRO 1', '2020/2021', 0, 0, 0, 0, 0, 0, 0, 0, 0, 0, 0, 0, 0, 0, 0, 0),
(481, '10020', 'Wendy Prasetyo', 'XII TKRO 1', '2020/2021', 0, 0, 0, 0, 0, 0, 0, 0, 0, 0, 0, 0, 0, 0, 0, 0),
(482, '10021', 'Zumintyas Aliful Sidiq', 'XII TKRO 1', '2020/2021', 0, 0, 0, 0, 0, 0, 0, 0, 0, 0, 0, 0, 0, 0, 0, 0),
(483, '10024', 'A`AN STABILILLAH', 'XII TKRO 2', '2020/2021', 0, 0, 0, 0, 0, 0, 0, 0, 0, 0, 0, 0, 0, 0, 0, 0),
(484, '10025', 'AGUNG DWI SAPUTRA', 'XII TKRO 2', '2020/2021', 0, 0, 0, 0, 0, 0, 0, 0, 0, 0, 0, 0, 0, 0, 0, 0),
(485, '10026', 'ALFI KURNIAWAN', 'XII TKRO 2', '2020/2021', 0, 0, 0, 0, 0, 0, 0, 0, 0, 0, 0, 0, 0, 0, 0, 0),
(486, '10027', 'ALFIYAN MUBAROK', 'XII TKRO 2', '2020/2021', 0, 0, 0, 0, 0, 0, 0, 0, 0, 0, 0, 0, 0, 0, 0, 0),
(487, '10028', 'Ari Agus Susanto', 'XII TKRO 2', '2020/2021', 0, 0, 0, 0, 0, 0, 0, 0, 0, 0, 0, 0, 0, 0, 0, 0),
(488, '10029', 'AZZURA FREDY KURNIAWAN', 'XII TKRO 2', '2020/2021', 0, 0, 0, 0, 0, 0, 0, 0, 0, 0, 0, 0, 0, 0, 0, 0),
(489, '10031', 'BASTIAN RAMADHAN', 'XII TKRO 2', '2020/2021', 0, 0, 0, 0, 0, 0, 0, 0, 0, 0, 0, 0, 0, 0, 0, 0),
(490, '10032', 'BIMO AJI BIMANTORO', 'XII TKRO 2', '2020/2021', 0, 0, 0, 0, 0, 0, 0, 0, 0, 0, 0, 0, 0, 0, 0, 0),
(491, '10033', 'BRAMANDITA ARTHUR LAMARA', 'XII TKRO 2', '2020/2021', 0, 0, 0, 0, 0, 0, 0, 0, 0, 0, 0, 0, 0, 0, 0, 0),
(492, '10034', 'BUDI PRASETYO', 'XII TKRO 2', '2020/2021', 0, 0, 0, 0, 0, 0, 0, 0, 0, 0, 0, 0, 0, 0, 0, 0),
(493, '10035', 'CATUR BUDI UTOMO', 'XII TKRO 2', '2020/2021', 0, 0, 0, 0, 0, 0, 0, 0, 0, 0, 0, 0, 0, 0, 0, 0),
(494, '10036', 'Eko Candra Saputra', 'XII TKRO 2', '2020/2021', 0, 0, 0, 0, 0, 0, 0, 0, 0, 0, 0, 0, 0, 0, 0, 0),
(495, '10073', 'FENDI DWI YULIANTO', 'XII TKRO 2', '2020/2021', 0, 0, 0, 0, 0, 0, 0, 0, 0, 0, 0, 0, 0, 0, 0, 0),
(496, '10038', 'Feri Firmawan', 'XII TKRO 2', '2020/2021', 0, 0, 0, 0, 0, 0, 0, 0, 0, 0, 0, 0, 0, 0, 0, 0),
(497, '10039', 'FIMA SYAHRUL', 'XII TKRO 2', '2020/2021', 0, 0, 0, 0, 0, 0, 0, 0, 0, 0, 0, 0, 0, 0, 0, 0),
(498, '10040', 'GALIH TEGAR TEJA KUSUMA', 'XII TKRO 2', '2020/2021', 0, 0, 0, 0, 0, 0, 0, 0, 0, 0, 0, 0, 0, 0, 0, 0),
(499, '10041', 'HAFID AMRILA', 'XII TKRO 2', '2020/2021', 0, 0, 0, 0, 0, 0, 0, 0, 0, 0, 0, 0, 0, 0, 0, 0),
(500, '10043', 'ISNAN NUR HAKIM', 'XII TKRO 2', '2020/2021', 0, 0, 0, 0, 0, 0, 0, 0, 0, 0, 0, 0, 0, 0, 0, 0),
(501, '10044', 'MALIK WIBOWO', 'XII TKRO 2', '2020/2021', 0, 0, 0, 0, 0, 0, 0, 0, 0, 0, 0, 0, 0, 0, 0, 0),
(502, '10045', 'Mario Anas Saputra', 'XII TKRO 2', '2020/2021', 0, 0, 0, 0, 0, 0, 0, 0, 0, 0, 0, 0, 0, 0, 0, 0),
(503, '10174', 'Miladiyah Venni Widiyana', 'XII TKRO 2', '2020/2021', 0, 0, 0, 0, 0, 0, 0, 0, 0, 0, 0, 0, 0, 0, 0, 0),
(504, '10046', 'MUHAMMAD GHAUSYA PRAJA', 'XII TKRO 2', '2020/2021', 0, 0, 0, 0, 0, 0, 0, 0, 0, 0, 0, 0, 0, 0, 0, 0),
(505, '10047', 'MUHAMMAD IQBAL SAPUTRA', 'XII TKRO 2', '2020/2021', 0, 0, 0, 0, 0, 0, 0, 0, 0, 0, 0, 0, 0, 0, 0, 0),
(506, '10048', 'MUSTAKA SAKTI YUDHA', 'XII TKRO 2', '2020/2021', 0, 0, 0, 0, 0, 0, 0, 0, 0, 0, 0, 0, 0, 0, 0, 0),
(507, '10049', 'Nisa Lasita', 'XII TKRO 2', '2020/2021', 0, 0, 0, 0, 0, 0, 0, 0, 0, 0, 0, 0, 0, 0, 0, 0),
(508, '10050', 'Peni Paridiaswati', 'XII TKRO 2', '2020/2021', 0, 0, 0, 0, 0, 0, 0, 0, 0, 0, 0, 0, 0, 0, 0, 0),
(509, '10051', 'Rahmat Ajis', 'XII TKRO 2', '2020/2021', 0, 0, 0, 0, 0, 0, 0, 0, 0, 0, 0, 0, 0, 0, 0, 0),
(510, '10053', 'Reno Macheleano', 'XII TKRO 2', '2020/2021', 0, 0, 0, 0, 0, 0, 0, 0, 0, 0, 0, 0, 0, 0, 0, 0),
(511, '10055', 'SOTYA MARHENI', 'XII TKRO 2', '2020/2021', 0, 0, 0, 0, 0, 0, 0, 0, 0, 0, 0, 0, 0, 0, 0, 0),
(512, '10056', 'Teguh Kurniawan', 'XII TKRO 2', '2020/2021', 0, 0, 0, 0, 0, 0, 0, 0, 0, 0, 0, 0, 0, 0, 0, 0),
(513, '10057', 'VERDIAN BERTA PRATAMA', 'XII TKRO 2', '2020/2021', 0, 0, 0, 0, 0, 0, 0, 0, 0, 0, 0, 0, 0, 0, 0, 0),
(514, '10058', 'YUDIES APRIYANTO', 'XII TKRO 2', '2020/2021', 0, 0, 0, 0, 0, 0, 0, 0, 0, 0, 0, 0, 0, 0, 0, 0),
(515, '10059', 'ZACKY ARDIANSYAH', 'XII TKRO 2', '2020/2021', 0, 0, 0, 0, 0, 0, 0, 0, 0, 0, 0, 0, 0, 0, 0, 0);

-- --------------------------------------------------------

--
-- Struktur dari tabel `master`
--

CREATE TABLE `master` (
  `id` int(11) NOT NULL,
  `name` varchar(128) NOT NULL,
  `email` varchar(128) NOT NULL,
  `jurusan` int(11) NOT NULL,
  `nis` varchar(128) NOT NULL,
  `kelas` varchar(128) NOT NULL,
  `nama_instansi` varchar(128) NOT NULL,
  `alamat_instansi` varchar(128) NOT NULL,
  `email_website_instansi` varchar(128) NOT NULL,
  `telp_instansi` varchar(128) NOT NULL,
  `nama_pejabat` varchar(128) NOT NULL,
  `no_pejabat` varchar(128) NOT NULL,
  `jabatan` varchar(128) NOT NULL,
  `telp_pejabat` varchar(128) NOT NULL,
  `email_pejabat` varchar(128) NOT NULL,
  `no_sertifikat` varchar(128) NOT NULL,
  `guru_pendamping` varchar(128) NOT NULL,
  `hp_pendamping` varchar(128) NOT NULL,
  `nilai_1` varchar(3) NOT NULL,
  `nilai_2` varchar(3) NOT NULL,
  `nilai_3` varchar(3) NOT NULL,
  `nilai_4` varchar(3) NOT NULL,
  `nilai_5` varchar(3) NOT NULL,
  `nilai_6` varchar(3) NOT NULL,
  `nilai_7` varchar(3) NOT NULL,
  `nilai_8` varchar(3) NOT NULL,
  `nilai_9` varchar(3) NOT NULL,
  `nilai_10` varchar(3) NOT NULL,
  `nilai_11` varchar(3) NOT NULL,
  `tp` varchar(25) NOT NULL,
  `mulai_pkl` varchar(128) NOT NULL,
  `selesai_pkl` varchar(128) NOT NULL,
  `tgl_cetak` varchar(128) NOT NULL,
  `verifikasi` varchar(128) NOT NULL
) ENGINE=InnoDB DEFAULT CHARSET=utf8mb4;

--
-- Dumping data untuk tabel `master`
--

INSERT INTO `master` (`id`, `name`, `email`, `jurusan`, `nis`, `kelas`, `nama_instansi`, `alamat_instansi`, `email_website_instansi`, `telp_instansi`, `nama_pejabat`, `no_pejabat`, `jabatan`, `telp_pejabat`, `email_pejabat`, `no_sertifikat`, `guru_pendamping`, `hp_pendamping`, `nilai_1`, `nilai_2`, `nilai_3`, `nilai_4`, `nilai_5`, `nilai_6`, `nilai_7`, `nilai_8`, `nilai_9`, `nilai_10`, `nilai_11`, `tp`, `mulai_pkl`, `selesai_pkl`, `tgl_cetak`, `verifikasi`) VALUES
(1, 'Agus Purwanto', 'agus_purwanto@smkmuhkarangmojo.sch.id', 4, '9988', '', 'Bengkel Mobil Wulansari', 'Gedungsari, Wonosari', '-', '-', 'Widodo', '-', 'Personalia', '-', '-', '-', '', '', 'B', 'B', 'B', 'B', '75', '75', '75', '80', '80', '', '', '2019/2020', '02 Januari 2020', '30 Maret 2020', 'Gunungkidul, 20 Maret 2020\r', 'Belum Verifikasi'),
(2, 'Angelia Putri Febriani', 'angelia_febriani@smkmuhkarangmojo.sch.id', 7, '9993', '', '-', '-', '', '', '-', '', '-', '', '', '', '', '', 'B', 'B', 'C', 'B', '85', '87', '88', '87', '-', '', '', '2019/2020', '02 Januari 2020', '30 Maret 2020', 'Gunungkidul, 20 Maret 2020\r', 'Belum Verifikasi'),
(3, 'Arum Prabowo', 'arum_prabowo@smkmuhkarangmojo.sch.id', 4, '9993', '', 'Bengkel Mobil Wulansari', 'Gedungsari, Wonosari', '-', '-', 'Widodo', '-', 'Personalia', '-', '-', '-', '', '', 'B', 'B', 'B', 'B', '75', '75', '75', '80', '80', '', '', '2019/2020', '02 Januari 2020', '30 Maret 2020', 'Gunungkidul, 20 Maret 2020\r', 'Belum Verifikasi'),
(4, 'Miladiyah Venni Widiyana', 'miladiyah_widiyana@smkmuhkarangmojo.sch.id', 4, '10174', '', 'Bengkel Mobil Hadi Motor', 'Gudang, Kampung, Ngawen, Gunungkidul', '-', '81328566966', 'Riswaanto', '-', 'Personalia', '81328566966', '-', '-', '', '', 'B', 'B', 'B', 'B', '80', '80', '85', '85', '85', '', '', '2019/2020', '02 Januari 2020', '30 Maret 2020', 'Gunungkidul, 20 Maret 2020\r', 'Belum Verifikasi'),
(5, 'Raehan Lidgar Qodri', 'raehan_qodari@smkmuhkarangmojo.sch.id', 5, '10089', '', 'Dika Motor', 'Gedangan 3 RT 03 RW 05', '-', '0831 2546 9285', 'Ibnu Setyo Gunawan', '3,40E+15', 'Personalia', '083 125 469 285', '-', '-', '', '', 'A', 'B', 'B', 'A', '80', '75', '90', '90', '95', '', '', '2019/2020', '02 Januari 2020', '30 Maret 2020', 'Gunungkidul, 20 Maret 2020\r', 'Belum Verifikasi'),
(6, 'Dhila Erlin Santika', 'dhila_santika@smkmuhkarangmojo.sch.id', 6, '10117', '', 'Koperasi Jasa Keuangan Syariah Permata', 'JL. Wonosari - Karangmojo KM 2 Karangmojo, Gunungkidul', '-', '0274 2901637', 'Tukiyat, SE.', '-', 'Manager KJKS Permata', '87739339908', '-', '17/KJKS-PER/SERT/V/2020', '', '', 'B', 'B', 'A', 'A', '85', '80', '85', '90', '80', '', '', '2019/2020', '02 Januari 2020', '30 Maret 2020', 'Gunungkidul, 20 Maret 2020\r', 'Belum Verifikasi'),
(7, 'DIAH TRI UTAMI', 'diah_utami@smkmuhkarangmojo.sch.id', 8, '10188', '', 'UD. Amalia', 'Jl. Tambakromo, Pati, Genjahan, Ponjong', 'ariswinataponjong@gmail.com', '87738562243', 'Ariswinata SKM., MM.', '-', 'Pimpinan UD. Amalia', '87738562243', 'ariswinataponjong@gmail.com', '01/04/AMALIA/20', '', '', 'A', 'A', 'B', 'A', '80', '90', '85', '85', '80', '80', '85', '2019/2020', '02 Januari 2020', '30 Maret 2020', 'Gunungkidul, 20 Maret 2020\r', 'Belum Verifikasi'),
(8, 'AIDA RACHMAN', 'selmasya_rachman@smkmuhkarangmojo.sch.id', 6, '', '', '', '', '', '', '', '', '', '', '', '', '', '', '', '', '', '', '', '', '', '', '', '', '', '2019/2020', '02 Januari 2020', '30 Maret 2020', 'Gunungkidul, 20 Maret 2020\r', 'Belum Verifikasi'),
(9, 'ALAIL RAHMA', 'salma_rahma@smkmuhkarangmojo.sch.id', 6, '', '', '', '', '', '', '', '', '', '', '', '', '', '', '', '', '', '', '', '', '', '', '', '', '', '2019/2020', '02 Januari 2020', '30 Maret 2020', 'Gunungkidul, 20 Maret 2020\r', 'Belum Verifikasi'),
(10, 'ANGGI MAHARANI', 'tiara_maharani@smkmuhkarangmojo.sch.id', 6, '', '', '', '', '', '', '', '', '', '', '', '', '', '', '', '', '', '', '', '', '', '', '', '', '', '2019/2020', '02 Januari 2020', '30 Maret 2020', 'Gunungkidul, 20 Maret 2020\r', 'Belum Verifikasi'),
(11, 'ANGGRAINI', 'anita_anggraini@smkmuhkarangmojo.sch.id', 6, '', '', '', '', '', '', '', '', '', '', '', '', '', '', '', '', '', '', '', '', '', '', '', '', '', '2019/2020', '02 Januari 2020', '30 Maret 2020', 'Gunungkidul, 20 Maret 2020\r', 'Belum Verifikasi'),
(12, 'Anggraini', 'ria_anggraini@smkmuhkarangmojo.sch.id', 6, '', '', '', '', '', '', '', '', '', '', '', '', '', '', '', '', '', '', '', '', '', '', '', '', '', '2019/2020', '02 Januari 2020', '30 Maret 2020', 'Gunungkidul, 20 Maret 2020\r', 'Belum Verifikasi'),
(13, 'CATUR ANANTA', 'lisa_ananta@smkmuhkarangmojo.sch.id', 6, '', '', '', '', '', '', '', '', '', '', '', '', '', '', '', '', '', '', '', '', '', '', '', '', '', '2019/2020', '02 Januari 2020', '30 Maret 2020', 'Gunungkidul, 20 Maret 2020\r', 'Belum Verifikasi'),
(14, 'HIDAYATI', 'neneng_hidayati@smkmuhkarangmojo.sch.id', 6, '', '', '', '', '', '', '', '', '', '', '', '', '', '', '', '', '', '', '', '', '', '', '', '', '', '2019/2020', '02 Januari 2020', '30 Maret 2020', 'Gunungkidul, 20 Maret 2020\r', 'Belum Verifikasi'),
(15, 'Lestari', 'yulia_lestari@smkmuhkarangmojo.sch.id', 6, '', '', '', '', '', '', '', '', '', '', '', '', '', '', '', '', '', '', '', '', '', '', '', '', '', '2019/2020', '02 Januari 2020', '30 Maret 2020', 'Gunungkidul, 20 Maret 2020\r', 'Belum Verifikasi'),
(16, 'MAYASARI', 'diana_mayasari@smkmuhkarangmojo.sch.id', 6, '', '', '', '', '', '', '', '', '', '', '', '', '', '', '', '', '', '', '', '', '', '', '', '', '', '2019/2020', '02 Januari 2020', '30 Maret 2020', 'Gunungkidul, 20 Maret 2020\r', 'Belum Verifikasi'),
(17, 'Mutia Sari', 'intan_sari@smkmuhkarangmojo.sch.id', 6, '', '', '', '', '', '', '', '', '', '', '', '', '', '', '', '', '', '', '', '', '', '', '', '', '', '2019/2020', '02 Januari 2020', '30 Maret 2020', 'Gunungkidul, 20 Maret 2020\r', 'Belum Verifikasi'),
(18, 'NUANSA NUARINDAH', 'eviana_nuarindah@smkmuhkarangmojo.sch.id', 6, '', '', '', '', '', '', '', '', '', '', '', '', '', '', '', '', '', '', '', '', '', '', '', '', '', '2019/2020', '02 Januari 2020', '30 Maret 2020', 'Gunungkidul, 20 Maret 2020\r', 'Belum Verifikasi'),
(19, 'RACHMA', 'aulia_rachma@smkmuhkarangmojo.sch.id', 6, '', '', '', '', '', '', '', '', '', '', '', '', '', '', '', '', '', '', '', '', '', '', '', '', '', '2019/2020', '02 Januari 2020', '30 Maret 2020', 'Gunungkidul, 20 Maret 2020\r', 'Belum Verifikasi'),
(20, 'Rasita Angelina', 'lia_angelina@smkmuhkarangmojo.sch.id', 6, '', '', '', '', '', '', '', '', '', '', '', '', '', '', '', '', '', '', '', '', '', '', '', '', '', '2019/2020', '02 Januari 2020', '30 Maret 2020', 'Gunungkidul, 20 Maret 2020\r', 'Belum Verifikasi'),
(21, 'SAKINAH', 'novi_sakinah@smkmuhkarangmojo.sch.id', 6, '', '', '', '', '', '', '', '', '', '', '', '', '', '', '', '', '', '', '', '', '', '', '', '', '', '2019/2020', '02 Januari 2020', '30 Maret 2020', 'Gunungkidul, 20 Maret 2020\r', 'Belum Verifikasi'),
(22, 'VETI NUGRAHENI', 'erlina_nugraheni@smkmuhkarangmojo.sch.id', 6, '', '', '', '', '', '', '', '', '', '', '', '', '', '', '', '', '', '', '', '', '', '', '', '', '', '2019/2020', '02 Januari 2020', '30 Maret 2020', 'Gunungkidul, 20 Maret 2020\r', 'Belum Verifikasi'),
(23, 'WARA DITA', 'sindi_dita@smkmuhkarangmojo.sch.id', 6, '', '', '', '', '', '', '', '', '', '', '', '', '', '', '', '', '', '', '', '', '', '', '', '', '', '2019/2020', '02 Januari 2020', '30 Maret 2020', 'Gunungkidul, 20 Maret 2020\r', 'Belum Verifikasi'),
(24, 'WATI', 'rika_wati@smkmuhkarangmojo.sch.id', 6, '', '', '', '', '', '', '', '', '', '', '', '', '', '', '', '', '', '', '', '', '', '', '', '', '', '2019/2020', '02 Januari 2020', '30 Maret 2020', 'Gunungkidul, 20 Maret 2020\r', 'Belum Verifikasi'),
(25, 'WIDYASTUTI', 'vian_widyastuti@smkmuhkarangmojo.sch.id', 6, '', '', '', '', '', '', '', '', '', '', '', '', '', '', '', '', '', '', '', '', '', '', '', '', '', '2019/2020', '02 Januari 2020', '30 Maret 2020', 'Gunungkidul, 20 Maret 2020\r', 'Belum Verifikasi'),
(26, 'ALFADHIA', 'alfadhia_khuzaimah@smkmuhkarangmojo.sch.id', 6, '', '', '', '', '', '', '', '', '', '', '', '', '', '', '', '', '', '', '', '', '', '', '', '', '', '2019/2020', '02 Januari 2020', '30 Maret 2020', 'Gunungkidul, 20 Maret 2020\r', 'Belum Verifikasi'),
(27, 'Alfadhia', 'alfadhia_alkhuzaimah@smkmuhkarangmojo.sch.id', 6, '', '', '', '', '', '', '', '', '', '', '', '', '', '', '', '', '', '', '', '', '', '', '', '', '', '2019/2020', '02 Januari 2020', '30 Maret 2020', 'Gunungkidul, 20 Maret 2020\r', 'Belum Verifikasi'),
(28, 'Amelia', 'amelia_amelia@smkmuhkarangmojo.sch.id', 6, '', '', '', '', '', '', '', '', '', '', '', '', '', '', '', '', '', '', '', '', '', '', '', '', '', '2019/2020', '02 Januari 2020', '30 Maret 2020', 'Gunungkidul, 20 Maret 2020\r', 'Belum Verifikasi'),
(29, 'Anggita', 'anggita_cahyani@smkmuhkarangmojo.sch.id', 6, '', '', '', '', '', '', '', '', '', '', '', '', '', '', '', '', '', '', '', '', '', '', '', '', '', '2019/2020', '02 Januari 2020', '30 Maret 2020', 'Gunungkidul, 20 Maret 2020\r', 'Belum Verifikasi'),
(30, 'APRILIA', 'aprilia_lestari@smkmuhkarangmojo.sch.id', 6, '', '', '', '', '', '', '', '', '', '', '', '', '', '', '', '', '', '', '', '', '', '', '', '', '', '2019/2020', '02 Januari 2020', '30 Maret 2020', 'Gunungkidul, 20 Maret 2020\r', 'Belum Verifikasi'),
(31, 'DANING', 'daning_asih@smkmuhkarangmojo.sch.id', 6, '', '', '', '', '', '', '', '', '', '', '', '', '', '', '', '', '', '', '', '', '', '', '', '', '', '2019/2020', '02 Januari 2020', '30 Maret 2020', 'Gunungkidul, 20 Maret 2020\r', 'Belum Verifikasi'),
(32, 'DECHA', 'decha_wahyuningtyas@smkmuhkarangmojo.sch.id', 6, '', '', '', '', '', '', '', '', '', '', '', '', '', '', '', '', '', '', '', '', '', '', '', '', '', '2019/2020', '02 Januari 2020', '30 Maret 2020', 'Gunungkidul, 20 Maret 2020\r', 'Belum Verifikasi'),
(33, 'DEWI', 'dewi_marini@smkmuhkarangmojo.sch.id', 6, '', '', '', '', '', '', '', '', '', '', '', '', '', '', '', '', '', '', '', '', '', '', '', '', '', '2019/2020', '02 Januari 2020', '30 Maret 2020', 'Gunungkidul, 20 Maret 2020\r', 'Belum Verifikasi'),
(34, 'DHILA', 'dhila_santika@smkmuhkarangmojo.sch.id', 6, '', '', '', '', '', '', '', '', '', '', '', '', '', '', '', '', '', '', '', '', '', '', '', '', '', '2019/2020', '02 Januari 2020', '30 Maret 2020', 'Gunungkidul, 20 Maret 2020\r', 'Belum Verifikasi'),
(35, 'Firda', 'firda_khoridah@smkmuhkarangmojo.sch.id', 6, '', '', '', '', '', '', '', '', '', '', '', '', '', '', '', '', '', '', '', '', '', '', '', '', '', '2019/2020', '02 Januari 2020', '30 Maret 2020', 'Gunungkidul, 20 Maret 2020\r', 'Belum Verifikasi'),
(36, 'ISTINA', 'istina_lestari@smkmuhkarangmojo.sch.id', 6, '', '', '', '', '', '', '', '', '', '', '', '', '', '', '', '', '', '', '', '', '', '', '', '', '', '2019/2020', '02 Januari 2020', '30 Maret 2020', 'Gunungkidul, 20 Maret 2020\r', 'Belum Verifikasi'),
(37, 'LIA', 'lia_pratiwi@smkmuhkarangmojo.sch.id', 6, '', '', '', '', '', '', '', '', '', '', '', '', '', '', '', '', '', '', '', '', '', '', '', '', '', '2019/2020', '02 Januari 2020', '30 Maret 2020', 'Gunungkidul, 20 Maret 2020\r', 'Belum Verifikasi'),
(38, 'Linda', 'linda_wulandari@smkmuhkarangmojo.sch.id', 6, '', '', '', '', '', '', '', '', '', '', '', '', '', '', '', '', '', '', '', '', '', '', '', '', '', '2019/2020', '02 Januari 2020', '30 Maret 2020', 'Gunungkidul, 20 Maret 2020\r', 'Belum Verifikasi'),
(39, 'Lutfia', 'lutfia_putri@smkmuhkarangmojo.sch.id', 6, '', '', '', '', '', '', '', '', '', '', '', '', '', '', '', '', '', '', '', '', '', '', '', '', '', '2019/2020', '02 Januari 2020', '30 Maret 2020', 'Gunungkidul, 20 Maret 2020\r', 'Belum Verifikasi'),
(40, 'MAYAR', 'mayar_utami@smkmuhkarangmojo.sch.id', 6, '', '', '', '', '', '', '', '', '', '', '', '', '', '', '', '', '', '', '', '', '', '', '', '', '', '2019/2020', '02 Januari 2020', '30 Maret 2020', 'Gunungkidul, 20 Maret 2020\r', 'Belum Verifikasi'),
(41, 'NABILA', 'nabila_meiliana@smkmuhkarangmojo.sch.id', 6, '', '', '', '', '', '', '', '', '', '', '', '', '', '', '', '', '', '', '', '', '', '', '', '', '', '2019/2020', '02 Januari 2020', '30 Maret 2020', 'Gunungkidul, 20 Maret 2020\r', 'Belum Verifikasi'),
(42, 'NITA', 'nita_puspitaningrum@smkmuhkarangmojo.sch.id', 6, '', '', '', '', '', '', '', '', '', '', '', '', '', '', '', '', '', '', '', '', '', '', '', '', '', '2019/2020', '02 Januari 2020', '30 Maret 2020', 'Gunungkidul, 20 Maret 2020\r', 'Belum Verifikasi'),
(43, 'PUTRI', 'putri_puspitaningrum@smkmuhkarangmojo.sch.id', 6, '', '', '', '', '', '', '', '', '', '', '', '', '', '', '', '', '', '', '', '', '', '', '', '', '', '2019/2020', '02 Januari 2020', '30 Maret 2020', 'Gunungkidul, 20 Maret 2020\r', 'Belum Verifikasi'),
(44, 'Revina', 'revina_revina@smkmuhkarangmojo.sch.id', 6, '', '', '', '', '', '', '', '', '', '', '', '', '', '', '', '', '', '', '', '', '', '', '', '', '', '2019/2020', '02 Januari 2020', '30 Maret 2020', 'Gunungkidul, 20 Maret 2020\r', 'Belum Verifikasi'),
(45, 'SIFA', 'sifa_sarah@smkmuhkarangmojo.sch.id', 6, '', '', '', '', '', '', '', '', '', '', '', '', '', '', '', '', '', '', '', '', '', '', '', '', '', '2019/2020', '02 Januari 2020', '30 Maret 2020', 'Gunungkidul, 20 Maret 2020\r', 'Belum Verifikasi'),
(46, 'Sisca', 'sisca_putri@smkmuhkarangmojo.sch.id', 6, '', '', '', '', '', '', '', '', '', '', '', '', '', '', '', '', '', '', '', '', '', '', '', '', '', '2019/2020', '02 Januari 2020', '30 Maret 2020', 'Gunungkidul, 20 Maret 2020\r', 'Belum Verifikasi'),
(47, 'TYA', 'tya_pratiwi@smkmuhkarangmojo.sch.id', 6, '', '', '', '', '', '', '', '', '', '', '', '', '', '', '', '', '', '', '', '', '', '', '', '', '', '2019/2020', '02 Januari 2020', '30 Maret 2020', 'Gunungkidul, 20 Maret 2020\r', 'Belum Verifikasi'),
(48, 'YESZI', 'yeszi_susilowati@smkmuhkarangmojo.sch.id', 6, '', '', '', '', '', '', '', '', '', '', '', '', '', '', '', '', '', '', '', '', '', '', '', '', '', '2019/2020', '02 Januari 2020', '30 Maret 2020', 'Gunungkidul, 20 Maret 2020\r', 'Belum Verifikasi'),
(49, 'ARIYANI', 'ariyani_yuliana@smkmuhkarangmojo.sch.id', 8, '', '', 'Toko Amanah Sri Raharjo', 'Warung 02/09 Gedangrejo, Karangmojo, Gunungkidul', '-', '081804 123 268', 'Jumadi', '3,40E+14', 'Personalia', '081804 123 268', '-', '-', '', '', '', '', '', '', '', '', '', '', '', '', '', '2019/2020', '02 Januari 2020', '30 Maret 2020', 'Gunungkidul, 20 Maret 2020\r', 'Belum Verifikasi'),
(50, 'Diah', 'diah_utami@smkmuhkarangmojo.sch.id', 8, '', '', '', '', '', '', '', '', '', '', '', '', '', '', '', '', '', '', '', '', '', '', '', '', '', '2019/2020', '02 Januari 2020', '30 Maret 2020', 'Gunungkidul, 20 Maret 2020\r', 'Belum Verifikasi'),
(51, 'Dian', 'dian_puspitasari@smkmuhkarangmojo.sch.id', 8, '', '', 'Toko Andika Putra', 'Jl. Raya Eromoko - Wonogiri', '-', '0273 5329281', 'Novi Nur Widayati, SE', '-', 'Personalia', '-', '-', '-', '', '', '', '', '', '', '', '', '', '', '', '', '', '2019/2020', '02 Januari 2020', '30 Maret 2020', 'Gunungkidul, 20 Maret 2020\r', 'Belum Verifikasi'),
(52, 'EMANIATI', 'emaniati_emaniati@smkmuhkarangmojo.sch.id', 8, '', '', 'Toko Istana', 'Jl. Sumarwi No. 17 Wonosari', '-', '-', 'Tri Supadmi', '-', 'Personalia', '-', '-', '-', '', '', '', '', '', '', '', '', '', '', '', '', '', '2019/2020', '02 Januari 2020', '30 Maret 2020', 'Gunungkidul, 20 Maret 2020\r', 'Belum Verifikasi'),
(53, 'Erni Rosita Febriani', 'erni_febriani@smkmuhkarangmojo.sch.id', 8, '', '', 'Antum Transmart Maguwo Yogyakarta', 'Jl. Solo KM 8 No. 234 Maguwo, Depok, Sleman', '-', '-', 'Resa Irnano, S.Hut', '-', 'HR. Training', '-', '-', '-', '', '', 'A', 'A', 'B', 'B', '80', '85', '85', '85', '85', '85', '80', '2019/2020', '02 Januari 2020', '30 Maret 2020', 'Gunungkidul, 20 Maret 2020\r', 'Belum Verifikasi'),
(54, 'Galuh', 'galuh_kirana@smkmuhkarangmojo.sch.id', 8, '', '', 'Toko Istana 7', 'Jl. Pangarsan No. 1 Purbosari Wonosari', 'idpt.istana@gmail.com', '0274 391678', 'Agus Susanto', '-', 'Personalia', '0877 3980 2480', '-', '-', '', '', '', '', '', '', '', '', '', '', '', '', '', '2019/2020', '02 Januari 2020', '30 Maret 2020', 'Gunungkidul, 20 Maret 2020\r', 'Belum Verifikasi'),
(55, 'IIN', 'iin_marlina@smkmuhkarangmojo.sch.id', 8, '', '', 'Toko Istana 7', 'Jl. Pangarsan No. 1 Purbosari Wonosari', 'idpt.istana@gmail.com', '0274 391678', 'Agus Susanto', '-', 'Personalia', '0877 3980 2480', '-', '-', '', '', '', '', '', '', '', '', '', '', '', '', '', '2019/2020', '02 Januari 2020', '30 Maret 2020', 'Gunungkidul, 20 Maret 2020\r', 'Belum Verifikasi'),
(56, 'INDAH', 'indah_lestari@smkmuhkarangmojo.sch.id', 8, '', '', 'Toko Amanah Sri Raharjo', 'Warung 02/09 Gedangrejo, Karangmojo, Gunungkidul', '-', '081804 123 268', 'Jumadi', '3,40E+14', 'Personalia', '081804 123 268', '-', '-', '', '', '', '', '', '', '', '', '', '', '', '', '', '2019/2020', '02 Januari 2020', '30 Maret 2020', 'Gunungkidul, 20 Maret 2020\r', 'Belum Verifikasi'),
(57, 'IRVAN', 'irvan_hakim@smkmuhkarangmojo.sch.id', 8, '', '', '', '', '', '', '', '', '', '', '', '', '', '', '', '', '', '', '', '', '', '', '', '', '', '2019/2020', '02 Januari 2020', '30 Maret 2020', 'Gunungkidul, 20 Maret 2020\r', 'Belum Verifikasi'),
(58, 'MUHAMMAD', 'muhammad_aryadi@smkmuhkarangmojo.sch.id', 8, '', '', 'UD. Amalia', 'Jl. Tambakromo, Pati, Genjahan, Ponjong', 'ariswinataponjong@gmail.com', '87738562243', 'Ariswinata SKM., MM.', '-', 'Pimpinan UD. Amalia', '87738562243', 'ariswinataponjong@gmail.com', '02/04/AMALIA/20', '', '', '', '', '', '', '', '', '', '', '', '', '', '2019/2020', '02 Januari 2020', '30 Maret 2020', 'Gunungkidul, 20 Maret 2020\r', 'Belum Verifikasi'),
(59, 'Muhammad', 'muhammad_wibowo@smkmuhkarangmojo.sch.id', 8, '', '', 'UD. Amalia', 'Jl. Tambakromo, Pati, Genjahan, Ponjong', 'ariswinataponjong@gmail.com', '87738562243', 'Ariswinata SKM., MM.', '-', 'Pimpinan UD. Amalia', '87738562243', 'ariswinataponjong@gmail.com', '03/04/AMALIA/20', '', '', '', '', '', '', '', '', '', '', '', '', '', '2019/2020', '02 Januari 2020', '30 Maret 2020', 'Gunungkidul, 20 Maret 2020\r', 'Belum Verifikasi'),
(60, 'Muhammad', 'muhammad_zabady@smkmuhkarangmojo.sch.id', 8, '', '', '', '', '', '', '', '', '', '', '', '', '', '', '', '', '', '', '', '', '', '', '', '', '', '2019/2020', '02 Januari 2020', '30 Maret 2020', 'Gunungkidul, 20 Maret 2020\r', 'Belum Verifikasi'),
(61, 'Nur', 'nur_octavia@smkmuhkarangmojo.sch.id', 8, '', '', 'Toko Andika Putra', 'Jl. Raya Eromoko - Wonogiri', '-', '0273 5329281', 'Novi Nur Widayati, SE', '-', 'Personalia', '-', '-', '-', '', '', '', '', '', '', '', '', '', '', '', '', '', '2019/2020', '02 Januari 2020', '30 Maret 2020', 'Gunungkidul, 20 Maret 2020\r', 'Belum Verifikasi'),
(62, 'Ramadhani Iran Saputri', 'ramadhani_saputri@smkmuhkarangmojo.sch.id', 8, '', '', 'Antum Transmart Maguwo Yogyakarta', 'Jl. Solo KM 8 No. 234 Maguwo, Depok, Sleman', '-', '-', 'Resa Irnano, S.Hut', '-', 'HR. Training', '-', '-', '-', '', '', 'B', 'A', 'B', 'A', '80', '85', '80', '85', '85', '90', '80', '2019/2020', '02 Januari 2020', '30 Maret 2020', 'Gunungkidul, 20 Maret 2020\r', 'Belum Verifikasi'),
(63, 'Rini Rohmawati', 'rini_rohmahwati@smkmuhkarangmojo.sch.id', 8, '', '', 'Antum Transmart Maguwo Yogyakarta', 'Jl. Solo KM 8 No. 234 Maguwo, Depok, Sleman', '-', '-', 'Resa Irnano, S.Hut', '-', 'HR. Training', '-', '-', '-', '', '', 'A', 'A', 'A', 'A', '80', '85', '85', '85', '85', '85', '80', '2019/2020', '02 Januari 2020', '30 Maret 2020', 'Gunungkidul, 20 Maret 2020\r', 'Belum Verifikasi'),
(64, 'ROHANI', 'rohani_sari@smkmuhkarangmojo.sch.id', 8, '', '', '', '', '', '', '', '', '', '', '', '', '', '', '', '', '', '', '', '', '', '', '', '', '', '2019/2020', '02 Januari 2020', '30 Maret 2020', 'Gunungkidul, 20 Maret 2020\r', 'Belum Verifikasi'),
(65, 'ROSHANI', 'roshani_astuti@smkmuhkarangmojo.sch.id', 8, '', '', 'Toko Istana', 'Jl. Sumarwi No. 17 Wonosari', '-', '-', 'Tri Supadmi', '-', 'Personalia', '-', '-', '-', '', '', '', '', '', '', '', '', '', '', '', '', '', '2019/2020', '02 Januari 2020', '30 Maret 2020', 'Gunungkidul, 20 Maret 2020\r', 'Belum Verifikasi'),
(66, 'Silvia', 'silvia_setyaningrum@smkmuhkarangmojo.sch.id', 8, '', '', 'Toko Istana', 'Jl. Sumarwi No. 17 Wonosari', '-', '-', 'Tri Supadmi', '-', 'Personalia', '-', '-', '-', '', '', '', '', '', '', '', '', '', '', '', '', '', '2019/2020', '02 Januari 2020', '30 Maret 2020', 'Gunungkidul, 20 Maret 2020\r', 'Belum Verifikasi'),
(67, 'Sinta Ayu Lestari', 'sinta_lestari@smkmuhkarangmojo.sch.id', 8, '', '', 'Antum Transmart Maguwo Yogyakarta', 'Jl. Solo KM 8 No. 234 Maguwo, Depok, Sleman', '-', '-', 'Resa Irnano, S.Hut', '-', 'HR. Training', '-', '-', '-', '', '', 'A', 'A', 'A', 'B', '80', '85', '85', '80', '85', '80', '80', '2019/2020', '02 Januari 2020', '30 Maret 2020', 'Gunungkidul, 20 Maret 2020\r', 'Belum Verifikasi'),
(68, 'Suprihatin', 'suprihatin_suprihatin@smkmuhkarangmojo.sch.id', 8, '', '', 'Antum Transmart Maguwo Yogyakarta', 'Jl. Solo KM 8 No. 234 Maguwo, Depok, Sleman', '-', '-', 'Resa Irnano, S.Hut', '-', 'HR. Training', '-', '-', '-', '', '', 'B', 'A', 'B', 'B', '80', '85', '80', '85', '85', '90', '80', '2019/2020', '02 Januari 2020', '30 Maret 2020', 'Gunungkidul, 20 Maret 2020\r', 'Belum Verifikasi'),
(69, 'Tiana', 'tiana_yuliani@smkmuhkarangmojo.sch.id', 8, '', '', '', '', '', '', '', '', '', '', '', '', '', '', '', '', '', '', '', '', '', '', '', '', '', '2019/2020', '02 Januari 2020', '30 Maret 2020', 'Gunungkidul, 20 Maret 2020\r', 'Belum Verifikasi'),
(70, 'Wahyu Asih Aizah', 'wahyu_aizah@smkmuhkarangmojo.sch.id', 8, '', '', 'Antum Transmart Maguwo Yogyakarta', 'Jl. Solo KM 8 No. 234 Maguwo, Depok, Sleman', '-', '-', 'Resa Irnano, S.Hut', '-', 'HR. Training', '-', '-', '-', '', '', 'A', 'A', 'A', 'A', '80', '85', '85', '80', '85', '80', '80', '2019/2020', '02 Januari 2020', '30 Maret 2020', 'Gunungkidul, 20 Maret 2020\r', 'Belum Verifikasi'),
(71, 'WULAN', 'wulan_rahayu@smkmuhkarangmojo.sch.id', 8, '', '', 'UD. Amalia', 'Jl. Tambakromo, Pati, Genjahan, Ponjong', 'ariswinataponjong@gmail.com', '87738562243', 'Ariswinata SKM., MM.', '-', 'Pimpinan UD. Amalia', '87738562243', 'ariswinataponjong@gmail.com', '04/04/AMALIA/20', '', '', '', '', '', '', '', '', '', '', '', '', '', '2019/2020', '02 Januari 2020', '30 Maret 2020', 'Gunungkidul, 20 Maret 2020\r', 'Belum Verifikasi'),
(72, 'Yulia Indah Herawati', 'yulia_herawati@smkmuhkarangmojo.sch.id', 8, '', '', 'Antum Transmart Maguwo Yogyakarta', 'Jl. Solo KM 8 No. 234 Maguwo, Depok, Sleman', '-', '-', 'Resa Irnano, S.Hut', '-', 'HR. Training', '-', '-', '-', '', '', 'A', 'A', 'A', 'A', '85', '85', '85', '90', '85', '90', '85', '2019/2020', '02 Januari 2020', '30 Maret 2020', 'Gunungkidul, 20 Maret 2020\r', 'Belum Verifikasi'),
(73, 'AISYAH', 'aisyah_yulianti@smkmuhkarangmojo.sch.id', 7, '', '', '', '', '', '', '', '', '', '', '', '', '', '', '', '', '', '', '', '', '', '', '', '', '', '2019/2020', '02 Januari 2020', '30 Maret 2020', 'Gunungkidul, 20 Maret 2020\r', 'Belum Verifikasi'),
(74, 'Ana', 'ana_septyani@smkmuhkarangmojo.sch.id', 7, '', '', '', '', '', '', '', '', '', '', '', '', '', '', '', '', '', '', '', '', '', '', '', '', '', '2019/2020', '02 Januari 2020', '30 Maret 2020', 'Gunungkidul, 20 Maret 2020\r', 'Belum Verifikasi'),
(75, 'ANGGA', 'angga_syahputra@smkmuhkarangmojo.sch.id', 7, '', '', '', '', '', '', '', '', '', '', '', '', '', '', '', '', '', '', '', '', '', '', '', '', '', '2019/2020', '02 Januari 2020', '30 Maret 2020', 'Gunungkidul, 20 Maret 2020\r', 'Belum Verifikasi'),
(76, 'Anisa', 'anisa_rahayu@smkmuhkarangmojo.sch.id', 7, '', '', '', '', '', '', '', '', '', '', '', '', '', '', '', '', '', '', '', '', '', '', '', '', '', '2019/2020', '02 Januari 2020', '30 Maret 2020', 'Gunungkidul, 20 Maret 2020\r', 'Belum Verifikasi'),
(77, 'ARDELLIA', 'ardellia_aramintya@smkmuhkarangmojo.sch.id', 7, '', '', '', '', '', '', '', '', '', '', '', '', '', '', '', '', '', '', '', '', '', '', '', '', '', '2019/2020', '02 Januari 2020', '30 Maret 2020', 'Gunungkidul, 20 Maret 2020\r', 'Belum Verifikasi'),
(78, 'ASIH', 'asih_utami@smkmuhkarangmojo.sch.id', 7, '', '', '', '', '', '', '', '', '', '', '', '', '', '', '', '', '', '', '', '', '', '', '', '', '', '2019/2020', '02 Januari 2020', '30 Maret 2020', 'Gunungkidul, 20 Maret 2020\r', 'Belum Verifikasi'),
(79, 'Citra', 'citra_putri@smkmuhkarangmojo.sch.id', 7, '', '', '', '', '', '', '', '', '', '', '', '', '', '', '', '', '', '', '', '', '', '', '', '', '', '2019/2020', '02 Januari 2020', '30 Maret 2020', 'Gunungkidul, 20 Maret 2020\r', 'Belum Verifikasi'),
(80, 'DEWI', 'dewi_astuti@smkmuhkarangmojo.sch.id', 7, '', '', '', '', '', '', '', '', '', '', '', '', '', '', '', '', '', '', '', '', '', '', '', '', '', '2019/2020', '02 Januari 2020', '30 Maret 2020', 'Gunungkidul, 20 Maret 2020\r', 'Belum Verifikasi'),
(81, 'DIAH', 'diah_setyawati@smkmuhkarangmojo.sch.id', 7, '', '', '', '', '', '', '', '', '', '', '', '', '', '', '', '', '', '', '', '', '', '', '', '', '', '2019/2020', '02 Januari 2020', '30 Maret 2020', 'Gunungkidul, 20 Maret 2020\r', 'Belum Verifikasi'),
(82, 'DIMAS', 'dimas_prasetya@smkmuhkarangmojo.sch.id', 7, '', '', '', '', '', '', '', '', '', '', '', '', '', '', '', '', '', '', '', '', '', '', '', '', '', '2019/2020', '02 Januari 2020', '30 Maret 2020', 'Gunungkidul, 20 Maret 2020\r', 'Belum Verifikasi'),
(83, 'FATIHAH', 'fatihah_fitriya@smkmuhkarangmojo.sch.id', 7, '', '', '', '', '', '', '', '', '', '', '', '', '', '', '', '', '', '', '', '', '', '', '', '', '', '2019/2020', '02 Januari 2020', '30 Maret 2020', 'Gunungkidul, 20 Maret 2020\r', 'Belum Verifikasi'),
(84, 'FIKA', 'fika_rohma@smkmuhkarangmojo.sch.id', 7, '', '', '', '', '', '', '', '', '', '', '', '', '', '', '', '', '', '', '', '', '', '', '', '', '', '2019/2020', '02 Januari 2020', '30 Maret 2020', 'Gunungkidul, 20 Maret 2020\r', 'Belum Verifikasi'),
(85, 'Heni', 'heni_setiyaningsih@smkmuhkarangmojo.sch.id', 7, '', '', '', '', '', '', '', '', '', '', '', '', '', '', '', '', '', '', '', '', '', '', '', '', '', '2019/2020', '02 Januari 2020', '30 Maret 2020', 'Gunungkidul, 20 Maret 2020\r', 'Belum Verifikasi'),
(86, 'HERA', 'hera_pembayun@smkmuhkarangmojo.sch.id', 7, '', '', '', '', '', '', '', '', '', '', '', '', '', '', '', '', '', '', '', '', '', '', '', '', '', '2019/2020', '02 Januari 2020', '30 Maret 2020', 'Gunungkidul, 20 Maret 2020\r', 'Belum Verifikasi'),
(87, 'Ira', 'ira_sari@smkmuhkarangmojo.sch.id', 7, '', '', '', '', '', '', '', '', '', '', '', '', '', '', '', '', '', '', '', '', '', '', '', '', '', '2019/2020', '02 Januari 2020', '30 Maret 2020', 'Gunungkidul, 20 Maret 2020\r', 'Belum Verifikasi'),
(88, 'Jena', 'jena_oktaviani@smkmuhkarangmojo.sch.id', 7, '', '', '', '', '', '', '', '', '', '', '', '', '', '', '', '', '', '', '', '', '', '', '', '', '', '2019/2020', '02 Januari 2020', '30 Maret 2020', 'Gunungkidul, 20 Maret 2020\r', 'Belum Verifikasi'),
(89, 'Lina', 'lina_aryani@smkmuhkarangmojo.sch.id', 7, '', '', '', '', '', '', '', '', '', '', '', '', '', '', '', '', '', '', '', '', '', '', '', '', '', '2019/2020', '02 Januari 2020', '30 Maret 2020', 'Gunungkidul, 20 Maret 2020\r', 'Belum Verifikasi'),
(90, 'NINDA', 'ninda_ramadhanti@smkmuhkarangmojo.sch.id', 7, '', '', '', '', '', '', '', '', '', '', '', '', '', '', '', '', '', '', '', '', '', '', '', '', '', '2019/2020', '02 Januari 2020', '30 Maret 2020', 'Gunungkidul, 20 Maret 2020\r', 'Belum Verifikasi'),
(91, 'Putri', 'putri_anandhita@smkmuhkarangmojo.sch.id', 7, '', '', '', '', '', '', '', '', '', '', '', '', '', '', '', '', '', '', '', '', '', '', '', '', '', '2019/2020', '02 Januari 2020', '30 Maret 2020', 'Gunungkidul, 20 Maret 2020\r', 'Belum Verifikasi'),
(92, 'Rahayu', 'rahayu_setyaningrum@smkmuhkarangmojo.sch.id', 7, '', '', '', '', '', '', '', '', '', '', '', '', '', '', '', '', '', '', '', '', '', '', '', '', '', '2019/2020', '02 Januari 2020', '30 Maret 2020', 'Gunungkidul, 20 Maret 2020\r', 'Belum Verifikasi'),
(93, 'RIKO', 'riko_pambudi@smkmuhkarangmojo.sch.id', 7, '', '', '', '', '', '', '', '', '', '', '', '', '', '', '', '', '', '', '', '', '', '', '', '', '', '2019/2020', '02 Januari 2020', '30 Maret 2020', 'Gunungkidul, 20 Maret 2020\r', 'Belum Verifikasi'),
(94, 'Rita', 'rita_sugiarni@smkmuhkarangmojo.sch.id', 7, '', '', '', '', '', '', '', '', '', '', '', '', '', '', '', '', '', '', '', '', '', '', '', '', '', '2019/2020', '02 Januari 2020', '30 Maret 2020', 'Gunungkidul, 20 Maret 2020\r', 'Belum Verifikasi'),
(95, 'RIVA', 'riva_handayani@smkmuhkarangmojo.sch.id', 7, '', '', '', '', '', '', '', '', '', '', '', '', '', '', '', '', '', '', '', '', '', '', '', '', '', '2019/2020', '02 Januari 2020', '30 Maret 2020', 'Gunungkidul, 20 Maret 2020\r', 'Belum Verifikasi'),
(96, 'Tyas', 'tyas_ningsih@smkmuhkarangmojo.sch.id', 7, '', '', '', '', '', '', '', '', '', '', '', '', '', '', '', '', '', '', '', '', '', '', '', '', '', '2019/2020', '02 Januari 2020', '30 Maret 2020', 'Gunungkidul, 20 Maret 2020\r', 'Belum Verifikasi'),
(97, 'YULIYANA', 'yuliyana_yuliyana@smkmuhkarangmojo.sch.id', 7, '', '', '', '', '', '', '', '', '', '', '', '', '', '', '', '', '', '', '', '', '', '', '', '', '', '2019/2020', '02 Januari 2020', '30 Maret 2020', 'Gunungkidul, 20 Maret 2020\r', 'Belum Verifikasi'),
(98, 'AFSINDA', 'afsinda_wineke@smkmuhkarangmojo.sch.id', 7, '', '', '', '', '', '', '', '', '', '', '', '', '', '', '', '', '', '', '', '', '', '', '', '', '', '2019/2020', '02 Januari 2020', '30 Maret 2020', 'Gunungkidul, 20 Maret 2020\r', 'Belum Verifikasi'),
(99, 'ANHAR', 'anhar_ichwanto@smkmuhkarangmojo.sch.id', 7, '', '', '', '', '', '', '', '', '', '', '', '', '', '', '', '', '', '', '', '', '', '', '', '', '', '2019/2020', '02 Januari 2020', '30 Maret 2020', 'Gunungkidul, 20 Maret 2020\r', 'Belum Verifikasi'),
(100, 'ASTI', 'asti_ardhila@smkmuhkarangmojo.sch.id', 7, '', '', '', '', '', '', '', '', '', '', '', '', '', '', '', '', '', '', '', '', '', '', '', '', '', '2019/2020', '02 Januari 2020', '30 Maret 2020', 'Gunungkidul, 20 Maret 2020\r', 'Belum Verifikasi'),
(101, 'CANTIKA', 'cantika_melati@smkmuhkarangmojo.sch.id', 7, '', '', '', '', '', '', '', '', '', '', '', '', '', '', '', '', '', '', '', '', '', '', '', '', '', '2019/2020', '02 Januari 2020', '30 Maret 2020', 'Gunungkidul, 20 Maret 2020\r', 'Belum Verifikasi'),
(102, 'DESTY', 'desty_wati@smkmuhkarangmojo.sch.id', 7, '', '', '', '', '', '', '', '', '', '', '', '', '', '', '', '', '', '', '', '', '', '', '', '', '', '2019/2020', '02 Januari 2020', '30 Maret 2020', 'Gunungkidul, 20 Maret 2020\r', 'Belum Verifikasi'),
(103, 'Devi', 'devi_pratiwi@smkmuhkarangmojo.sch.id', 7, '', '', '', '', '', '', '', '', '', '', '', '', '', '', '', '', '', '', '', '', '', '', '', '', '', '2019/2020', '02 Januari 2020', '30 Maret 2020', 'Gunungkidul, 20 Maret 2020\r', 'Belum Verifikasi'),
(104, 'DIKA', 'dika_septiani@smkmuhkarangmojo.sch.id', 7, '', '', '', '', '', '', '', '', '', '', '', '', '', '', '', '', '', '', '', '', '', '', '', '', '', '2019/2020', '02 Januari 2020', '30 Maret 2020', 'Gunungkidul, 20 Maret 2020\r', 'Belum Verifikasi'),
(105, 'EFI', 'efi_elmawati@smkmuhkarangmojo.sch.id', 7, '', '', '', '', '', '', '', '', '', '', '', '', '', '', '', '', '', '', '', '', '', '', '', '', '', '2019/2020', '02 Januari 2020', '30 Maret 2020', 'Gunungkidul, 20 Maret 2020\r', 'Belum Verifikasi'),
(106, 'ERNA', 'erna_sari@smkmuhkarangmojo.sch.id', 7, '', '', '', '', '', '', '', '', '', '', '', '', '', '', '', '', '', '', '', '', '', '', '', '', '', '2019/2020', '02 Januari 2020', '30 Maret 2020', 'Gunungkidul, 20 Maret 2020\r', 'Belum Verifikasi'),
(107, 'EVI', 'evi_wulandari@smkmuhkarangmojo.sch.id', 7, '', '', '', '', '', '', '', '', '', '', '', '', '', '', '', '', '', '', '', '', '', '', '', '', '', '2019/2020', '02 Januari 2020', '30 Maret 2020', 'Gunungkidul, 20 Maret 2020\r', 'Belum Verifikasi'),
(108, 'GARIK', 'garik_rahmandhani@smkmuhkarangmojo.sch.id', 7, '', '', '', '', '', '', '', '', '', '', '', '', '', '', '', '', '', '', '', '', '', '', '', '', '', '2019/2020', '02 Januari 2020', '30 Maret 2020', 'Gunungkidul, 20 Maret 2020\r', 'Belum Verifikasi'),
(109, 'ISNI', 'isni_fatimah@smkmuhkarangmojo.sch.id', 7, '', '', '', '', '', '', '', '', '', '', '', '', '', '', '', '', '', '', '', '', '', '', '', '', '', '2019/2020', '02 Januari 2020', '30 Maret 2020', 'Gunungkidul, 20 Maret 2020\r', 'Belum Verifikasi'),
(110, 'ISRA', 'isra_amanda@smkmuhkarangmojo.sch.id', 7, '', '', '', '', '', '', '', '', '', '', '', '', '', '', '', '', '', '', '', '', '', '', '', '', '', '2019/2020', '02 Januari 2020', '30 Maret 2020', 'Gunungkidul, 20 Maret 2020\r', 'Belum Verifikasi'),
(111, 'KELVIN', 'kelvin_prayitno@smkmuhkarangmojo.sch.id', 7, '', '', '', '', '', '', '', '', '', '', '', '', '', '', '', '', '', '', '', '', '', '', '', '', '', '2019/2020', '02 Januari 2020', '30 Maret 2020', 'Gunungkidul, 20 Maret 2020\r', 'Belum Verifikasi'),
(112, 'NOVITA', 'novita_setyawati@smkmuhkarangmojo.sch.id', 7, '', '', '', '', '', '', '', '', '', '', '', '', '', '', '', '', '', '', '', '', '', '', '', '', '', '2019/2020', '02 Januari 2020', '30 Maret 2020', 'Gunungkidul, 20 Maret 2020\r', 'Belum Verifikasi'),
(113, 'RAMA', 'rama_mahardhika@smkmuhkarangmojo.sch.id', 7, '', '', '', '', '', '', '', '', '', '', '', '', '', '', '', '', '', '', '', '', '', '', '', '', '', '2019/2020', '02 Januari 2020', '30 Maret 2020', 'Gunungkidul, 20 Maret 2020\r', 'Belum Verifikasi'),
(114, 'RENI', 'reni_fatmawati@smkmuhkarangmojo.sch.id', 7, '', '', '', '', '', '', '', '', '', '', '', '', '', '', '', '', '', '', '', '', '', '', '', '', '', '2019/2020', '02 Januari 2020', '30 Maret 2020', 'Gunungkidul, 20 Maret 2020\r', 'Belum Verifikasi'),
(115, 'RISTY', 'risty_jannah@smkmuhkarangmojo.sch.id', 7, '', '', '', '', '', '', '', '', '', '', '', '', '', '', '', '', '', '', '', '', '', '', '', '', '', '2019/2020', '02 Januari 2020', '30 Maret 2020', 'Gunungkidul, 20 Maret 2020\r', 'Belum Verifikasi'),
(116, 'ROHMAH', 'rohmah_innayah@smkmuhkarangmojo.sch.id', 7, '', '', '', '', '', '', '', '', '', '', '', '', '', '', '', '', '', '', '', '', '', '', '', '', '', '2019/2020', '02 Januari 2020', '30 Maret 2020', 'Gunungkidul, 20 Maret 2020\r', 'Belum Verifikasi'),
(117, 'SALLAMA', 'sallama_maulida@smkmuhkarangmojo.sch.id', 7, '', '', '', '', '', '', '', '', '', '', '', '', '', '', '', '', '', '', '', '', '', '', '', '', '', '2019/2020', '02 Januari 2020', '30 Maret 2020', 'Gunungkidul, 20 Maret 2020\r', 'Belum Verifikasi'),
(118, 'SELVIA', 'selvia_budiman@smkmuhkarangmojo.sch.id', 7, '', '', '', '', '', '', '', '', '', '', '', '', '', '', '', '', '', '', '', '', '', '', '', '', '', '2019/2020', '02 Januari 2020', '30 Maret 2020', 'Gunungkidul, 20 Maret 2020\r', 'Belum Verifikasi'),
(119, 'SILVIA', 'silvia_putri@smkmuhkarangmojo.sch.id', 7, '', '', '', '', '', '', '', '', '', '', '', '', '', '', '', '', '', '', '', '', '', '', '', '', '', '2019/2020', '02 Januari 2020', '30 Maret 2020', 'Gunungkidul, 20 Maret 2020\r', 'Belum Verifikasi'),
(120, 'YASINTA', 'yasinta_puspita@smkmuhkarangmojo.sch.id', 7, '', '', '', '', '', '', '', '', '', '', '', '', '', '', '', '', '', '', '', '', '', '', '', '', '', '2019/2020', '02 Januari 2020', '30 Maret 2020', 'Gunungkidul, 20 Maret 2020\r', 'Belum Verifikasi'),
(121, 'ABDUL', 'abdul_asysyu\'aisa@smkmuhkarangmojo.sch.id', 5, '', '', '', '', '', '', '', '', '', '', '', '', '', '', '', '', '', '', '', '', '', '', '', '', '', '2019/2020', '02 Januari 2020', '30 Maret 2020', 'Gunungkidul, 20 Maret 2020\r', 'Belum Verifikasi'),
(122, 'ABDUL', 'abdul_aisa@smkmuhkarangmojo.sch.id', 5, '', '', '', '', '', '', '', '', '', '', '', '', '', '', '', '', '', '', '', '', '', '', '', '', '', '2019/2020', '02 Januari 2020', '30 Maret 2020', 'Gunungkidul, 20 Maret 2020\r', 'Belum Verifikasi'),
(123, 'Adam', 'adam_taufikah@smkmuhkarangmojo.sch.id', 5, '', '', '', '', '', '', '', '', '', '', '', '', '', '', '', '', '', '', '', '', '', '', '', '', '', '2019/2020', '02 Januari 2020', '30 Maret 2020', 'Gunungkidul, 20 Maret 2020\r', 'Belum Verifikasi'),
(124, 'Adi', 'adi_prasetya@smkmuhkarangmojo.sch.id', 5, '', '', '', '', '', '', '', '', '', '', '', '', '', '', '', '', '', '', '', '', '', '', '', '', '', '2019/2020', '02 Januari 2020', '30 Maret 2020', 'Gunungkidul, 20 Maret 2020\r', 'Belum Verifikasi'),
(125, 'Aditya', 'aditya_setyawan@smkmuhkarangmojo.sch.id', 5, '', '', '', '', '', '', '', '', '', '', '', '', '', '', '', '', '', '', '', '', '', '', '', '', '', '2019/2020', '02 Januari 2020', '30 Maret 2020', 'Gunungkidul, 20 Maret 2020\r', 'Belum Verifikasi'),
(126, 'AFRI', 'afri_amirudin@smkmuhkarangmojo.sch.id', 5, '', '', '', '', '', '', '', '', '', '', '', '', '', '', '', '', '', '', '', '', '', '', '', '', '', '2019/2020', '02 Januari 2020', '30 Maret 2020', 'Gunungkidul, 20 Maret 2020\r', 'Belum Verifikasi'),
(127, 'AHENDRA', 'ahendra_sutama@smkmuhkarangmojo.sch.id', 5, '', '', '', '', '', '', '', '', '', '', '', '', '', '', '', '', '', '', '', '', '', '', '', '', '', '2019/2020', '02 Januari 2020', '30 Maret 2020', 'Gunungkidul, 20 Maret 2020\r', 'Belum Verifikasi'),
(128, 'AJI', 'aji_putra@smkmuhkarangmojo.sch.id', 5, '', '', '', '', '', '', '', '', '', '', '', '', '', '', '', '', '', '', '', '', '', '', '', '', '', '2019/2020', '02 Januari 2020', '30 Maret 2020', 'Gunungkidul, 20 Maret 2020\r', 'Belum Verifikasi'),
(129, 'Ali', 'ali_irawan@smkmuhkarangmojo.sch.id', 5, '', '', '', '', '', '', '', '', '', '', '', '', '', '', '', '', '', '', '', '', '', '', '', '', '', '2019/2020', '02 Januari 2020', '30 Maret 2020', 'Gunungkidul, 20 Maret 2020\r', 'Belum Verifikasi'),
(130, 'Ali', 'ali_usman@smkmuhkarangmojo.sch.id', 5, '', '', '', '', '', '', '', '', '', '', '', '', '', '', '', '', '', '', '', '', '', '', '', '', '', '2019/2020', '02 Januari 2020', '30 Maret 2020', 'Gunungkidul, 20 Maret 2020\r', 'Belum Verifikasi'),
(131, 'Andriyansyah', 'andriyansyah_agustiyanto@smkmuhkarangmojo.sch.id', 5, '', '', '', '', '', '', '', '', '', '', '', '', '', '', '', '', '', '', '', '', '', '', '', '', '', '2019/2020', '02 Januari 2020', '30 Maret 2020', 'Gunungkidul, 20 Maret 2020\r', 'Belum Verifikasi'),
(132, 'CAHYO', 'cahyo_saputro@smkmuhkarangmojo.sch.id', 5, '', '', '', '', '', '', '', '', '', '', '', '', '', '', '', '', '', '', '', '', '', '', '', '', '', '2019/2020', '02 Januari 2020', '30 Maret 2020', 'Gunungkidul, 20 Maret 2020\r', 'Belum Verifikasi'),
(133, 'DAMAR', 'damar_hapsoro@smkmuhkarangmojo.sch.id', 5, '', '', '', '', '', '', '', '', '', '', '', '', '', '', '', '', '', '', '', '', '', '', '', '', '', '2019/2020', '02 Januari 2020', '30 Maret 2020', 'Gunungkidul, 20 Maret 2020\r', 'Belum Verifikasi'),
(134, 'Endarto', 'endarto_putra@smkmuhkarangmojo.sch.id', 5, '', '', '', '', '', '', '', '', '', '', '', '', '', '', '', '', '', '', '', '', '', '', '', '', '', '2019/2020', '02 Januari 2020', '30 Maret 2020', 'Gunungkidul, 20 Maret 2020\r', 'Belum Verifikasi'),
(135, 'FITRI', 'fitri_sualif@smkmuhkarangmojo.sch.id', 5, '', '', '', '', '', '', '', '', '', '', '', '', '', '', '', '', '', '', '', '', '', '', '', '', '', '2019/2020', '02 Januari 2020', '30 Maret 2020', 'Gunungkidul, 20 Maret 2020\r', 'Belum Verifikasi'),
(136, 'Hafid', 'hafid_pramudya@smkmuhkarangmojo.sch.id', 5, '', '', '', '', '', '', '', '', '', '', '', '', '', '', '', '', '', '', '', '', '', '', '', '', '', '2019/2020', '02 Januari 2020', '30 Maret 2020', 'Gunungkidul, 20 Maret 2020\r', 'Belum Verifikasi'),
(137, 'ILHAM', 'ilham_margiyansyah@smkmuhkarangmojo.sch.id', 5, '', '', '', '', '', '', '', '', '', '', '', '', '', '', '', '', '', '', '', '', '', '', '', '', '', '2019/2020', '02 Januari 2020', '30 Maret 2020', 'Gunungkidul, 20 Maret 2020\r', 'Belum Verifikasi'),
(138, 'JUAN', 'juan_putra@smkmuhkarangmojo.sch.id', 5, '', '', '', '', '', '', '', '', '', '', '', '', '', '', '', '', '', '', '', '', '', '', '', '', '', '2019/2020', '02 Januari 2020', '30 Maret 2020', 'Gunungkidul, 20 Maret 2020\r', 'Belum Verifikasi'),
(139, 'Maulana', 'maulana_akbar@smkmuhkarangmojo.sch.id', 5, '', '', '', '', '', '', '', '', '', '', '', '', '', '', '', '', '', '', '', '', '', '', '', '', '', '2019/2020', '02 Januari 2020', '30 Maret 2020', 'Gunungkidul, 20 Maret 2020\r', 'Belum Verifikasi'),
(140, 'MUHAMMAD', 'muhammad_rafie@smkmuhkarangmojo.sch.id', 5, '', '', '', '', '', '', '', '', '', '', '', '', '', '', '', '', '', '', '', '', '', '', '', '', '', '2019/2020', '02 Januari 2020', '30 Maret 2020', 'Gunungkidul, 20 Maret 2020\r', 'Belum Verifikasi'),
(141, 'MUHAMMAD', 'muhammad_hakiki@smkmuhkarangmojo.sch.id', 5, '', '', '', '', '', '', '', '', '', '', '', '', '', '', '', '', '', '', '', '', '', '', '', '', '', '2019/2020', '02 Januari 2020', '30 Maret 2020', 'Gunungkidul, 20 Maret 2020\r', 'Belum Verifikasi'),
(142, 'Naufal', 'naufal_dhiya\'ulhaq@smkmuhkarangmojo.sch.id', 5, '', '', '', '', '', '', '', '', '', '', '', '', '', '', '', '', '', '', '', '', '', '', '', '', '', '2019/2020', '02 Januari 2020', '30 Maret 2020', 'Gunungkidul, 20 Maret 2020\r', 'Belum Verifikasi'),
(143, 'OKTADENI', 'oktadeni_setiawan@smkmuhkarangmojo.sch.id', 5, '', '', '', '', '', '', '', '', '', '', '', '', '', '', '', '', '', '', '', '', '', '', '', '', '', '2019/2020', '02 Januari 2020', '30 Maret 2020', 'Gunungkidul, 20 Maret 2020\r', 'Belum Verifikasi'),
(144, 'RAFAEL', 'rafael_armada@smkmuhkarangmojo.sch.id', 5, '', '', '', '', '', '', '', '', '', '', '', '', '', '', '', '', '', '', '', '', '', '', '', '', '', '2019/2020', '02 Januari 2020', '30 Maret 2020', 'Gunungkidul, 20 Maret 2020\r', 'Belum Verifikasi'),
(145, 'RIFKI', 'rifki_hermawan@smkmuhkarangmojo.sch.id', 5, '', '', '', '', '', '', '', '', '', '', '', '', '', '', '', '', '', '', '', '', '', '', '', '', '', '2019/2020', '02 Januari 2020', '30 Maret 2020', 'Gunungkidul, 20 Maret 2020\r', 'Belum Verifikasi'),
(146, 'RINO', 'rino_aprilyan@smkmuhkarangmojo.sch.id', 5, '', '', '', '', '', '', '', '', '', '', '', '', '', '', '', '', '', '', '', '', '', '', '', '', '', '2019/2020', '02 Januari 2020', '30 Maret 2020', 'Gunungkidul, 20 Maret 2020\r', 'Belum Verifikasi'),
(147, 'RISKY', 'risky_prasetyo@smkmuhkarangmojo.sch.id', 5, '', '', '', '', '', '', '', '', '', '', '', '', '', '', '', '', '', '', '', '', '', '', '', '', '', '2019/2020', '02 Januari 2020', '30 Maret 2020', 'Gunungkidul, 20 Maret 2020\r', 'Belum Verifikasi'),
(148, 'Rizki', 'rizki_akbar@smkmuhkarangmojo.sch.id', 5, '', '', '', '', '', '', '', '', '', '', '', '', '', '', '', '', '', '', '', '', '', '', '', '', '', '2019/2020', '02 Januari 2020', '30 Maret 2020', 'Gunungkidul, 20 Maret 2020\r', 'Belum Verifikasi'),
(149, 'SEPTIYAN', 'septiyan_hidayanto@smkmuhkarangmojo.sch.id', 5, '', '', '', '', '', '', '', '', '', '', '', '', '', '', '', '', '', '', '', '', '', '', '', '', '', '2019/2020', '02 Januari 2020', '30 Maret 2020', 'Gunungkidul, 20 Maret 2020\r', 'Belum Verifikasi'),
(150, 'AHMAD AGUS SETIAWAN', 'ahmad_setiawan@smkmuhkarangmojo.sch.id', 4, '9989', '', 'Terapi Motor', '-', '-', '-', 'Yohanes Sugito', '-', '-', '87834071845', '-', '-', '', '', '', '', '', '', '', '', '', '', '', '', '', '2019/2020', '02 Januari 2020', '30 Maret 2020', 'Gunungkidul, 20 Maret 2020\r', 'Belum Verifikasi'),
(151, 'AHMAD BANAR LISBOWO', 'ahmad_lisbowo@smkmuhkarangmojo.sch.id', 4, '9990', '', 'Bengkel Mobil Mulya Mandiri', 'Mulyosari Baleharjo RT 04 RW 02, Wonosari', '-', '-', 'Sugeng Purwanto', '-', '-', '081804114123', '-', '-', '', '', '', '', '', '', '', '', '', '', '', '', '', '2019/2020', '02 Januari 2020', '30 Maret 2020', 'Gunungkidul, 20 Maret 2020\r', 'Telah Verifikasi'),
(152, 'ALFI', 'alfi_syawaludin@smkmuhkarangmojo.sch.id', 4, '', '', '', '', '', '', '', '', '', '', '', '', '', '', '', '', '', '', '', '', '', '', '', '', '', '2019/2020', '02 Januari 2020', '30 Maret 2020', 'Gunungkidul, 20 Maret 2020\r', 'Belum Verifikasi'),
(153, 'Alfi', 'alfi_sihabbudin@smkmuhkarangmojo.sch.id', 4, '', '', 'Dhea Motor', 'Keringan Kidul, Bulurejo, Semin', '-', '81931797554', 'Triyono', '-', 'Pemilik Bengkel', '81931797554', '-', '-', '', '', '', '', '', '', '', '', '', '', '', '', '', '2019/2020', '02 Januari 2020', '30 Maret 2020', 'Gunungkidul, 20 Maret 2020\r', 'Belum Verifikasi'),
(154, 'ARYA', 'arya_nugroho@smkmuhkarangmojo.sch.id', 4, '', '', 'Bengkel Mobil Mulya Mandiri', 'Mulyosari Baleharjo RT 04 RW 02, Wonosari', '-', '-', 'Sugeng Purwanto', '-', 'Pimpinan/Pemilik', '81804114123', '-', '-', '', '', '', '', '', '', '', '', '', '', '', '', '', '2019/2020', '02 Januari 2020', '30 Maret 2020', 'Gunungkidul, 20 Maret 2020\r', 'Belum Verifikasi'),
(155, 'Aziz', 'aziz_hanafi@smkmuhkarangmojo.sch.id', 4, '', '', 'Dhea Motor', 'Keringan Kidul, Bulurejo, Semin', '-', '81931797554', 'Triyono', '-', 'Pimpinan/Pemilik', '-', '-', '-', '', '', '', '', '', '', '', '', '', '', '', '', '', '2019/2020', '02 Januari 2020', '30 Maret 2020', 'Gunungkidul, 20 Maret 2020\r', 'Belum Verifikasi'),
(156, 'Bayu', 'bayu_setiawan@smkmuhkarangmojo.sch.id', 4, '', '', '', '', '', '', '', '', '', '', '', '', '', '', '', '', '', '', '', '', '', '', '', '', '', '2019/2020', '02 Januari 2020', '30 Maret 2020', 'Gunungkidul, 20 Maret 2020\r', 'Belum Verifikasi'),
(157, 'BIMA', 'bima_saputra@smkmuhkarangmojo.sch.id', 4, '', '', '', '', '', '', '', '', '', '', '', '', '', '', '', '', '', '', '', '', '', '', '', '', '', '2019/2020', '02 Januari 2020', '30 Maret 2020', 'Gunungkidul, 20 Maret 2020\r', 'Belum Verifikasi'),
(158, 'BINTANG', 'bintang_seto@smkmuhkarangmojo.sch.id', 4, '', '', 'BAS Auto Service', 'Jl. Karangmojo - Semin KM 1', '-', '87710655600', '-', '-', '-', '-', '-', '-', '', '', '', '', '', '', '', '', '', '', '', '', '', '2019/2020', '02 Januari 2020', '30 Maret 2020', 'Gunungkidul, 20 Maret 2020\r', 'Belum Verifikasi'),
(159, 'David', 'david_pargita@smkmuhkarangmojo.sch.id', 4, '', '', 'Bintang Motor', 'Jl. RM Said No. 1 Brumbung, Wonosari', '-', '0273 321188', 'Andrew Novianto Chandra', '-', 'Pimpinan/Pemilik', '-', '-', '-', '', '', '', '', '', '', '', '', '', '', '', '', '', '2019/2020', '02 Januari 2020', '30 Maret 2020', 'Gunungkidul, 20 Maret 2020\r', 'Belum Verifikasi'),
(160, 'DERI', 'deri_noverico@smkmuhkarangmojo.sch.id', 4, '', '', 'Ismanto', '-', '-', '-', '-', '-', '-', '-', '-', '-', '', '', '', '', '', '', '', '', '', '', '', '', '', '2019/2020', '02 Januari 2020', '30 Maret 2020', 'Gunungkidul, 20 Maret 2020\r', 'Belum Verifikasi'),
(161, 'Dimas', 'dimas_permadi@smkmuhkarangmojo.sch.id', 4, '', '', '', '', '', '', '', '', '', '', '', '', '', '', '', '', '', '', '', '', '', '', '', '', '', '2019/2020', '02 Januari 2020', '30 Maret 2020', 'Gunungkidul, 20 Maret 2020\r', 'Belum Verifikasi'),
(162, 'Donny', 'donny_ardhana@smkmuhkarangmojo.sch.id', 4, '', '', '', '', '', '', '', '', '', '', '', '', '', '', '', '', '', '', '', '', '', '', '', '', '', '2019/2020', '02 Januari 2020', '30 Maret 2020', 'Gunungkidul, 20 Maret 2020\r', 'Belum Verifikasi'),
(163, 'Fais', 'fais_sukisno@smkmuhkarangmojo.sch.id', 4, '', '', '', '', '', '', '', '', '', '', '', '', '', '', '', '', '', '', '', '', '', '', '', '', '', '2019/2020', '02 Januari 2020', '30 Maret 2020', 'Gunungkidul, 20 Maret 2020\r', 'Belum Verifikasi'),
(164, 'IVAN', 'ivan_aldiansyah@smkmuhkarangmojo.sch.id', 4, '', '', 'Bengkel Mobil Mulya Mandiri', 'Mulyosari Baleharjo RT 04 RW 02, Wonosari', '-', '-', 'Sugeng Purwanto', '-', 'Pimpinan/Pemilik', '81804114123', '-', '-', '', '', '', '', '', '', '', '', '', '', '', '', '', '2019/2020', '02 Januari 2020', '30 Maret 2020', 'Gunungkidul, 20 Maret 2020\r', 'Belum Verifikasi'),
(165, 'KURNIAWAN', 'kurniawan_azis@smkmuhkarangmojo.sch.id', 4, '', '', 'Ismanto', '-', '-', '-', '-', '-', '-', '-', '-', '-', '', '', '', '', '', '', '', '', '', '', '', '', '', '2019/2020', '02 Januari 2020', '30 Maret 2020', 'Gunungkidul, 20 Maret 2020\r', 'Belum Verifikasi'),
(166, 'MA\'RUF', 'ma\'ruf_aji@smkmuhkarangmojo.sch.id', 4, '', '', '', '', '', '', '', '', '', '', '', '', '', '', '', '', '', '', '', '', '', '', '', '', '', '2019/2020', '02 Januari 2020', '30 Maret 2020', 'Gunungkidul, 20 Maret 2020\r', 'Belum Verifikasi'),
(167, 'MAULANA', 'maulana_akasah@smkmuhkarangmojo.sch.id', 4, '', '', 'Adit Motor', '-', '-', '-', '-', '-', '-', '-', '-', '-', '', '', '', '', '', '', '', '', '', '', '', '', '', '2019/2020', '02 Januari 2020', '30 Maret 2020', 'Gunungkidul, 20 Maret 2020\r', 'Belum Verifikasi'),
(168, 'Moh.', 'moh._wibowo@smkmuhkarangmojo.sch.id', 4, '', '', '', '', '', '', '', '', '', '', '', '', '', '', '', '', '', '', '', '', '', '', '', '', '', '2019/2020', '02 Januari 2020', '30 Maret 2020', 'Gunungkidul, 20 Maret 2020\r', 'Belum Verifikasi'),
(169, 'MUHAMAD AKBAR', 'muhamad_akbar@smkmuhkarangmojo.sch.id', 4, '', '', 'BAS Auto Service', 'Jl. Karangmojo - Semin KM 1', '-', '87710655600', '-', '-', '-', '-', '-', '-', '', '', '', '', '', '', '', '', '', '', '', '', '', '2019/2020', '02 Januari 2020', '30 Maret 2020', 'Gunungkidul, 20 Maret 2020\r', 'Belum Verifikasi'),
(170, 'MUHAMMAD MALIK AMRULLOH', 'muhammad_amrulloh@smkmuhkarangmojo.sch.id', 4, '', '', '-', '-', '', '', '-', '', '-', '', '', '', '', '', '', '', '', '', '', '', '', '', '', '', '', '2019/2020', '02 Januari 2020', '30 Maret 2020', 'Gunungkidul, 20 Maret 2020\r', 'Belum Verifikasi'),
(171, 'MUHAMMAD', 'muhammad_susanto@smkmuhkarangmojo.sch.id', 4, '', '', 'Bengkel Mobil Mulya Mandiri', 'Mulyosari Baleharjo RT 04 RW 02, Wonosari', '-', '-', 'Sugeng Purwanto', '-', 'Pimpinan/Pemilik', '81804114123', '-', '-', '', '', '', '', '', '', '', '', '', '', '', '', '', '2019/2020', '02 Januari 2020', '30 Maret 2020', 'Gunungkidul, 20 Maret 2020\r', 'Belum Verifikasi'),
(172, 'MUHAMMAD', 'muhammad_baihaqqi@smkmuhkarangmojo.sch.id', 4, '', '', 'Dhea Motor', 'Keringan Kidul, Bulurejo, Semin', '-', '81931797554', 'Triyono', '-', 'Pimpinan/Pemilik', '81931797554', '-', '-', '', '', '', '', '', '', '', '', '', '', '', '', '', '2019/2020', '02 Januari 2020', '30 Maret 2020', 'Gunungkidul, 20 Maret 2020\r', 'Belum Verifikasi'),
(173, 'Nurrahman', 'nurrahman_nurrahman@smkmuhkarangmojo.sch.id', 4, '', '', '', '', '', '', '', '', '', '', '', '', '', '', '', '', '', '', '', '', '', '', '', '', '', '2019/2020', '02 Januari 2020', '30 Maret 2020', 'Gunungkidul, 20 Maret 2020\r', 'Belum Verifikasi');
INSERT INTO `master` (`id`, `name`, `email`, `jurusan`, `nis`, `kelas`, `nama_instansi`, `alamat_instansi`, `email_website_instansi`, `telp_instansi`, `nama_pejabat`, `no_pejabat`, `jabatan`, `telp_pejabat`, `email_pejabat`, `no_sertifikat`, `guru_pendamping`, `hp_pendamping`, `nilai_1`, `nilai_2`, `nilai_3`, `nilai_4`, `nilai_5`, `nilai_6`, `nilai_7`, `nilai_8`, `nilai_9`, `nilai_10`, `nilai_11`, `tp`, `mulai_pkl`, `selesai_pkl`, `tgl_cetak`, `verifikasi`) VALUES
(174, 'PANDJI', 'pandji_abadi@smkmuhkarangmojo.sch.id', 4, '', '', '', '', '', '', '', '', '', '', '', '', '', '', '', '', '', '', '', '', '', '', '', '', '', '2019/2020', '02 Januari 2020', '30 Maret 2020', 'Gunungkidul, 20 Maret 2020\r', 'Belum Verifikasi'),
(175, 'Rahmat', 'rahmat_aji@smkmuhkarangmojo.sch.id', 4, '', '', 'Ismanto', '-', '-', '-', '-', '-', '-', '-', '-', '-', '', '', '', '', '', '', '', '', '', '', '', '', '', '2019/2020', '02 Januari 2020', '30 Maret 2020', 'Gunungkidul, 20 Maret 2020\r', 'Belum Verifikasi'),
(176, 'RAYHAN', 'rayhan_pratama@smkmuhkarangmojo.sch.id', 4, '', '', 'BAS Auto Service', 'Jl. Karangmojo - Semin KM 1', '-', '87710655600', '-', '-', '-', '-', '-', '-', '', '', '', '', '', '', '', '', '', '', '', '', '', '2019/2020', '02 Januari 2020', '30 Maret 2020', 'Gunungkidul, 20 Maret 2020\r', 'Belum Verifikasi'),
(177, 'RIO', 'rio_hendika@smkmuhkarangmojo.sch.id', 4, '', '', 'Bengkel Mobil Mulya Mandiri', 'Mulyosari Baleharjo RT 04 RW 02, Wonosari', '-', '-', 'Sugeng Purwanto', '-', 'Pimpinan/Pemilik', '81804114123', '-', '-', '', '', '', '', '', '', '', '', '', '', '', '', '', '2019/2020', '02 Januari 2020', '30 Maret 2020', 'Gunungkidul, 20 Maret 2020\r', 'Belum Verifikasi'),
(178, 'ROY', 'roy_sadewa@smkmuhkarangmojo.sch.id', 4, '', '', 'Ismanto', '-', '-', '-', '-', '-', '-', '-', '-', '-', '', '', '', '', '', '', '', '', '', '', '', '', '', '2019/2020', '02 Januari 2020', '30 Maret 2020', 'Gunungkidul, 20 Maret 2020\r', 'Belum Verifikasi'),
(179, 'ROZY', 'rozy_mohtarudin@smkmuhkarangmojo.sch.id', 4, '', '', '', '', '', '', '', '', '', '', '', '', '', '', '', '', '', '', '', '', '', '', '', '', '', '2019/2020', '02 Januari 2020', '30 Maret 2020', 'Gunungkidul, 20 Maret 2020\r', 'Belum Verifikasi'),
(180, 'SHIDIQ', 'shidiq_effendy@smkmuhkarangmojo.sch.id', 4, '', '', 'Adit Motor', '-', '-', '-', '-', '-', '-', '-', '-', '-', '', '', '', '', '', '', '', '', '', '', '', '', '', '2019/2020', '02 Januari 2020', '30 Maret 2020', 'Gunungkidul, 20 Maret 2020\r', 'Belum Verifikasi'),
(181, 'Wendy', 'wendy_prasetyo@smkmuhkarangmojo.sch.id', 4, '', '', 'Bintang Motor', 'Jl. RM Said No. 1 Brumbung, Wonosari', '-', '0273 321188', 'Andrew Novianto Chandra', '-', 'Pimpinan/Pemilik', '-', '-', '-', '', '', '', '', '', '', '', '', '', '', '', '', '', '2019/2020', '02 Januari 2020', '30 Maret 2020', 'Gunungkidul, 20 Maret 2020\r', 'Belum Verifikasi'),
(182, 'Zumintyas', 'zumintyas_sidiq@smkmuhkarangmojo.sch.id', 4, '', '', '', '', '', '', '', '', '', '', '', '', '', '', '', '', '', '', '', '', '', '', '', '', '', '2019/2020', '02 Januari 2020', '30 Maret 2020', 'Gunungkidul, 20 Maret 2020\r', 'Belum Verifikasi'),
(183, 'A`AN STABILILLAH', 'a\'an_stabilillah@smkmuhkarangmojo.sch.id', 4, '10024', '', 'Bengkel Maranata', 'Pundung sari, Semin', '-', '85643349124', 'Pramono', '-', '-', '85643349124', '-', '-', '', '', '', '', '', '', '', '', '', '', '', '', '', '2019/2020', '02 Januari 2020', '30 Maret 2020', 'Gunungkidul, 20 Maret 2020\r', 'Belum Verifikasi'),
(184, 'AGUNG', 'agung_saputra@smkmuhkarangmojo.sch.id', 4, '', '', '', '', '', '', '', '', '', '', '', '', '', '', '', '', '', '', '', '', '', '', '', '', '', '2019/2020', '02 Januari 2020', '30 Maret 2020', 'Gunungkidul, 20 Maret 2020\r', 'Belum Verifikasi'),
(185, 'ALFI', 'alfi_kurniawan@smkmuhkarangmojo.sch.id', 4, '', '', 'CV. Central Cemerlang', 'Jl. Wonosari KM 6, Banguntapan, Bantul', '-', '0274 451087', 'Nuryono', '-', 'Koordinator Mekanik', '0274 451087', '-', '-', '', '', '', '', '', '', '', '', '', '', '', '', '', '2019/2020', '02 Januari 2020', '30 Maret 2020', 'Gunungkidul, 20 Maret 2020\r', 'Belum Verifikasi'),
(186, 'ALFIYAN', 'alfiyan_mubarok@smkmuhkarangmojo.sch.id', 4, '', '', '', '', '', '', '', '', '', '', '', '', '', '', '', '', '', '', '', '', '', '', '', '', '', '2019/2020', '02 Januari 2020', '30 Maret 2020', 'Gunungkidul, 20 Maret 2020\r', 'Belum Verifikasi'),
(187, 'Ari', 'ari_susanto@smkmuhkarangmojo.sch.id', 4, '', '', 'Bengkel Mobil Mulya Mandiri', 'Mulyosari Baleharjo RT 04 RW 02, Wonosari', '-', '-', 'Sugeng Purwanto', '-', 'Pimpinan/Pemilik', '81804114123', '-', '-', '', '', '', '', '', '', '', '', '', '', '', '', '', '2019/2020', '02 Januari 2020', '30 Maret 2020', 'Gunungkidul, 20 Maret 2020\r', 'Belum Verifikasi'),
(188, 'AZZURA', 'azzura_kurniawan@smkmuhkarangmojo.sch.id', 4, '', '', 'Dhea Motor', 'Keringan Kidul, Bulurejo, Semin', '-', '81931797554', 'Triyono', '-', 'Pimpinan/Pemilik', '81931797554', '-', '-', '', '', '', '', '', '', '', '', '', '', '', '', '', '2019/2020', '02 Januari 2020', '30 Maret 2020', 'Gunungkidul, 20 Maret 2020\r', 'Belum Verifikasi'),
(189, 'BASTIAN', 'bastian_ramadhan@smkmuhkarangmojo.sch.id', 4, '', '', 'Sabar Baru Motor', 'Keringan Kidul, Semin', '-', '-', '-', '-', '-', '-', '-', '-', '', '', '', '', '', '', '', '', '', '', '', '', '', '2019/2020', '02 Januari 2020', '30 Maret 2020', 'Gunungkidul, 20 Maret 2020\r', 'Belum Verifikasi'),
(190, 'BIMO', 'bimo_bimantoro@smkmuhkarangmojo.sch.id', 4, '', '', 'Dhea Motor', 'Keringan Kidul, Bulurejo, Semin', '-', '81931397434', 'Triyono', '-', 'Pimpinan/Pemilik', '81931397434', '-', '-', '', '', '', '', '', '', '', '', '', '', '', '', '', '2019/2020', '02 Januari 2020', '30 Maret 2020', 'Gunungkidul, 20 Maret 2020\r', 'Belum Verifikasi'),
(191, 'BRAMANDITA', 'bramandita_lamara@smkmuhkarangmojo.sch.id', 4, '', '', '', '', '', '', '', '', '', '', '', '', '', '', '', '', '', '', '', '', '', '', '', '', '', '2019/2020', '02 Januari 2020', '30 Maret 2020', 'Gunungkidul, 20 Maret 2020\r', 'Belum Verifikasi'),
(192, 'BUDI', 'budi_prasetyo@smkmuhkarangmojo.sch.id', 4, '', '', '', '', '', '', '', '', '', '', '', '', '', '', '', '', '', '', '', '', '', '', '', '', '', '2019/2020', '02 Januari 2020', '30 Maret 2020', 'Gunungkidul, 20 Maret 2020\r', 'Belum Verifikasi'),
(193, 'CATUR', 'catur_utomo@smkmuhkarangmojo.sch.id', 4, '', '', '', '', '', '', '', '', '', '', '', '', '', '', '', '', '', '', '', '', '', '', '', '', '', '2019/2020', '02 Januari 2020', '30 Maret 2020', 'Gunungkidul, 20 Maret 2020\r', 'Belum Verifikasi'),
(194, 'Eko', 'eko_saputra@smkmuhkarangmojo.sch.id', 4, '', '', 'Dhea Motor', 'Keringan Kidul, Bulurejo, Semin', '-', '81931797554', 'Triyono', '-', 'Pimpinan/Pemilik', '81931797554', '-', '-', '', '', '', '', '', '', '', '', '', '', '', '', '', '2019/2020', '02 Januari 2020', '30 Maret 2020', 'Gunungkidul, 20 Maret 2020\r', 'Belum Verifikasi'),
(195, 'FENDI', 'fendi_yulianto@smkmuhkarangmojo.sch.id', 4, '', '', '', '', '', '', '', '', '', '', '', '', '', '', '', '', '', '', '', '', '', '', '', '', '', '2019/2020', '02 Januari 2020', '30 Maret 2020', 'Gunungkidul, 20 Maret 2020\r', 'Belum Verifikasi'),
(196, 'Feri', 'feri_firmawan@smkmuhkarangmojo.sch.id', 4, '', '', '', '', '', '', '', '', '', '', '', '', '', '', '', '', '', '', '', '', '', '', '', '', '', '2019/2020', '02 Januari 2020', '30 Maret 2020', 'Gunungkidul, 20 Maret 2020\r', 'Belum Verifikasi'),
(197, 'FIMA', 'fima_syahrul@smkmuhkarangmojo.sch.id', 4, '', '', 'Ismanto', '-', '-', '-', '-', '-', '-', '-', '-', '-', '', '', '', '', '', '', '', '', '', '', '', '', '', '2019/2020', '02 Januari 2020', '30 Maret 2020', 'Gunungkidul, 20 Maret 2020\r', 'Belum Verifikasi'),
(198, 'GALIH', 'galih_kusuma@smkmuhkarangmojo.sch.id', 4, '', '', 'BAS Auto Service', 'Jl. Karangmojo - Semin KM 1', '-', '87710655600', '-', '-', '-', '-', '-', '-', '', '', '', '', '', '', '', '', '', '', '', '', '', '2019/2020', '02 Januari 2020', '30 Maret 2020', 'Gunungkidul, 20 Maret 2020\r', 'Belum Verifikasi'),
(199, 'HAFID', 'hafid_amrila@smkmuhkarangmojo.sch.id', 4, '', '', 'CV. Central Cemerlang', 'Jl. Wonosari KM 6, Banguntapan, Bantul', '-', '0274 451087', 'Nuryono', '-', 'Koordinator Mekanik', '0274 451087', '-', '-', '', '', '', '', '', '', '', '', '', '', '', '', '', '2019/2020', '02 Januari 2020', '30 Maret 2020', 'Gunungkidul, 20 Maret 2020\r', 'Belum Verifikasi'),
(200, 'ISNAN', 'isnan_hakim@smkmuhkarangmojo.sch.id', 4, '', '', 'Sabar Baru Motor', 'Keringan Kidul, Semin', '-', '-', '-', '-', '-', '-', '-', '-', '', '', '', '', '', '', '', '', '', '', '', '', '', '2019/2020', '02 Januari 2020', '30 Maret 2020', 'Gunungkidul, 20 Maret 2020\r', 'Belum Verifikasi'),
(201, 'M.', 'm._tulus@smkmuhkarangmojo.sch.id', 4, '', '', '', '', '', '', '', '', '', '', '', '', '', '', '', '', '', '', '', '', '', '', '', '', '', '2019/2020', '02 Januari 2020', '30 Maret 2020', 'Gunungkidul, 20 Maret 2020\r', 'Belum Verifikasi'),
(202, 'MALIK', 'malik_wibowo@smkmuhkarangmojo.sch.id', 4, '', '', '', '', '', '', '', '', '', '', '', '', '', '', '', '', '', '', '', '', '', '', '', '', '', '2019/2020', '02 Januari 2020', '30 Maret 2020', 'Gunungkidul, 20 Maret 2020\r', 'Belum Verifikasi'),
(203, 'Mario', 'mario_saputra@smkmuhkarangmojo.sch.id', 4, '', '', '', '', '', '', '', '', '', '', '', '', '', '', '', '', '', '', '', '', '', '', '', '', '', '2019/2020', '02 Januari 2020', '30 Maret 2020', 'Gunungkidul, 20 Maret 2020\r', 'Belum Verifikasi'),
(204, 'MUHAMMAD', 'muhammad_saputra@smkmuhkarangmojo.sch.id', 4, '', '', '', '', '', '', '', '', '', '', '', '', '', '', '', '', '', '', '', '', '', '', '', '', '', '2019/2020', '02 Januari 2020', '30 Maret 2020', 'Gunungkidul, 20 Maret 2020\r', 'Belum Verifikasi'),
(205, 'MUHAMMAD', 'muhammad_praja@smkmuhkarangmojo.sch.id', 4, '', '', 'Bengkel Mobil Putra Jaya', 'Gedangan I, Gedangrejo, Karangmojo, Gunungkidul', '-', '81329422111', 'Linda Desvitasari, S.Pd.', '-', 'Pemilik Bengkel', '81329422111', 'linda_desvitasari@gmail.com', '-', '', '', '', '', '', '', '', '', '', '', '', '', '', '2019/2020', '02 Januari 2020', '30 Maret 2020', 'Gunungkidul, 20 Maret 2020\r', 'Belum Verifikasi'),
(206, 'MUSTAKA', 'mustaka_yudha@smkmuhkarangmojo.sch.id', 4, '', '', 'Sabar Baru Motor', 'Keringan Kidul, Semin', '-', '-', '-', '-', '-', '-', '-', '-', '', '', '', '', '', '', '', '', '', '', '', '', '', '2019/2020', '02 Januari 2020', '30 Maret 2020', 'Gunungkidul, 20 Maret 2020\r', 'Belum Verifikasi'),
(207, 'Nisa', 'nisa_lasita@smkmuhkarangmojo.sch.id', 4, '', '', 'Bengkel Mobil Sedyorukun', 'Jl. Tentara Pelajar No. 40 Trimulyo I, Kepek, Wonosari', '-', '818267463', 'Sudi Setiyono', '-', '-', '818267463', '-', '-', '', '', '', '', '', '', '', '', '', '', '', '', '', '2019/2020', '02 Januari 2020', '30 Maret 2020', 'Gunungkidul, 20 Maret 2020\r', 'Belum Verifikasi'),
(208, 'Peni', 'peni_paridiaswati@smkmuhkarangmojo.sch.id', 4, '', '', 'Bengkel Mobil Sedyorukun', 'Jl. Tentara Pelajar No. 40 Trimulyo I, Kepek, Wonosari', '-', '818267463', 'Sudi Setiyono', '-', '-', '818267463', '-', '-', '', '', '', '', '', '', '', '', '', '', '', '', '', '2019/2020', '02 Januari 2020', '30 Maret 2020', 'Gunungkidul, 20 Maret 2020\r', 'Belum Verifikasi'),
(209, 'Rahmat', 'rahmat_ajis@smkmuhkarangmojo.sch.id', 4, '', '', 'Bengkel Maranata', 'Pundung sari, Semin', '-', '85643349124', 'Pramono', '-', 'Mekanik', '85643349124', '-', '-', '', '', '', '', '', '', '', '', '', '', '', '', '', '2019/2020', '02 Januari 2020', '30 Maret 2020', 'Gunungkidul, 20 Maret 2020\r', 'Belum Verifikasi'),
(210, 'Reno', 'reno_macheleano@smkmuhkarangmojo.sch.id', 4, '', '', '', '', '', '', '', '', '', '', '', '', '', '', '', '', '', '', '', '', '', '', '', '', '', '2019/2020', '02 Januari 2020', '30 Maret 2020', 'Gunungkidul, 20 Maret 2020\r', 'Belum Verifikasi'),
(211, 'SOTYA', 'sotya_marheni@smkmuhkarangmojo.sch.id', 4, '', '', '', '', '', '', '', '', '', '', '', '', '', '', '', '', '', '', '', '', '', '', '', '', '', '2019/2020', '02 Januari 2020', '30 Maret 2020', 'Gunungkidul, 20 Maret 2020\r', 'Belum Verifikasi'),
(212, 'Teguh', 'teguh_kurniawan@smkmuhkarangmojo.sch.id', 4, '', '', 'Bengkel Mobil Mulya Mandiri', 'Mulyosari Baleharjo RT 04 RW 02, Wonosari', '-', '-', 'Sugeng Purwanto', '-', 'Pimpinan/Pemilik', '81804114123', '-', '-', '', '', '', '', '', '', '', '', '', '', '', '', '', '2019/2020', '02 Januari 2020', '30 Maret 2020', 'Gunungkidul, 20 Maret 2020\r', 'Belum Verifikasi'),
(213, 'VERDIAN', 'verdian_pratama@smkmuhkarangmojo.sch.id', 4, '', '', 'Terapi Motor', '-', '-', '-', 'Yohanes Sugito', '-', '-', '87834071845', '-', '-', '', '', '', '', '', '', '', '', '', '', '', '', '', '2019/2020', '02 Januari 2020', '30 Maret 2020', 'Gunungkidul, 20 Maret 2020\r', 'Belum Verifikasi'),
(214, 'YUDIES', 'yudies_apriyanto@smkmuhkarangmojo.sch.id', 4, '', '', 'Ismanto', '-', '-', '-', '-', '-', '-', '-', '-', '-', '', '', '', '', '', '', '', '', '', '', '', '', '', '2019/2020', '02 Januari 2020', '30 Maret 2020', 'Gunungkidul, 20 Maret 2020\r', 'Belum Verifikasi'),
(215, 'ZACKY', 'zacky_ardiansyah@smkmuhkarangmojo.sch.id', 4, '', '', 'Bengkel Mobil Sedyorukun', 'Jl. Tentara Pelajar No. 40 Trimulyo I, Kepek, Wonosari', '-', '818267463', 'Sudi Setiyono', '-', '-', '818267463', '-', '-', '', '', '', '', '', '', '', '', '', '', '', '', '', '2019/2020', '02 Januari 2020', '30 Maret 2020', 'Gunungkidul, 20 Maret 2020\r', 'Belum Verifikasi'),
(216, 'ADI EKO PRASETYO', '9800@smkmuhkarangmojo.sch.id', 4, '9800', 'XI TKRO 1', 'BM. GOTREK AUTO', 'Jl. Kyai Legi Kepek Wonosari Gunungkidul', '-', '-', 'PRIYONO', '-', 'PIMPINAN', '-', '-', '-', 'Eko Cahyanto', '083840398931', 'B', 'B', 'B', 'B', '77', '80', '80', '78', '75', '', '', '2018/2019', '02 Januari 2019', '30 Maret 2019', 'Gunungkidul, 02 April 2019\r', 'Telah Verifikasi'),
(217, 'RICKI KRISTIAWAN', '9824@smkmuhkarangmojo.sch.id', 4, '9824', '-', 'BM. GOTREK AUTO', 'Jl. Kyai Legi Kepek Wonosari Gunungkidul', '-', '-', 'PRIYONO', '', 'PIMPINAN', '-', '-', '-', '', '', 'A', 'B', 'B', 'B', '80', '90', '80', '85', '80', '', '', '2018/2019', '02 Januari 2019', '30 Maret 2019', 'Gunungkidul, 02 April 2019\r', 'Belum Verifikasi'),
(218, 'DICKY YUNARDI', '9839@smkmuhkarangmojo.sch.id', 4, '9839', '-', 'BM ART GARAGE', 'Jl.Jetis,Jetis, Wedomartani, Ngemplak, Sleman, Daerah Istimewa Yogyakarta', '-', '-', 'HARTANTO SULISNO A.Md.T', '', 'Owner', '-', '-', '-', '', '', 'A', 'B', 'A', 'A', '85', '90', '85', '90', '95', '', '', '2018/2019', '02 Januari 2019', '30 Maret 2019', 'Gunungkidul, 02 April 2019\r', 'Belum Verifikasi'),
(219, 'RIDWAN SAIFUDIN', '9859@smkmuhkarangmojo.sch.id', 4, '9859', '-', 'BM ART GARAGE', 'Jl.Jetis,Jetis, Wedomartani, Ngemplak, Sleman, Daerah Istimewa Yogyakarta', '-', '-', 'HARTANTO SULISNO A.Md.T', '', 'Owner', '-', '-', '-', '', '', 'A', 'A', 'B', 'A', '85', '85', '80', '90', '95', '', '', '2018/2019', '02 Januari 2019', '30 Maret 2019', 'Gunungkidul, 02 April 2019\r', 'Belum Verifikasi'),
(220, 'ANDRI SULISTIYANTO', '9805@smkmuhkarangmojo.sch.id', 4, '9805', '-', 'BM. SETIA MOTOR', 'Jl. Kyai Legi Siyono Wetan Logandeng Playen, Gunungkidul', '-', '-', 'DEDY TRIONO', '', 'PIMPINAN', '-', '-', '-', '', '', 'A', 'B', 'B', 'B', '80', '78', '85', '75', '75', '', '', '2018/2019', '02 Januari 2019', '30 Maret 2019', 'Gunungkidul, 02 April 2019\r', 'Belum Verifikasi'),
(221, 'DIPO CAHYO', '9840@smkmuhkarangmojo.sch.id', 4, '9840', '-', 'BM. SETIA MOTOR', 'Jl. Kyai Legi Siyono Wetan Logandeng Playen, Gunungkidul', '-', '-', 'DEDY TRIONO', '', 'PIMPINAN', '-', '-', '-', '', '', 'A', 'B', 'B', 'B', '80', '79', '85', '80', '75', '', '', '2018/2019', '02 Januari 2019', '30 Maret 2019', 'Gunungkidul, 02 April 2019\r', 'Belum Verifikasi'),
(222, 'DAVID LUIS RIVALDO', '9837@smkmuhkarangmojo.sch.id', 4, '9837', '-', 'BM. MITRA AUTO CAR SERVICE', 'Jl, Raya Bakungan, No 46, Wedomertani, Ngemplak, Sleman, Yogyakarta', '-', '-', 'MUHAMMAD SHOLEHUDIN', '', 'MEKANIK', '-', '-', '-', '', '', 'B', 'B', 'B', 'B', '85', '80', '80', '80', '80', '', '', '2018/2019', '02 Januari 2019', '30 Maret 2019', 'Gunungkidul, 02 April 2019\r', 'Belum Verifikasi'),
(223, 'NUGROHO', '9853@smkmuhkarangmojo.sch.id', 4, '9853', '-', 'BM. MITRA AUTO CAR SERVICE', 'Jl, Raya Bakungan, No 46, Wedomertani, Ngemplak, Sleman, Yogyakarta', '-', '-', 'MUHAMMAD SHOLEHUDIN', '', 'MEKANIK', '-', '-', '-', '', '', 'B', 'B', 'B', 'B', '85', '80', '80', '80', '80', '', '', '2018/2019', '02 Januari 2019', '30 Maret 2019', 'Gunungkidul, 02 April 2019\r', 'Belum Verifikasi'),
(224, 'MUHAMMAD ASHIF DM.', '9819@smkmuhkarangmojo.sch.id', 4, '9819', '-', 'BM. IS', 'Ngipak Rt 01/01 Ngipak Karangmojo', '-', '-', 'ISMANTO', '', 'PEMILIK', '-', '-', '-', '', '', 'B', 'B', 'B', 'B', '90', '80', '85', '90', '80', '', '', '2018/2019', '02 Januari 2019', '30 Maret 2019', 'Gunungkidul, 02 April 2019\r', 'Belum Verifikasi'),
(225, 'NURI SAPUTRA', '9820@smkmuhkarangmojo.sch.id', 4, '9820', '-', 'BM. IS', 'Ngipak Rt 01/01 Ngipak Karangmojo', '-', '-', 'ISMANTO', '', 'PEMILIK', '-', '-', '-', '', '', 'B', 'B', 'B', 'B', '90', '80', '85', '90', '80', '', '', '2018/2019', '02 Januari 2019', '30 Maret 2019', 'Gunungkidul, 02 April 2019\r', 'Belum Verifikasi'),
(226, 'FAIZ MALVINO', '9842@smkmuhkarangmojo.sch.id', 4, '9842', '-', 'BM. IS', 'Ngipak Rt 01/01 Ngipak Karangmojo', '-', '-', 'ISMANTO', '', 'PEMILIK', '-', '-', '-', '', '', 'B', 'B', 'B', 'B', '90', '80', '85', '90', '80', '', '', '2018/2019', '02 Januari 2019', '30 Maret 2019', 'Gunungkidul, 02 April 2019\r', 'Belum Verifikasi'),
(227, 'CLARISA FEBRIAN DP.', '9836@smkmuhkarangmojo.sch.id', 4, '9836', '-', 'BM. SS AUTO', 'Clorot Semanu Gunungkidul', '-', '-', 'DIMAS EKA SAPUTRA', '', 'PIMPINAN', '-', '-', '-', '', '', 'A', 'B', 'B', 'B', '78', '79', '80', '77', '78', '', '', '2018/2019', '02 Januari 2019', '30 Maret 2019', 'Gunungkidul, 02 April 2019\r', 'Belum Verifikasi'),
(228, 'TASYA RAHAYU', '9860@smkmuhkarangmojo.sch.id', 4, '9860', '-', 'BM. SS AUTO', 'Clorot Semanu Gunungkidul', '-', '-', 'DIMAS EKA SAPUTRA', '', 'PIMPINAN', '-', '-', '-', '', '', 'A', 'B', 'B', 'B', '80', '79', '79', '80', '78', '', '', '2018/2019', '02 Januari 2019', '30 Maret 2019', 'Gunungkidul, 02 April 2019\r', 'Belum Verifikasi'),
(229, 'ANDRIYANSYAH PUTRO PRIYANTOKO', '9833@smkmuhkarangmojo.sch.id', 4, '9833', '-', 'PT CALINDO', 'Jl, Wonosari Baron, Km 15, Jenglot Pucanganom Rongkop', '-', '-', 'KHOLIL', '', 'MEKANIK', '-', '-', '-', '', '', 'A', 'B', 'B', 'B', '80', '87', '85', '77', '75', '', '', '2018/2019', '02 Januari 2019', '30 Maret 2019', 'Gunungkidul, 02 April 2019\r', 'Belum Verifikasi'),
(230, 'GIRI AJI WIBOWO', '9845@smkmuhkarangmojo.sch.id', 4, '9845', '-', 'PT CALINDO', 'Jl, Wonosari Baron, Km 15, Jenglot Pucanganom Rongkop', '-', '-', 'KHOLIL', '', 'MEKANIK', '-', '-', '-', '', '', 'A', 'B', 'B', 'B', '80', '87', '85', '77', '75', '', '', '2018/2019', '02 Januari 2019', '30 Maret 2019', 'Gunungkidul, 02 April 2019\r', 'Belum Verifikasi'),
(231, 'MUHAMMAD FEBRIAN HARTANTO', '9849@smkmuhkarangmojo.sch.id', 4, '9849', '-', 'PT ROSALIA INDAH', 'Jl Raya Semin Gunungkidul', '-', '-', 'MARTINUS JAROT PRAKOSA', '-', 'PIMPINAN', '-', '-', '-', '', '', 'A', 'B', 'A', 'B', '85', '84', '83', '85', '85', '', '', '2018/2019', '02 Januari 2019', '30 Maret 2019', 'Gunungkidul, 02 April 2019\r', 'Belum Verifikasi'),
(232, 'PRAMUDITA RESTU M.', '9855@smkmuhkarangmojo.sch.id', 4, '9855', '-', 'PT ROSALIA INDAH', 'Jl Raya Semin Gunungkidul', '-', '-', 'MARTINUS JAROT PRAKOSA', '', 'PIMPINAN', '-', '-', '-', '', '', 'A', 'B', 'A', 'B', '84', '85', '83', '85', '85', '', '', '2018/2019', '02 Januari 2019', '30 Maret 2019', 'Gunungkidul, 02 April 2019\r', 'Belum Verifikasi'),
(233, 'YOGI ANDREAN', '9862@smkmuhkarangmojo.sch.id', 4, '9862', '-', 'PT ROSALIA INDAH', 'Jl Raya Semin Gunungkidul', '-', '-', 'MARTINUS JAROT PRAKOSA', '', 'PIMPINAN', '-', '-', '-', '', '', 'A', 'B', 'B', 'A', '83', '85', '84', '85', '85', '', '', '2018/2019', '02 Januari 2019', '30 Maret 2019', 'Gunungkidul, 02 April 2019\r', 'Belum Verifikasi'),
(234, 'RAHMAD RIYADI', '9857@smkmuhkarangmojo.sch.id', 4, '9857', '-', 'PT ROSALIA INDAH', 'Jl Raya Semin Gunungkidul', '-', '-', 'MARTINUS JAROT PRAKOSA', '', 'PIMPINAN', '-', '-', '-', '', '', 'A', 'B', 'B', 'A', '85', '83', '84', '85', '85', '', '', '2018/2019', '02 Januari 2019', '30 Maret 2019', 'Gunungkidul, 02 April 2019\r', 'Belum Verifikasi'),
(235, 'AHMAD DZUL QURNAINI A.', '9853@smkmuhkarangmojo.sch.id', 4, '9853', '-', 'PT ROSALIA INDAH', 'Jl Raya Semin Gunungkidul', '-', '-', 'MARTINUS JAROT PRAKOSA', '', 'PIMPINAN', '-', '-', '-', '', '', 'A', 'B', 'B', 'A', '85', '84', '83', '85', '85', '', '', '2018/2019', '02 Januari 2019', '30 Maret 2019', 'Gunungkidul, 02 April 2019\r', 'Belum Verifikasi'),
(236, 'MARISKA DIAN M.', '9817@smkmuhkarangmojo.sch.id', 4, '9817', '-', 'BM GALANG MOTOR', 'Tawarsari Wonosari', '-', '-', 'SUGENG', '', 'PIMPINAN', '-', '-', '-', '', '', 'A', 'A', 'A-', 'A', '90', '85', '92', '95', '95', '', '', '2018/2019', '02 Januari 2019', '30 Maret 2019', 'Gunungkidul, 02 April 2019\r', 'Belum Verifikasi'),
(237, 'SILVIA AGUSTINA', '9825@smkmuhkarangmojo.sch.id', 4, '9825', '-', 'DHEA MOTOR', 'Keringan Kidul Bulurejo Semin', '-', '-', 'TRIYONO', '', 'KEPALA MEKANIK', '-', '-', '-', '', '', 'B', 'B', 'B', 'B', '80', '80', '80', '80', '80', '', '', '2018/2019', '02 Januari 2019', '30 Maret 2019', 'Gunungkidul, 02 April 2019\r', 'Belum Verifikasi'),
(238, 'ANGGA PUTRA ADITYA', '9807@smkmuhkarangmojo.sch.id', 4, '9807', '-', 'DHEA MOTOR', 'Keringan Kidul Bulurejo Semin', '-', '-', 'TRIYONO', '', 'KEPALA MEKANIK', '-', '-', '-', '', '', 'B', 'B', 'B', 'B', '80', '80', '80', '80', '80', '', '', '2018/2019', '02 Januari 2019', '30 Maret 2019', 'Gunungkidul, 02 April 2019\r', 'Belum Verifikasi'),
(239, 'DANI FEBRIANTO', '9811@smkmuhkarangmojo.sch.id', 4, '9811', '-', 'DHEA MOTOR', 'Keringan Kidul Bulurejo Semin', '-', '-', 'TRIYONO', '', 'KEPALA MEKANIK', '-', '-', '-', '', '', 'B', 'B', 'B', 'B', '80', '80', '80', '80', '80', '', '', '2018/2019', '02 Januari 2019', '30 Maret 2019', 'Gunungkidul, 02 April 2019\r', 'Belum Verifikasi'),
(240, 'DONI OKTAFIAN', '9841@smkmuhkarangmojo.sch.id', 4, '9841', '-', 'DHEA MOTOR', 'Keringan Kidul Bulurejo Semin', '-', '-', 'TRIYONO', '', 'KEPALA MEKANIK', '-', '-', '-', '', '', 'B', 'B', 'B', 'B', '80', '80', '80', '80', '80', '', '', '2018/2019', '02 Januari 2019', '30 Maret 2019', 'Gunungkidul, 02 April 2019\r', 'Belum Verifikasi'),
(241, 'MUHAMMAD RISKY S.', '9852@smkmuhkarangmojo.sch.id', 4, '9852', '-', 'DHEA MOTOR', 'Keringan Kidul Bulurejo Semin', '-', '-', 'TRIYONO', '', 'KEPALA MEKANIK', '-', '-', '-', '', '', 'B', 'B', 'B', 'B', '80', '80', '80', '80', '80', '', '', '2018/2019', '02 Januari 2019', '30 Maret 2019', 'Gunungkidul, 02 April 2019\r', 'Belum Verifikasi'),
(242, 'WULANDARI', '9829@smkmuhkarangmojo.sch.id', 4, '9829', '-', 'BM. MBAH RUD', 'JL. Karangmojo-Ponjong, Karangmojo 1, Karangmojo, Gunungkidul', '-', '-', 'RUDITO', '', 'PIMPINAN', '-', '-', '-', '', '', 'B', 'B', 'B', 'B', '80', '80', '80', '80', '80', '', '', '2018/2019', '02 Januari 2019', '30 Maret 2019', 'Gunungkidul, 02 April 2019\r', 'Belum Verifikasi'),
(243, 'ASWIN DWI NUR HIDAYANTO', '9810@smkmuhkarangmojo.sch.id', 4, '9810', '-', 'BAS AUTO SERVICE', 'Jl. Karangmojo Semin Km 1 Gunungkidul', '-', '-', 'BASUKI RAHMAT', '', 'PIMPINAN', '-', '-', '-', '', '', 'A', 'B', 'B', 'A', '85', '85', '90', '85', '85', '', '', '2018/2019', '02 Januari 2019', '30 Maret 2019', 'Gunungkidul, 02 April 2019\r', 'Belum Verifikasi'),
(244, 'ANDIKA NURULMUSTOFA', '9804@smkmuhkarangmojo.sch.id', 4, '9804', '-', 'BAS AUTO SERVICE', 'Jl. Karangmojo Semin Km 1 Gunungkidul', '-', '-', 'BASUKI RAHMAT', '', 'PIMPINAN', '-', '-', '-', '', '', 'A', 'B', 'B', 'A', '85', '85', '90', '85', '85', '', '', '2018/2019', '02 Januari 2019', '30 Maret 2019', 'Gunungkidul, 02 April 2019\r', 'Belum Verifikasi'),
(245, 'HESKIA ALFIANTO', '9814@smkmuhkarangmojo.sch.id', 4, '9814', '-', 'BAS AUTO SERVICE', 'Jl. Karangmojo Semin Km 1 Gunungkidul', '-', '-', 'BASUKI RAHMAT', '', 'PIMPINAN', '-', '-', '-', '', '', 'A', 'B', 'B', 'A', '85', '85', '90', '85', '85', '', '', '2018/2019', '02 Januari 2019', '30 Maret 2019', 'Gunungkidul, 02 April 2019\r', 'Belum Verifikasi'),
(246, 'DEDE HERMIAWAN', '9838@smkmuhkarangmojo.sch.id', 4, '9838', '-', 'BAS AUTO SERVICE', 'Jl. Karangmojo Semin Km 1 Gunungkidul', '-', '-', 'BASUKI RAHMAT', '', 'PIMPINAN', '-', '-', '-', '', '', 'A', 'B', 'B', 'A', '85', '85', '90', '85', '85', '', '', '2018/2019', '02 Januari 2019', '30 Maret 2019', 'Gunungkidul, 02 April 2019\r', 'Belum Verifikasi'),
(247, 'ARDI MAHENDRA', '9834@smkmuhkarangmojo.sch.id', 4, '9834', '-', 'AL- H.RALLY AUTO CAR', 'Jl. Wonosari Yogya Km 3 Siyono', '-', '-', 'JIHAD SRI HAKSARA', '', 'PIMPINAN', '-', '-', '-', '', '', 'A', 'B', 'B', 'A', '85', '85', '90', '85', '85', '', '', '2018/2019', '02 Januari 2019', '30 Maret 2019', 'Gunungkidul, 02 April 2019\r', 'Belum Verifikasi'),
(248, 'ARI NUGROHO', '9835@smkmuhkarangmojo.sch.id', 4, '9835', '-', 'AL- H.RALLY AUTO CAR', 'Jl. Wonosari Yogya Km 3 Siyono', '-', '-', 'JIHAD SRI HAKSARA', '', 'PIMPINAN', '-', '-', '-', '', '', 'A', 'B', 'B', 'A', '85', '85', '90', '85', '85', '', '', '2018/2019', '02 Januari 2019', '30 Maret 2019', 'Gunungkidul, 02 April 2019\r', 'Belum Verifikasi'),
(249, 'MOH OKI SUHARYANTO', '9850@smkmuhkarangmojo.sch.id', 4, '9850', '-', 'AL- H.RALLY AUTO CAR', 'Jl. Wonosari Yogya Km 3 Siyono', '-', '-', 'JIHAD SRI HAKSARA', '', 'PIMPINAN', '-', '-', '-', '', '', 'A', 'B', 'B', 'A', '85', '85', '90', '85', '85', '', '', '2018/2019', '02 Januari 2019', '30 Maret 2019', 'Gunungkidul, 02 April 2019\r', 'Belum Verifikasi'),
(250, 'PRAYUDHA BIANTORO', '9856@smkmuhkarangmojo.sch.id', 4, '9856', '-', 'GEMBONG JAYA VW', 'Sendari Tirtoadi Mlati Sleman', '-', '-', 'SUPRIYANTO', '', 'KEPALA BENGKEL', '-', '-', '-', '', '', 'A', 'A', 'A', 'A', '95', '95', '95', '100', '100', '', '', '2018/2019', '02 Januari 2019', '30 Maret 2019', 'Gunungkidul, 02 April 2019\r', 'Belum Verifikasi'),
(251, 'PRAYOGA DARMAWAN', '9821@smkmuhkarangmojo.sch.id', 4, '9821', '-', 'MAJU MAPAN AUTO CAR', 'Jl. Ring Rood Selatan Seneng Siraman Wonosari Gk', '-', '-', 'SULISTIYONO', '', 'KEPALA MEKANIK', '-', '-', '-', '', '', 'A', 'B+', 'A', 'A', '85', '80', '85', '85', '85', '', '', '2018/2019', '02 Januari 2019', '30 Maret 2019', 'Gunungkidul, 02 April 2019\r', 'Belum Verifikasi'),
(252, 'TAOFIK QURROHMAN', '9827@smkmuhkarangmojo.sch.id', 4, '9827', '-', 'MAJU MAPAN AUTO CAR', 'Jl. Ring Rood Selatan Seneng Siraman Wonosari Gk', '-', '-', 'SULISTIYONO', '', 'KEPALA MEKANIK', '-', '-', '-', '', '', 'A', 'B+', 'A', 'A', '85', '80', '85', '85', '85', '', '', '2018/2019', '02 Januari 2019', '30 Maret 2019', 'Gunungkidul, 02 April 2019\r', 'Belum Verifikasi'),
(253, 'MOCHAMAD GUSTI F.', '9818@smkmuhkarangmojo.sch.id', 4, '9818', '-', 'TIBO URIP TRANSPORT', 'Jl. Ring Rood Selatan, Wonosari', '-', '-', 'HAZTOMO TRI ANGGORO', '', 'KEPALA MEKANIK', '-', '-', '-', '', '', 'A', 'A-', 'B+', 'B', '80', '75', '80', '85', '88', '', '', '2018/2019', '02 Januari 2019', '30 Maret 2019', 'Gunungkidul, 02 April 2019\r', 'Belum Verifikasi'),
(254, 'RAMDANI FERDIANS', '9987@smkmuhkarangmojo.sch.id', 4, '9987', '-', 'TIBO URIP TRANSPORT', 'Jl. Ring Rood Selatan, Wonosari', '-', '-', 'HAZTOMO TRI ANGGORO', '', 'KEPALA MEKANIK', '-', '-', '-', '', '', 'A', 'A-', 'B+', 'B', '77', '78', '80', '83', '87', '', '', '2018/2019', '02 Januari 2019', '30 Maret 2019', 'Gunungkidul, 02 April 2019\r', 'Belum Verifikasi'),
(255, 'AHMAD NOOR FERISQI', '9801@smkmuhkarangmojo.sch.id', 4, '9801', '-', 'BENGKEL LATANZA AUTO', 'Jl Sumber Agung, Tawarsari 02/18, Wonosari,  Gunungkidul, Yogyakarta', '-', '-', 'MUHAMMAD ABDUL MAJID', '', 'ADMIN', '-', '-', '-', '', '', 'A+', 'A+', 'A+', 'A+', '90', '90', '95', '95', '95', '', '', '2018/2019', '02 Januari 2019', '30 Maret 2019', 'Gunungkidul, 02 April 2019\r', 'Belum Verifikasi'),
(256, 'AKBAR AULIA RAMADHAN', '9802@smkmuhkarangmojo.sch.id', 4, '9802', '-', 'BENGKEL LATANZA AUTO', 'Jl Sumber Agung, Tawarsari 02/18, Wonosari,  Gunungkidul, Yogyakarta', '-', '-', 'MUHAMMAD ABDUL MAJID', '', 'ADMIN', '-', '-', '-', '', '', 'A+', 'A+', 'A+', 'A+', '95', '90', '90', '95', '95', '', '', '2018/2019', '02 Januari 2019', '30 Maret 2019', 'Gunungkidul, 02 April 2019\r', 'Belum Verifikasi'),
(257, 'REZA ADITIA AKMAL', '9831@smkmuhkarangmojo.sch.id', 4, '9831', '-', 'VIKKY JAYA', 'Karangmojo 1 Karangmojo Gunungkidul', '-', '-', 'SUGIYONO', '', 'KEPALA MEKANIK', '-', '-', '-', '', '', 'A', 'A', 'B', 'A', '90', '90', '95', '80', '80', '', '', '2018/2019', '02 Januari 2019', '30 Maret 2019', 'Gunungkidul, 02 April 2019\r', 'Belum Verifikasi'),
(258, 'TAUFA PURWANTO', '9861@smkmuhkarangmojo.sch.id', 4, '9861', '-', 'VIKKY JAYA', 'Karangmojo 1 Karangmojo Gunungkidul', '-', '-', 'SUGIYONO', '', 'KEPALA MEKANIK', '-', '-', '-', '', '', 'A', 'A', 'B', 'A', '90', '90', '95', '80', '80', '', '', '2018/2019', '02 Januari 2019', '30 Maret 2019', 'Gunungkidul, 02 April 2019\r', 'Belum Verifikasi'),
(259, 'GALIH ISTIYANTO', '9844@smkmuhkarangmojo.sch.id', 4, '9844', '-', 'VIKKY JAYA', 'Karangmojo 1 Karangmojo Gunungkidul', '-', '-', 'SUGIYONO', '', 'KEPALA MEKANIK', '-', '-', '-', '', '', 'A', 'A', 'B', 'A', '90', '90', '95', '80', '80', '', '', '2018/2019', '02 Januari 2019', '30 Maret 2019', 'Gunungkidul, 02 April 2019\r', 'Belum Verifikasi'),
(260, 'RAHMAD TRIANGGORO', '9822@smkmuhkarangmojo.sch.id', 4, '9822', '-', 'VIKKY JAYA', 'Karangmojo 1 Karangmojo Gunungkidul', '-', '-', 'SUGIYONO', '', 'KEPALA MEKANIK', '-', '-', '-', '', '', 'A', 'A', 'B', 'A', '90', '90', '95', '80', '80', '', '', '2018/2019', '02 Januari 2019', '30 Maret 2019', 'Gunungkidul, 02 April 2019\r', 'Belum Verifikasi'),
(261, 'TOMI SUNANDAR', '9828@smkmuhkarangmojo.sch.id', 4, '9828', '-', 'SAHABAT MOTOR ', 'Watukelir Sukoharjo', '-', '-', '', '', 'KEPALA MEKANIK', '-', '-', '-', '', '', 'A', 'A-', 'B+', 'B', '77', '78', '80', '83', '87', '', '', '2018/2019', '02 Januari 2019', '30 Maret 2019', 'Gunungkidul, 02 April 2019\r', 'Belum Verifikasi'),
(262, 'DENI ELVANDO', '9812@smkmuhkarangmojo.sch.id', 4, '9812', '-', 'SAHABAT MOTOR ', 'Watukelir Sukoharjo', '-', '-', '', '', 'KEPALA MEKANIK', '-', '-', '-', '', '', 'A', 'A-', 'B+', 'B', '77', '78', '80', '83', '87', '', '', '2018/2019', '02 Januari 2019', '30 Maret 2019', 'Gunungkidul, 02 April 2019\r', 'Belum Verifikasi'),
(263, 'MUHAMMAD RAFLI Z.', '9851@smkmuhkarangmojo.sch.id', 4, '9851', '-', 'SAHABAT MOTOR ', 'Watukelir Sukoharjo', '-', '-', '', '', 'KEPALA MEKANIK', '-', '-', '-', '', '', 'A', 'A-', 'B+', 'B', '77', '78', '80', '83', '87', '', '', '2018/2019', '02 Januari 2019', '30 Maret 2019', 'Gunungkidul, 02 April 2019\r', 'Belum Verifikasi'),
(264, 'PERI RISTIANTO', '9854@smkmuhkarangmojo.sch.id', 4, '9854', '-', 'HUMAM MOTOR', 'Sambeng II SAMBIREJO Ngawen GK', '-', '-', 'PIPIT SANTOSO', '', 'PEMILIK BENGKEL', '-', '-', '-', '', '', 'B', 'B', 'B', 'B', '90', '85', '80', '85', '80', '', '', '2018/2019', '02 Januari 2019', '30 Maret 2019', 'Gunungkidul, 02 April 2019\r', 'Belum Verifikasi'),
(265, 'RAHMAT DWI JUNIYANTO', '9823@smkmuhkarangmojo.sch.id', 4, '9823', '-', 'HUMAM MOTOR', 'Sambeng II SAMBIREJO Ngawen GK', '-', '-', 'PIPIT SANTOSO', '', 'PEMILIK BENGKEL', '-', '-', '-', '', '', 'B', 'B', 'B', 'B', '90', '85', '80', '85', '80', '', '', '2018/2019', '02 Januari 2019', '30 Maret 2019', 'Gunungkidul, 02 April 2019\r', 'Belum Verifikasi'),
(266, 'ZAHID ZAINUL MUTTAQIN', '9830@smkmuhkarangmojo.sch.id', 4, '9830', '-', 'HUMAM MOTOR', 'Sambeng II SAMBIREJO Ngawen GK', '-', '-', 'PIPIT SANTOSO', '', 'PEMILIK BENGKEL', '-', '-', '-', '', '', 'B', 'B', 'B', 'B', '90', '85', '80', '85', '80', '', '', '2018/2019', '02 Januari 2019', '30 Maret 2019', 'Gunungkidul, 02 April 2019\r', 'Belum Verifikasi'),
(267, 'ANDI SETIAWAN', '9803@smkmuhkarangmojo.sch.id', 4, '9803', '-', 'SABAR BARU MOTOR', 'Keringan Lor Semin Gunungkidul', '-', '-', 'WISNU', '', 'KEPALA BENGKEL', '-', '-', '-', '', '', 'B', 'B', 'B+', 'B', '80', '80', '80', '80', '80', '', '', '2018/2019', '02 Januari 2019', '30 Maret 2019', 'Gunungkidul, 02 April 2019\r', 'Belum Verifikasi'),
(268, 'SYAHRIL YOGA PRASETYA', '9826@smkmuhkarangmojo.sch.id', 4, '9826', '-', 'SABAR BARU MOTOR', 'Keringan Lor Semin Gunungkidul', '-', '-', 'WISNU', '', 'KEPALA BENGKEL', '-', '-', '-', '', '', 'B', 'B', 'B+', 'B', '80', '80', '80', '80', '80', '', '', '2018/2019', '02 Januari 2019', '30 Maret 2019', 'Gunungkidul, 02 April 2019\r', 'Belum Verifikasi'),
(269, 'RAIF MUHAMMAD RIDWAN', '9858@smkmuhkarangmojo.sch.id', 4, '9858', '-', 'NISSAN DATSUN MLATI', 'Jl. Magelang Km 10, Bangunrejo, Tridadi, Sleman, Yogyakarta', '-', '-', 'BAYU FEBRIANTO, S.T', '', 'KEPALA BENGKEL', '-', '-', '-', '', '', 'A', 'B', 'B', 'A', '85', '85', '88', '90', '85', '', '', '2018/2019', '02 Januari 2019', '30 Maret 2019', 'Gunungkidul, 02 April 2019\r', 'Belum Verifikasi'),
(270, 'ISMAIL SALEH', '9846@smkmuhkarangmojo.sch.id', 4, '9846', '-', 'NISSAN DATSUN MLATI', 'Jl. Magelang Km 10, Bangunrejo, Tridadi, Sleman, Yogyakarta', '-', '-', 'BAYU FEBRIANTO, S.T', '', 'KEPALA BENGKEL', '-', '-', '-', '', '', 'B', 'B', 'A', 'B', '80', '80', '85', '82', '95', '', '', '2018/2019', '02 Januari 2019', '30 Maret 2019', 'Gunungkidul, 02 April 2019\r', 'Belum Verifikasi'),
(271, 'ILHAM MAULUDDIN', '9815@smkmuhkarangmojo.sch.id', 4, '9815', '-', 'ADIT MOTOR', 'Pandanan Semin', '-', '-', '', '', 'KEPALA BENGKEL', '-', '-', '-', '', '', 'A', 'A-', 'B+', 'B', '77', '78', '80', '83', '87', '', '', '2018/2019', '02 Januari 2019', '30 Maret 2019', 'Gunungkidul, 02 April 2019\r', 'Belum Verifikasi'),
(272, 'IVA NOVITARIA', '9816@smkmuhkarangmojo.sch.id', 4, '9816', '-', 'PT SANOH INDONESIA', 'Jl Inti IIBlok C-4, N0.10 Kawasan Industri HYUNDAY ', '-', '-', '', '', 'KEPALA BENGKEL', '-', '-', '-', '', '', 'A', 'A-', 'B+', 'B', '77', '78', '80', '83', '87', '', '', '2018/2019', '02 Januari 2019', '30 Maret 2019', 'Gunungkidul, 02 April 2019\r', 'Belum Verifikasi'),
(273, 'ARIF SUSANTO', '9809@smkmuhkarangmojo.sch.id', 4, '9809', '-', 'BM DITTO MOTOR', 'Wanujoyo Kidul, Srimartani, Piyungan Bantul', '-', '-', 'SUKIRMAN', '', 'KEPALA MEKANIK', '-', '-', '-', '', '', 'B', 'B', 'B', 'B', '75', '90', '100', '75', '100', '', '', '2018/2019', '02 Januari 2019', '30 Maret 2019', 'Gunungkidul, 02 April 2019\r', 'Belum Verifikasi'),
(274, 'ANASTASYA CINDY UTAMI', '9863@smkmuhkarangmojo.sch.id', 6, '9863', '-', 'SEKRETARIAT DPRD KABUPATEN GUNUNGKIDUL', 'Jl. Brigjen Katamso No 12 Wonosari Gunungkidul', '-', '-', 'Drs. AGUS HARTADI, M.Si', '1,96E+17', 'Sekretaris Dewan Perwakilan Daerah Kabupaten Gunungkidul', '-', '-', '-', '', '', 'A', 'B', 'B', 'A', '80', '81', '77', '80', '85', '', '', '2018/2019', '02 Januari 2019', '30 Maret 2019', 'Gunungkidul, 02 April 2019\r', 'Belum Verifikasi'),
(275, 'KHOIRUL SYAHIDAH', '9898@smkmuhkarangmojo.sch.id', 6, '9898', '-', 'SEKRETARIAT DPRD KABUPATEN GUNUNGKIDUL', 'Jl. Brigjen Katamso No 12 Wonosari Gunungkidul', '-', '-', 'Drs. AGUS HARTADI, M.Si', '1,96E+17', 'Sekretaris Dewan Perwakilan Daerah Kabupaten Gunungkidul', '-', '-', '-', '', '', 'A', 'B', 'B', 'A', '81', '81', '78', '80', '84', '', '', '2018/2019', '02 Januari 2019', '30 Maret 2019', 'Gunungkidul, 02 April 2019\r', 'Belum Verifikasi'),
(276, 'NUR CAHYANTI', '9902@smkmuhkarangmojo.sch.id', 6, '9902', '-', 'BANK MINI MOEKA', 'SMK Muhammadiyah Karangmojo', '-', '-', 'NURFITRI HERLINA MURTI,S.Pd', '', 'Ketua Program Keahlian', '-', '-', '-', '', '', 'A', 'A', 'A', 'A', '90', '90', '90', '90', '90', '', '', '2018/2019', '02 Januari 2019', '30 Maret 2019', 'Gunungkidul, 02 April 2019\r', 'Belum Verifikasi'),
(277, 'ENI TRISNAWATI', '9868@smkmuhkarangmojo.sch.id', 6, '9868', '-', 'KOPERASI JASA KEUANGAN SYARIAH PERMATA', 'Jl. Wonosari-Karangmojo Km.2 Wiladeg Karangmojo, Gunungkidul', '-', '-', 'TUKIYAT, SE', '', 'Manager', '-', '-', '-', '', '', 'A', 'B', 'B', 'B', '80', '80', '75', '85', '80', '', '', '2018/2019', '02 Januari 2019', '30 Maret 2019', 'Gunungkidul, 02 April 2019\r', 'Belum Verifikasi'),
(278, 'UTARI KURNIAWATI', '9884@smkmuhkarangmojo.sch.id', 6, '9884', '-', 'KOPERASI JASA KEUANGAN SYARIAH PERMATA', 'Jl. Wonosari-Karangmojo Km.2 Wiladeg Karangmojo, Gunungkidul', '-', '-', 'TUKIYAT, SE', '', 'Manager', '-', '-', '-', '', '', 'A', 'B', 'A', 'B', '85', '80', '80', '80', '85', '', '', '2018/2019', '02 Januari 2019', '30 Maret 2019', 'Gunungkidul, 02 April 2019\r', 'Belum Verifikasi'),
(279, 'ANGGUN PUTRI KUMALA D', '9864@smkmuhkarangmojo.sch.id', 6, '9864', '-', 'KP-RI \"TEGAK\"  KARANGMOJO,GUNUNGKIDUL', 'Gedangan Gedangrejo Karangmojo, Gunungkidul', '-', '-', 'B.NGATIJA, S.Pd', '', 'Ketua KPRI Tegak', '-', '-', '-', '', '', 'A', 'B', 'A', 'B', '89', '93', '89', '93', '85', '', '', '2018/2019', '02 Januari 2019', '30 Maret 2019', 'Gunungkidul, 02 April 2019\r', 'Belum Verifikasi'),
(280, 'PINASTI MAHARANI', '9875@smkmuhkarangmojo.sch.id', 6, '9875', '-', 'KP-RI \"TEGAK\"  KARANGMOJO,GUNUNGKIDUL', 'Gedangan Gedangrejo Karangmojo, Gunungkidul', '-', '-', 'B.NGATIJA, S.Pd', '', 'Ketua KPRI Tegak', '-', '-', '-', '', '', 'A', 'A', 'B', 'B', '88', '88', '92', '93', '86', '', '', '2018/2019', '02 Januari 2019', '30 Maret 2019', 'Gunungkidul, 02 April 2019\r', 'Belum Verifikasi'),
(281, 'SEPIYA FITRIA ANGGRAENI', '9881@smkmuhkarangmojo.sch.id', 6, '9881', '-', 'KP-RI \"TEGAK\"  KARANGMOJO,GUNUNGKIDUL', 'Gedangan Gedangrejo Karangmojo, Gunungkidul', '-', '-', 'B.NGATIJA, S.Pd', '', 'Ketua KPRI Tegak', '-', '-', '-', '', '', 'B', 'A', 'A', 'B', '90', '87', '88', '92', '85', '', '', '2018/2019', '02 Januari 2019', '30 Maret 2019', 'Gunungkidul, 02 April 2019\r', 'Belum Verifikasi'),
(282, 'FITRIA NUR BAITY', '9871@smkmuhkarangmojo.sch.id', 6, '9871', '-', 'UDB PPM KECAMATAN PONJONG, GUNUNGKIDUL', 'Jl. Jendral Sudirman Kerjo 1, Genjahan Ponjong Gunungkidul', '-', '-', 'Drs. KAPEYONO', '', 'Ketua PPM Kecamatan Ponjong', '-', '-', '-', '', '', 'A', 'A', 'A', 'A', '90', '90', '90', '95', '90', '', '', '2018/2019', '02 Januari 2019', '30 Maret 2019', 'Gunungkidul, 02 April 2019\r', 'Belum Verifikasi'),
(283, 'IKA RINAWATI', '9872@smkmuhkarangmojo.sch.id', 6, '9872', '-', 'UDB PPM KECAMATAN PONJONG, GUNUNGKIDUL', 'Jl. Jendral Sudirman Kerjo 1, Genjahan Ponjong Gunungkidul', '-', '-', 'Drs. KAPEYONO', '', 'Ketua PPM Kecamatan Ponjong', '-', '-', '-', '', '', 'A', 'A', 'B', 'B', '85', '85', '80', '80', '90', '', '', '2018/2019', '02 Januari 2019', '30 Maret 2019', 'Gunungkidul, 02 April 2019\r', 'Belum Verifikasi'),
(284, 'LATIFA NUR PRATIWI', '9873@smkmuhkarangmojo.sch.id', 6, '9873', '-', 'UDB PPM KECAMATAN PONJONG, GUNUNGKIDUL', 'Jl. Jendral Sudirman Kerjo 1, Genjahan Ponjong Gunungkidul', '-', '-', 'Drs. KAPEYONO', '', 'Ketua PPM Kecamatan Ponjong', '-', '-', '-', '', '', 'A', 'A', 'B', 'A', '90', '90', '85', '90', '90', '', '', '2018/2019', '02 Januari 2019', '30 Maret 2019', 'Gunungkidul, 02 April 2019\r', 'Belum Verifikasi'),
(285, 'RIDLO KINASIH', '9877@smkmuhkarangmojo.sch.id', 6, '9877', '-', 'UDB PPM KECAMATAN PONJONG, GUNUNGKIDUL', 'Jl. Jendral Sudirman Kerjo 1, Genjahan Ponjong Gunungkidul', '-', '-', 'Drs. KAPEYONO', '', 'Ketua PPM Kecamatan Ponjong', '-', '-', '-', '', '', 'A', 'A', 'A', 'B', '85', '90', '80', '90', '90', '', '', '2018/2019', '02 Januari 2019', '30 Maret 2019', 'Gunungkidul, 02 April 2019\r', 'Belum Verifikasi'),
(286, 'EKO NUGROHO', '9890@smkmuhkarangmojo.sch.id', 6, '9890', '-', 'UPK MAKMUR KARANGMOJO', 'Jl.Karangmojo -Ponjong Km 0,5 , Karangmojo 1, Karangmojo, Gunungkidul', '-', '-', 'AGUS PURNAMA,ST', '', 'Ketua UPK Makmur', '-', '-', '-', '', '', 'A', 'B+', 'B', 'A-', '90', '85', '80', '80', '85', '', '', '2018/2019', '02 Januari 2019', '30 Maret 2019', 'Gunungkidul, 02 April 2019\r', 'Belum Verifikasi'),
(287, 'IRNI ANGGUN WIBOWO', '9896@smkmuhkarangmojo.sch.id', 6, '9896', '-', 'UPK MAKMUR KARANGMOJO', 'Jl.Karangmojo -Ponjong Km 0,5 , Karangmojo 1, Karangmojo, Gunungkidul', '-', '-', 'AGUS PURNAMA,ST', '', 'Ketua UPK Makmur', '-', '-', '-', '', '', 'A', 'B+', 'B', 'A-', '90', '80', '80', '85', '85', '', '', '2018/2019', '02 Januari 2019', '30 Maret 2019', 'Gunungkidul, 02 April 2019\r', 'Belum Verifikasi'),
(288, 'LAFINDA AJENG ARDIANY', '9899@smkmuhkarangmojo.sch.id', 6, '9899', '-', 'UPK MAKMUR KARANGMOJO', 'Jl.Karangmojo -Ponjong Km 0,5 , Karangmojo 1, Karangmojo, Gunungkidul', '-', '-', 'AGUS PURNAMA,ST', '', 'Ketua UPK Makmur', '-', '-', '-', '', '', 'A', 'B+', 'B', 'A-', '90', '80', '85', '80', '85', '', '', '2018/2019', '02 Januari 2019', '30 Maret 2019', 'Gunungkidul, 02 April 2019\r', 'Belum Verifikasi'),
(289, 'AULIEA RIZKI NUR SAFITRI', '9886@smkmuhkarangmojo.sch.id', 6, '9886', '-', 'BMT DANA INSANI PONJONG', 'Kerjo II Genjahan Ponjong, Gunungkidul', '-', '-', 'LITA NURSITI, SE', '', 'Koordinator Cabang', '-', '-', '-', '', '', 'A', 'B', 'B', 'A', '85', '80', '90', '85', '80', '', '', '2018/2019', '02 Januari 2019', '30 Maret 2019', 'Gunungkidul, 02 April 2019\r', 'Belum Verifikasi'),
(290, 'FANNI WULANDARI', '9891@smkmuhkarangmojo.sch.id', 6, '9891', '-', 'BMT DANA INSANI PONJONG', 'Kerjo II Genjahan Ponjong, Gunungkidul', '-', '-', 'LITA NURSITI, SE', '', 'Koordinator Cabang', '-', '-', '-', '', '', 'A', 'B', 'A', 'A', '85', '80', '90', '85', '80', '', '', '2018/2019', '02 Januari 2019', '30 Maret 2019', 'Gunungkidul, 02 April 2019\r', 'Belum Verifikasi'),
(291, 'DWI ASTUTI', '9867@smkmuhkarangmojo.sch.id', 6, '9867', '-', 'BMT DANA INSANI PONJONG', 'Kerjo II Genjahan Ponjong, Gunungkidul', '-', '-', 'LITA NURSITI, SE', '', 'Koordinator Cabang', '-', '-', '-', '', '', 'A', 'A', 'B', 'A', '80', '85', '90', '80', '85', '', '', '2018/2019', '02 Januari 2019', '30 Maret 2019', 'Gunungkidul, 02 April 2019\r', 'Belum Verifikasi'),
(292, 'CHINTIYA EKA PERMATASARI', '9887@smkmuhkarangmojo.sch.id', 6, '9887', '-', 'KP-RI BANGUN', 'Jl. Kol. Sugiono No 5 Wonosari Gunungkidul', '-', '-', 'Drs.MASHUDI, MM.Pd.', '', 'Ketua KPRI Bangun Wonosari', '-', '-', '-', '', '', 'B', 'B', 'B', 'B', '88', '88', '89', '88', '90', '', '', '2018/2019', '02 Januari 2019', '30 Maret 2019', 'Gunungkidul, 02 April 2019\r', 'Belum Verifikasi'),
(293, 'CIKA TRI UTAMI', '9888@smkmuhkarangmojo.sch.id', 6, '9888', '-', 'KP-RI BANGUN', 'Jl. Kol. Sugiono No 5 Wonosari Gunungkidul', '-', '-', 'Drs.MASHUDI, MM.Pd.', '', 'Ketua KPRI Bangun Wonosari', '-', '-', '-', '', '', 'B', 'B', 'B', 'B', '88', '89', '89', '88', '90', '', '', '2018/2019', '02 Januari 2019', '30 Maret 2019', 'Gunungkidul, 02 April 2019\r', 'Belum Verifikasi'),
(294, 'DWI RAHAYU', '9889@smkmuhkarangmojo.sch.id', 6, '9889', '-', 'KP-RI BANGUN', 'Jl. Kol. Sugiono No 5 Wonosari Gunungkidul', '-', '-', 'Drs.MASHUDI, MM.Pd.', '', 'Ketua KPRI Bangun Wonosari', '-', '-', '-', '', '', 'B', 'B', 'B', 'B', '89', '89', '88', '88', '90', '', '', '2018/2019', '02 Januari 2019', '30 Maret 2019', 'Gunungkidul, 02 April 2019\r', 'Belum Verifikasi'),
(295, 'HERVINA STYANINGSIH', '9892@smkmuhkarangmojo.sch.id', 6, '9892', '-', 'KP-RI BANGUN', 'Jl. Kol. Sugiono No 5 Wonosari Gunungkidul', '-', '-', 'Drs.MASHUDI, MM.Pd.', '', 'Ketua KPRI Bangun Wonosari', '-', '-', '-', '', '', 'B', 'B', 'B', 'B', '89', '89', '90', '88', '90', '', '', '2018/2019', '02 Januari 2019', '30 Maret 2019', 'Gunungkidul, 02 April 2019\r', 'Belum Verifikasi'),
(296, 'INDAH NOVITA SARI', '9895@smkmuhkarangmojo.sch.id', 6, '9895', '-', 'KP-RI BANGUN', 'Jl. Kol. Sugiono No 5 Wonosari Gunungkidul', '-', '-', 'Drs.MASHUDI, MM.Pd.', '', 'Ketua KPRI Bangun Wonosari', '-', '-', '-', '', '', 'B', 'B', 'B', 'B', '88', '89', '89', '88', '90', '', '', '2018/2019', '02 Januari 2019', '30 Maret 2019', 'Gunungkidul, 02 April 2019\r', 'Belum Verifikasi'),
(297, 'EVI FEFRIANI', '9869@smkmuhkarangmojo.sch.id', 6, '9869', '-', 'KANTOR POS WONOSARI YOGYAKARTA', 'Jl. Brigjen Katamso No 12 Wonosari Gunungkidul', '-', '-', '', '', '', '-', '-', '-', '', '', '', '', '', '', '', '', '', '', '', '', '', '2018/2019', '02 Januari 2019', '30 Maret 2019', 'Gunungkidul, 02 April 2019\r', 'Belum Verifikasi'),
(298, 'TIKA SELVIANA', '9883@smkmuhkarangmojo.sch.id', 6, '9883', '-', 'KANTOR POS WONOSARI YOGYAKARTA', 'Jl. Brigjen Katamso No 12 Wonosari Gunungkidul', '-', '-', '', '', '', '-', '-', '-', '', '', '', '', '', '', '', '', '', '', '', '', '', '2018/2019', '02 Januari 2019', '30 Maret 2019', 'Gunungkidul, 02 April 2019\r', 'Belum Verifikasi'),
(299, 'FATIMATUN NAJAH', '9870@smkmuhkarangmojo.sch.id', 6, '9870', '-', 'KJKS BMT MANDIRI', 'Jl. Wonosari - Semin Jlantir 1 Gedangrejo Karangmojo, Gunungkidul', '-', '-', 'GUNAWAN, SE', '01-07-0001', 'General Manager', '-', '-', '-', '', '', 'B', 'B', 'B', 'B', '87', '86', '88', '85', '85', '', '', '2018/2019', '02 Januari 2019', '30 Maret 2019', 'Gunungkidul, 02 April 2019\r', 'Belum Verifikasi'),
(300, 'SISKA ROMADHONA', '9882@smkmuhkarangmojo.sch.id', 6, '9882', '-', 'KJKS BMT MANDIRI', 'Jl. Wonosari - Semin Jlantir 1 Gedangrejo Karangmojo, Gunungkidul', '-', '-', 'GUNAWAN, SE', '01-07-0001', 'General Manager', '-', '-', '-', '', '', 'B', 'B', 'B', 'B', '88', '86', '88', '86', '86', '', '', '2018/2019', '02 Januari 2019', '30 Maret 2019', 'Gunungkidul, 02 April 2019\r', 'Belum Verifikasi'),
(301, 'ANISA WULANDARI', '9865@smkmuhkarangmojo.sch.id', 6, '9865', '-', 'BALAI PEMASYARAKATAN KELAS II WONOSARI', 'Jl. Mgr Soegiyo Pranoto No. 37 Wonosari, Gunungkidul', '-', '-', 'SURYA DHARMA, A.Md.IP.SH', '19701005 199303 1 001', 'Ka.Balai Pemasyarakatan Kelas II Wonosari', '-', '-', '-', '', '', 'B', 'A', 'B', 'B', '80', '90', '90', '88', '90', '', '', '2018/2019', '02 Januari 2019', '30 Maret 2019', 'Gunungkidul, 02 April 2019\r', 'Belum Verifikasi'),
(302, 'DESY AMALIAWATI', '9866@smkmuhkarangmojo.sch.id', 6, '9866', '-', 'BALAI PEMASYARAKATAN KELAS II WONOSARI', 'Jl. Mgr Soegiyo Pranoto No. 37 Wonosari, Gunungkidul', '-', '-', 'SURYA DHARMA, A.Md.IP.SH', '19701005 199303 1 001', 'Ka.Balai Pemasyarakatan Kelas II Wonosari', '-', '-', '-', '', '', 'B', 'A', 'A', 'B', '82', '88', '90', '90', '90', '', '', '2018/2019', '02 Januari 2019', '30 Maret 2019', 'Gunungkidul, 02 April 2019\r', 'Belum Verifikasi'),
(303, 'RIZKA SHINTA DEWI AZZAHRO', '9879@smkmuhkarangmojo.sch.id', 6, '9879', '-', 'BALAI PEMASYARAKATAN KELAS II WONOSARI', 'Jl. Mgr Soegiyo Pranoto No. 37 Wonosari, Gunungkidul', '-', '-', 'SURYA DHARMA, A.Md.IP.SH', '19701005 199303 1 001', 'Ka.Balai Pemasyarakatan Kelas II Wonosari', '-', '-', '-', '', '', 'B', 'A', 'B', 'B', '81', '90', '90', '87', '90', '', '', '2018/2019', '02 Januari 2019', '30 Maret 2019', 'Gunungkidul, 02 April 2019\r', 'Belum Verifikasi'),
(304, 'INDAH AYU PUSPITASARI', '9894@smkmuhkarangmojo.sch.id', 6, '9894', '-', 'KOPERASI UNIT DESA BHINA REJEKI', 'Plumbungan Gedangrejo Karangmojo, Gunungkidul', '-', '-', 'SUTIKAD HARYANTA', '', 'Ketua KUD Bhina Rejeki', '-', '-', '-', '', '', 'B', 'A', 'A', 'B', '75', '80', '85', '85', '90', '', '', '2018/2019', '02 Januari 2019', '30 Maret 2019', 'Gunungkidul, 02 April 2019\r', 'Belum Verifikasi'),
(305, 'MARIYA LATIFAH', '9900@smkmuhkarangmojo.sch.id', 6, '9900', '-', 'KOPERASI UNIT DESA BHINA REJEKI', 'Plumbungan Gedangrejo Karangmojo, Gunungkidul', '-', '-', 'SUTIKAD HARYANTA', '', 'Ketua KUD Bhina Rejeki', '-', '-', '-', '', '', 'B', 'A', 'A', 'B', '75', '80', '85', '85', '90', '', '', '2018/2019', '02 Januari 2019', '30 Maret 2019', 'Gunungkidul, 02 April 2019\r', 'Belum Verifikasi'),
(306, 'IZZAMI MAULINIA', '9897@smkmuhkarangmojo.sch.id', 6, '9897', '-', 'KSU JABAL TARIK', 'Jl. Karangmojo Ponjong Km 0.5 Karangmojo Gunungkidul', '-', '-', 'PAMUJI PAMUNGKAS', '1014018', 'Manager', '-', '-', '-', '', '', 'A', 'A', 'A', 'A', '85', '89', '85', '90', '90', '', '', '2018/2019', '02 Januari 2019', '30 Maret 2019', 'Gunungkidul, 02 April 2019\r', 'Belum Verifikasi'),
(307, 'YULI HIDAYATI', '9906@smkmuhkarangmojo.sch.id', 6, '9906', '-', 'KSU JABAL TARIK', 'Jl. Karangmojo Ponjong Km 0.5 Karangmojo Gunungkidul', '-', '-', 'PAMUJI PAMUNGKAS', '1014018', 'Manager', '-', '-', '-', '', '', 'A', 'A', 'A', 'A', '85', '90', '86', '90', '90', '', '', '2018/2019', '02 Januari 2019', '30 Maret 2019', 'Gunungkidul, 02 April 2019\r', 'Belum Verifikasi'),
(308, 'PUTRI AYU AMILIA', '9876@smkmuhkarangmojo.sch.id', 6, '9876', '-', 'PT BPRS MAM  CAB. WONOSARI', 'Jl. Kh. Agus Salim No 74 Kepek wonosari, Gunungkidul', '-', '-', 'SUGIYO, S.E', '', 'Pimpinan Cabang', '-', '-', '-', '', '', 'B', 'B', 'B', 'B', '81', '78', '80', '75', '78', '', '', '2018/2019', '02 Januari 2019', '30 Maret 2019', 'Gunungkidul, 02 April 2019\r', 'Belum Verifikasi'),
(309, 'RULI PUSPITA SARI', '9880@smkmuhkarangmojo.sch.id', 6, '9880', '-', 'PT BPRS MAM  CAB. WONOSARI', 'Jl. Kh. Agus Salim No 74 Kepek wonosari, Gunungkidul', '-', '-', 'SUGIYO, S.E', '', 'Pimpinan Cabang', '-', '-', '-', '', '', 'B', 'B', 'B', 'B', '82', '80', '80', '75', '81', '', '', '2018/2019', '02 Januari 2019', '30 Maret 2019', 'Gunungkidul, 02 April 2019\r', 'Belum Verifikasi'),
(310, 'ALIFAH DINA EKASARI', '9885@smkmuhkarangmojo.sch.id', 6, '9885', '-', 'Badan Pertanahan Kabupaten Gunungkidul', 'Jl. Kidemang Wonopawiro Lingkar Utara Piyaman , Gunungkidul', '-', '-', 'ACHMAD SURAYA, S.E', '19640514 198903 1 003', 'Kepala Kantor Pertanahan Kab. Gunungkidul', '-', '-', '-', '', '', 'A', 'A', 'A', 'A', '95', '90', '90', '92', '95', '', '', '2018/2019', '02 Januari 2019', '30 Maret 2019', 'Gunungkidul, 02 April 2019\r', 'Belum Verifikasi'),
(311, 'IKA NURVIANA SAPUTRI', '9893@smkmuhkarangmojo.sch.id', 6, '9893', '-', 'BPN Kabupaten Gunungkidul', 'Jl. Kidemang Wonopawiro Lingkar Utara Piyaman , Gunungkidul', '-', '-', 'ACHMAD SURAYA, S.E', '19640514 198903 1 003', 'Kepala Kantor Pertanahan Kab. Gunungkidul', '-', '-', '-', '', '', 'A', 'A', 'A', 'A', '93', '85', '83', '90', '95', '', '', '2018/2019', '02 Januari 2019', '30 Maret 2019', 'Gunungkidul, 02 April 2019\r', 'Belum Verifikasi');
INSERT INTO `master` (`id`, `name`, `email`, `jurusan`, `nis`, `kelas`, `nama_instansi`, `alamat_instansi`, `email_website_instansi`, `telp_instansi`, `nama_pejabat`, `no_pejabat`, `jabatan`, `telp_pejabat`, `email_pejabat`, `no_sertifikat`, `guru_pendamping`, `hp_pendamping`, `nilai_1`, `nilai_2`, `nilai_3`, `nilai_4`, `nilai_5`, `nilai_6`, `nilai_7`, `nilai_8`, `nilai_9`, `nilai_10`, `nilai_11`, `tp`, `mulai_pkl`, `selesai_pkl`, `tgl_cetak`, `verifikasi`) VALUES
(312, 'MARS BELLAINE WIDIAS.', '9901@smkmuhkarangmojo.sch.id', 6, '9901', '-', 'BPN Kabupaten Gunungkidul', 'Jl. Kidemang Wonopawiro Lingkar Utara Piyaman , Gunungkidul', '-', '-', 'ACHMAD SURAYA, S.E', '19640514 198903 1 003', 'Kepala Kantor Pertanahan Kab. Gunungkidul', '-', '-', '-', '', '', 'A', 'A', 'A', 'A', '93', '85', '83', '90', '95', '', '', '2018/2019', '02 Januari 2019', '30 Maret 2019', 'Gunungkidul, 02 April 2019\r', 'Belum Verifikasi'),
(313, 'NUR SETIYAWATI', '9903@smkmuhkarangmojo.sch.id', 6, '9903', '-', 'BPN Kabupaten Gunungkidul', 'Jl. Kidemang Wonopawiro Lingkar Utara Piyaman , Gunungkidul', '-', '-', 'ACHMAD SURAYA, S.E', '19640514 198903 1 003', 'Kepala Kantor Pertanahan Kab. Gunungkidul', '-', '-', '-', '', '', 'A', 'A', 'A', 'A', '95', '90', '90', '92', '95', '', '', '2018/2019', '02 Januari 2019', '30 Maret 2019', 'Gunungkidul, 02 April 2019\r', 'Belum Verifikasi'),
(314, 'RADINDA MARA RETA', '9904@smkmuhkarangmojo.sch.id', 6, '9904', '-', 'BPN Kabupaten Gunungkidul', 'Jl. Kidemang Wonopawiro Lingkar Utara Piyaman , Gunungkidul', '-', '-', 'ACHMAD SURAYA, S.E', '19640514 198903 1 003', 'Kepala Kantor Pertanahan Kab. Gunungkidul', '-', '-', '-', '', '', 'A', 'A', 'A', 'A', '95', '90', '90', '92', '95', '', '', '2018/2019', '02 Januari 2019', '30 Maret 2019', 'Gunungkidul, 02 April 2019\r', 'Belum Verifikasi'),
(315, 'SINTA AYU WULANDARI', '9905@smkmuhkarangmojo.sch.id', 6, '9905', '-', 'BPN Kabupaten Gunungkidul', 'Jl. Kidemang Wonopawiro Lingkar Utara Piyaman , Gunungkidul', '-', '-', 'ACHMAD SURAYA, S.E', '19640514 198903 1 003', 'Kepala Kantor Pertanahan Kab. Gunungkidul', '-', '-', '-', '', '', 'A', 'A', 'A', 'A', '93', '90', '90', '90', '95', '', '', '2018/2019', '02 Januari 2019', '30 Maret 2019', 'Gunungkidul, 02 April 2019\r', 'Belum Verifikasi'),
(316, 'RINDI AYU APRILIANTIKA', '9078@smkmuhkarangmojo.sch.id', 6, '9078', '-', 'PKP-RI Kabupaten Gunungkidul', 'Jl. Pramuka Gg.Pudak No. 16 Wonosari, Gunungkidul', '-', '-', 'Drs.H.MOEBARI, H.Kes', '', 'Ketua PKP RI Kabupaten Gunungkidul', '-', '-', '-', '', '', 'B', 'B', 'B', 'B', '85', '85', '85', '85', '90', '', '', '2018/2019', '02 Januari 2019', '30 Maret 2019', 'Gunungkidul, 02 April 2019\r', 'Belum Verifikasi'),
(317, 'MELTA ALVANIA KARTIKA', '9874@smkmuhkarangmojo.sch.id', 6, '9874', '-', 'PKP-RI Kabupaten Gunungkidul', 'Jl. Pramuka Gg.Pudak No. 16 Wonosari, Gunungkidul', '-', '-', 'Drs.H.MOEBARI, H.Kes', '', 'Ketua PKP RI Kabupaten Gunungkidul', '-', '-', '-', '', '', 'B', 'B', 'B', 'B', '85', '85', '85', '85', '90', '', '', '2018/2019', '02 Januari 2019', '30 Maret 2019', 'Gunungkidul, 02 April 2019\r', 'Belum Verifikasi'),
(318, 'DIAN NOVITA', '9914@smkmuhkarangmojo.sch.id', 7, '9914', '-', 'KANTOR KECAMATAN KARANGMOJO', 'Jl. Karangmojo Wonosari Km 1 Gedangrejo Karangmojo, Gunungkidul', '-', '-', 'ETIK SISMAWATI, S.Sos', '19770805 199703 2 000', 'KASUBBAG UMUM SEKRETARIAT', '-', '-', '-', '', '', 'A', 'B', 'B', 'B', '85', '85', '85', '85', '85', '', '', '2018/2019', '02 Januari 2019', '30 Maret 2019', 'Gunungkidul, 02 April 2019\r', 'Belum Verifikasi'),
(319, 'GRANDYA MUKTI UTAMI', '9919@smkmuhkarangmojo.sch.id', 7, '9919', '-', 'KANTOR KECAMATAN KARANGMOJO', 'Jl. Karangmojo Wonosari Km 1 Gedangrejo Karangmojo, Gunungkidul', '-', '-', 'ETIK SISMAWATI, S.Sos', '1,98E+17', 'KASUBBAG UMUM SEKRETARIAT', '-', '-', '-', '', '', 'B', 'B', 'B', 'B', '85', '85', '85', '85', '90', '', '', '2018/2019', '02 Januari 2019', '30 Maret 2019', 'Gunungkidul, 02 April 2019\r', 'Belum Verifikasi'),
(320, 'NOVITA NUR RAHMA W.', '9929@smkmuhkarangmojo.sch.id', 7, '9929', '-', 'KANTOR KECAMATAN KARANGMOJO', 'Jl. Karangmojo Wonosari Km 1 Gedangrejo Karangmojo, Gunungkidul', '-', '-', 'ETIK SISMAWATI, S.Sos', '1,98E+17', 'KASUBBAG UMUM SEKRETARIAT', '-', '-', '-', '', '', 'A', 'A', 'B', 'A', '90', '85', '85', '85', '90', '', '', '2018/2019', '02 Januari 2019', '30 Maret 2019', 'Gunungkidul, 02 April 2019\r', 'Belum Verifikasi'),
(321, 'PUTRI ARDI PERMATASARI', '9930@smkmuhkarangmojo.sch.id', 7, '9930', '-', 'KANTOR KECAMATAN KARANGMOJO', 'Jl. Karangmojo Wonosari Km 1 Gedangrejo Karangmojo, Gunungkidul', '-', '-', 'ETIK SISMAWATI, S.Sos', '19770805 199703 2 000', 'KASUBBAG UMUM SEKRETARIAT', '-', '-', '-', '', '', 'B', 'B', 'B', 'B', '85', '85', '85', '85', '90', '', '', '2018/2019', '02 Januari 2019', '30 Maret 2019', 'Gunungkidul, 02 April 2019\r', 'Belum Verifikasi'),
(322, 'ANGGY REVINA ANITA S.', '9908@smkmuhkarangmojo.sch.id', 7, '9908', '-', 'KANTOR KECAMATAN KARANGMOJO', 'Jl. Karangmojo Wonosari Km 1 Gedangrejo Karangmojo, Gunungkidul', '-', '-', 'ETIK SISMAWATI, S.Sos', '1,98E+17', 'KASUBBAG UMUM SEKRETARIAT', '-', '-', '-', '', '', 'B', 'A', 'A', 'A', '90', '85', '85', '85', '85', '', '', '2018/2019', '02 Januari 2019', '30 Maret 2019', 'Gunungkidul, 02 April 2019\r', 'Belum Verifikasi'),
(323, 'DIKO IRAWAN', '9915@smkmuhkarangmojo.sch.id', 7, '9915', '-', 'KANTOR KECAMATAN KARANGMOJO', 'Jl. Karangmojo Wonosari Km 1 Gedangrejo Karangmojo, Gunungkidul', '-', '-', 'ETIK SISMAWATI, S.Sos', '1,98E+17', 'KASUBBAG UMUM SEKRETARIAT', '-', '-', '-', '', '', 'B', 'A', 'B', 'B', '85', '85', '85', '85', '90', '', '', '2018/2019', '02 Januari 2019', '30 Maret 2019', 'Gunungkidul, 02 April 2019\r', 'Belum Verifikasi'),
(324, 'HASTAHRUL DEDEK PURWANTO', '9922@smkmuhkarangmojo.sch.id', 7, '9922', '-', 'KANTOR KECAMATAN KARANGMOJO', 'Jl. Karangmojo Wonosari Km 1 Gedangrejo Karangmojo, Gunungkidul', '-', '-', 'ETIK SISMAWATI, S.Sos', '19770805 199703 2 000', 'KASUBBAG UMUM SEKRETARIAT', '-', '-', '-', '', '', 'B', 'A', 'A', 'A', '90', '85', '85', '85', '90', '', '', '2018/2019', '02 Januari 2019', '30 Maret 2019', 'Gunungkidul, 02 April 2019\r', 'Belum Verifikasi'),
(325, 'AMANDA NATALIA N P.', '9907@smkmuhkarangmojo.sch.id', 7, '9907', '-', 'KANTOR URUSAN AGAMA KECAMATAN KARANGMOJO (KUA)', 'Jl. Srimpi Karangmojo - Karangmojo, Gunungkidul', '-', '-', 'Dr.H.ASROFI,S.Ag.M.Hum', '1,97E+17', 'KEPALA KUA KECAMATAN KARANGMOJO', '-', '-', '-', '', '', 'A', 'B', 'B', 'B', '75', '75', '85', '75', '75', '', '', '2018/2019', '02 Januari 2019', '30 Maret 2019', 'Gunungkidul, 02 April 2019\r', 'Belum Verifikasi'),
(326, 'CANDRA PURNAMA SARI', '9911@smkmuhkarangmojo.sch.id', 7, '9911', '-', 'KANTOR URUSAN AGAMA (KUA) KECAMATAN KARANGMOJO', 'Jl. Srimpi Karangmojo - Karangmojo, Gunungkidul', '-', '-', 'Dr. H. ASROFI, S.Ag.M.Hum', '19691105 199503 1 001', 'KEPALA KUA KECAMATAN KARANGMOJO', '-', '-', '-', '', '', 'A', 'B', 'A', 'B', '75', '80', '85', '80', '80', '', '', '2018/2019', '02 Januari 2019', '30 Maret 2019', 'Gunungkidul, 02 April 2019\r', 'Belum Verifikasi'),
(327, 'DEVY ROCHMAWATI', '9913@smkmuhkarangmojo.sch.id', 7, '9913', '-', 'KANTOR URUSAN AGAMA KECAMATAN KARANGMOJO (KUA)', 'Jl. Srimpi Karangmojo - Karangmojo, Gunungkidul', '-', '-', 'Dr.H.ASROFI,S.Ag.M.Hum', '1,97E+17', 'KEPALA KUA KECAMATAN KARANGMOJO', '-', '-', '-', '', '', 'A', 'A', 'A', 'A', '80', '85', '85', '90', '90', '', '', '2018/2019', '02 Januari 2019', '30 Maret 2019', 'Gunungkidul, 02 April 2019\r', 'Belum Verifikasi'),
(328, 'ERINA KUSUMAWATI', '9917@smkmuhkarangmojo.sch.id', 7, '9917', '-', 'DINAS PERPUSTAKAAN DAN ARSIP DAERAH', 'Jl. Kolonel Sugiyono No. 35 Wonosari, Gunungkidul', '-', '-', 'Drs.ALI RIDLO, MM', '19620207 198903 1 009', 'KEPALA DINASPERPUSTAKAAN DAN KEARSIPAN', '-', '-', '-', '', '', 'A', 'B', 'B', 'B', '90', '85', '85', '85', '85', '', '', '2018/2019', '02 Januari 2019', '30 Maret 2019', 'Gunungkidul, 02 April 2019\r', 'Belum Verifikasi'),
(329, 'HANI APRILIANAWATI', '9920@smkmuhkarangmojo.sch.id', 7, '9920', '-', 'DINAS PERPUSTAKAAN DAN ARSIP DAERAH', 'Jl. Kolonel Sugiyono No. 35 Wonosari, Gunungkidul', '-', '-', 'Drs.ALI RIDLO, MM', '19620207 198903 1 009', 'KEPALA DINASPERPUSTAKAAN DAN KEARSIPAN', '-', '-', '-', '', '', 'A', 'B', 'B', 'B', '90', '85', '85', '85', '85', '', '', '2018/2019', '02 Januari 2019', '30 Maret 2019', 'Gunungkidul, 02 April 2019\r', 'Belum Verifikasi'),
(330, 'SEPTIANA WINDI P', '9934@smkmuhkarangmojo.sch.id', 7, '9934', '-', 'DINAS PERPUSTAKAAN DAN ARSIP DAERAH', 'Jl. Kolonel Sugiyono No. 35 Wonosari, Gunungkidul', '-', '-', 'Drs.ALI RIDLO, MM', '19620207 198903 1 009', 'KEPALA DINASPERPUSTAKAAN DAN KEARSIPAN', '-', '-', '-', '', '', 'A', 'B', 'B', 'B', '90', '85', '85', '85', '85', '', '', '2018/2019', '02 Januari 2019', '30 Maret 2019', 'Gunungkidul, 02 April 2019\r', 'Belum Verifikasi'),
(331, 'YULIANA INGKA DEWI', '9938@smkmuhkarangmojo.sch.id', 7, '9938', '-', 'DINAS PERPUSTAKAAN DAN ARSIP DAERAH', 'Jl. Kolonel Sugiyono No. 35 Wonosari, Gunungkidul', '-', '-', 'Drs.ALI RIDLO, MM', '19620207 198903 1 009', 'KEPALA DINAS PERPUSTAKAAN DAN KEARSIPAN', '-', '-', '-', '', '', 'A', 'B', 'B', 'B', '90', '85', '85', '85', '85', '', '', '2018/2019', '02 Januari 2019', '30 Maret 2019', 'Gunungkidul, 02 April 2019\r', 'Belum Verifikasi'),
(332, 'DEBBY ANGGRAENI', '9912@smkmuhkarangmojo.sch.id', 7, '9912', '-', 'KANTOR KECAMATAN PONJONG', 'Sumber Kidul, Ponjong, Ponjong, Gunungkidul', '-', '-', 'R.ASIS BUDIARTO,S.Sos', '19621013 198803 1 012', 'CAMAT KECAMATAN PONJONG', '-', '-', '-', '', '', 'A', 'B', 'B', 'B', '86', '86', '87', '85', '85', '', '', '2018/2019', '02 Januari 2019', '30 Maret 2019', 'Gunungkidul, 02 April 2019\r', 'Belum Verifikasi'),
(333, 'ELINA KHARISMA PUTRI', '9916@smkmuhkarangmojo.sch.id', 7, '9916', '-', 'KANTOR KECAMATAN PONJONG', 'Sumber Kidul, Ponjong, Ponjong, Gunungkidul', '-', '-', 'R.ASIS BUDIARTO,S.Sos', '19621013 198803 1 012', 'CAMAT KECAMATAN PONJONG', '-', '-', '-', '', '', 'A', 'B', 'B', 'B', '85', '85', '86', '84', '85', '', '', '2018/2019', '02 Januari 2019', '30 Maret 2019', 'Gunungkidul, 02 April 2019\r', 'Belum Verifikasi'),
(334, 'KARISTA PUTRI ANGGRAINI', '9924@smkmuhkarangmojo.sch.id', 7, '9924', '-', 'KANTOR KECAMATAN PONJONG', 'Sumber Kidul, Ponjong, Ponjong, Gunungkidul', '-', '-', 'R.ASIS BUDIARTO,S.Sos', '19621013 198803 1 012', 'CAMAT KECAMATAN PONJONG', '-', '-', '-', '', '', 'A', 'B', 'B', 'B', '85', '85', '87', '85', '86', '', '', '2018/2019', '02 Januari 2019', '30 Maret 2019', 'Gunungkidul, 02 April 2019\r', 'Belum Verifikasi'),
(335, 'MARISKA DHARA A.', '9926@smkmuhkarangmojo.sch.id', 7, '9926', '-', 'KANTOR KECAMATAN PONJONG', 'Sumber Kidul, Ponjong, Ponjong, Gunungkidul', '-', '-', 'R.ASIS BUDIARTO,S.Sos', '19621013 198803 1 012', 'CAMAT KECAMATAN PONJONG', '-', '-', '-', '', '', 'A', 'B', 'B', 'B', '86', '85', '86', '86', '85', '', '', '2018/2019', '02 Januari 2019', '30 Maret 2019', 'Gunungkidul, 02 April 2019\r', 'Belum Verifikasi'),
(336, 'MEISA NURHAYATI', '9927@smkmuhkarangmojo.sch.id', 7, '9927', '-', 'KANTOR KECAMATAN PONJONG', 'Sumber Kidul, Ponjong, Ponjong, Gunungkidul', '-', '-', 'R.ASIS BUDIARTO,S.Sos', '19621013 198803 1 012', 'CAMAT KECAMATAN PONJONG', '-', '-', '-', '', '', 'A', 'B', 'B', 'B', '88', '85', '87', '86', '85', '', '', '2018/2019', '02 Januari 2019', '30 Maret 2019', 'Gunungkidul, 02 April 2019\r', 'Belum Verifikasi'),
(337, 'RITA OKTAVIANI', '9933@smkmuhkarangmojo.sch.id', 7, '9933', '-', 'KANTOR KECAMATAN PONJONG', 'Sumber Kidul, Ponjong, Ponjong, Gunungkidul', '-', '-', 'R.ASIS BUDIARTO,S.Sos', '19621013 198803 1 012', 'CAMAT KECAMATAN PONJONG', '-', '-', '-', '', '', 'A', 'B', 'B', 'B', '85', '85', '86', '85', '86', '', '', '2018/2019', '02 Januari 2019', '30 Maret 2019', 'Gunungkidul, 02 April 2019\r', 'Belum Verifikasi'),
(338, 'YANIKA NUR AFIFAH', '9937@smkmuhkarangmojo.sch.id', 7, '9937', '-', 'KANTOR KECAMATAN PONJONG', 'Sumber Kidul, Ponjong, Ponjong, Gunungkidul', '-', '-', 'R.ASIS BUDIARTO,S.Sos', '19621013 198803 1 012', 'CAMAT KECAMATAN PONJONG', '-', '-', '-', '', '', 'A', 'B', 'B', 'B', '86', '85', '87', '85', '85', '', '', '2018/2019', '02 Januari 2019', '30 Maret 2019', 'Gunungkidul, 02 April 2019\r', 'Belum Verifikasi'),
(339, 'MUTIARA FEBRIANA', '9928@smkmuhkarangmojo.sch.id', 7, '9928', '-', 'DINAS KESEHATAN KABUPATEN GUNUNGKIDUL', 'Jl. Kolonel Sugiyono No 17 Wonosari, Gunungkidul', '-', '-', 'Dr. DEWI IRAWATY.M.Kes', '1965 1228 1996 032 002', 'KEPALA DINAS KESEHATAN KAB GUNUNGKIDUL', '-', '-', '-', '', '', 'B', 'B', 'B', 'B', '85', '91', '83', '91', '85', '', '', '2018/2019', '02 Januari 2019', '30 Maret 2019', 'Gunungkidul, 02 April 2019\r', 'Belum Verifikasi'),
(340, 'RISMA WARNI', '9932@smkmuhkarangmojo.sch.id', 7, '9932', '-', 'DINAS KESEHATAN KABUPATEN GUNUNGKIDUL', 'Jl. Kolonel Sugiyono No 17 Wonosari, Gunungkidul', '-', '-', 'Dr. DEWI IRAWATY.M.Kes', '1965 1228 1996 032 002', 'KEPALA DINAS KESEHATAN KAB GUNUNGKIDUL', '-', '-', '-', '', '', 'B', 'B', 'B', 'B', '87', '90', '83', '91', '83', '', '', '2018/2019', '02 Januari 2019', '30 Maret 2019', 'Gunungkidul, 02 April 2019\r', 'Belum Verifikasi'),
(341, 'SYABINA REGITA PUTRI', '9935@smkmuhkarangmojo.sch.id', 7, '9935', '-', 'DINAS KESEHATAN KABUPATEN GUNUNGKIDUL', 'Jl. Kolonel Sugiyono No 17 Wonosari, Gunungkidul', '-', '-', 'Dr. DEWI IRAWATY.M.Kes', '1965 1228 1996 032 002', 'KEPALA DINAS KESEHATAN KAB GUNUNGKIDUL', '-', '-', '-', '', '', 'B', 'B', 'B', 'B', '83', '91', '84', '90', '84', '', '', '2018/2019', '02 Januari 2019', '30 Maret 2019', 'Gunungkidul, 02 April 2019\r', 'Belum Verifikasi'),
(342, 'TRI SUSANTI', '9936@smkmuhkarangmojo.sch.id', 7, '9936', '-', 'DINAS KESEHATAN KABUPATEN GUNUNGKIDUL', 'Jl. Kolonel Sugiyono No 17 Wonosari, Gunungkidul', '-', '-', 'Dr. DEWI IRAWATY.M.Kes', '1965 1228 1996 032 002', 'KEPALA DINAS KESEHATAN KAB GUNUNGKIDUL', '-', '-', '-', '', '', 'B', 'B', 'B', 'B', '86', '90', '82', '91', '83', '', '', '2018/2019', '02 Januari 2019', '30 Maret 2019', 'Gunungkidul, 02 April 2019\r', 'Belum Verifikasi'),
(343, 'APRELIYANA ANGGRAENI', '9910@smkmuhkarangmojo.sch.id', 7, '9910', '-', 'DINAS KESEHATAN KABUPATEN GUNUNGKIDUL', 'Jl. Kolonel Sugiyono No 17 Wonosari, Gunungkidul', '-', '-', 'Dr. DEWI IRAWATY.M.Kes', '1965 1228 1996 032 002', 'KEPALA DINAS KESEHATAN KAB GUNUNGKIDUL', '-', '-', '-', '', '', 'B', 'B', 'B', 'B', '85', '91', '83', '91', '85', '', '', '2018/2019', '02 Januari 2019', '30 Maret 2019', 'Gunungkidul, 02 April 2019\r', 'Belum Verifikasi'),
(344, 'HANNI FATIMAH SIREGAR', '9921@smkmuhkarangmojo.sch.id', 7, '9921', '-', 'DINAS KESEHATAN KABUPATEN GUNUNGKIDUL', 'Jl. Kolonel Sugiyono No 17 Wonosari, Gunungkidul', '-', '-', 'Dr. DEWI IRAWATY.M.Kes', '1965 1228 1996 032 002', 'KEPALA DINAS KESEHATAN KAB GUNUNGKIDUL', '-', '-', '-', '', '', 'B', 'B', 'B', 'B', '87', '92', '85', '91', '84', '', '', '2018/2019', '02 Januari 2019', '30 Maret 2019', 'Gunungkidul, 02 April 2019\r', 'Belum Verifikasi'),
(345, 'IKA MILENIA AGUSTIN', '9923@smkmuhkarangmojo.sch.id', 7, '9923', '-', 'KANTOR POS PONJONG', 'Jl. Sultan Agung No.46.Kerjo II Genjahan Ponjong, Gunungkidul', '-', '-', 'SUNYATA', '971327798', 'KEPALA CABANG KANTOR POS PONJONG', '-', '-', '-', '', '', 'A', 'B', 'B', 'A', '85', '85', '80', '85', '80', '', '', '2018/2019', '02 Januari 2019', '30 Maret 2019', 'Gunungkidul, 02 April 2019\r', 'Belum Verifikasi'),
(346, 'KIKI DYAS SHINTA', '9925@smkmuhkarangmojo.sch.id', 7, '9925', '-', 'KANTOR POS PONJONG', 'Jl. Sultan Agung No.46.Kerjo II Genjahan Ponjong, Gunungkidul', '-', '-', 'SUNYATA', '971327798', 'KEPALA CABANG KANTOR POS PONJONG', '-', '-', '-', '', '', 'A', 'B', 'B', 'A', '80', '85', '85', '85', '80', '', '', '2018/2019', '02 Januari 2019', '30 Maret 2019', 'Gunungkidul, 02 April 2019\r', 'Belum Verifikasi'),
(347, 'ANNISA FITRI WULANDARI', '9909@smkmuhkarangmojo.sch.id', 7, '9909', '-', 'KORWILCAM BID.PENDIDIKAN KARANGMOJO', 'Plumbungan Gedangrejo Karangmojo, Gunungkidul', '-', '-', 'TUNJUNG EKAPUTRA, S.Pd, M.Pd', '19680211 199401 1 002', 'KOORDINATOR WILAYAH KECAMATAN', '-', '-', '-', '', '', 'B', 'B', 'B', 'A', '85', '85', '85', '85', '80', '', '', '2018/2019', '02 Januari 2019', '30 Maret 2019', 'Gunungkidul, 02 April 2019\r', 'Belum Verifikasi'),
(348, 'RENI OKTAVI', '9931@smkmuhkarangmojo.sch.id', 7, '9931', '-', 'KORWILCAM BID.PENDIDIKAN KARANGMOJO', 'Plumbungan Gedangrejo Karangmojo, Gunungkidul', '-', '-', 'TUNJUNG EKAPUTRA, S.Pd, M.Pd', '19680211 199401 1 002', 'KOORDINATOR WILAYAH KECAMATAN', '-', '-', '-', '', '', 'B', 'B', 'B', 'A', '85', '85', '85', '85', '80', '', '', '2018/2019', '02 Januari 2019', '30 Maret 2019', 'Gunungkidul, 02 April 2019\r', 'Belum Verifikasi'),
(349, 'YUNITHA YUNDHA R.', '9939@smkmuhkarangmojo.sch.id', 7, '9939', '-', 'KORWILCAM BID.PENDIDIKAN KARANGMOJO', 'Plumbungan Gedangrejo Karangmojo, Gunungkidul', '-', '-', 'TUNJUNG EKAPUTRA, S.Pd, M.Pd', '19680211 199401 1 002', 'KOORDINATOR WILAYAH KECAMATAN', '-', '-', '-', '', '', 'B', 'B', 'B', 'A', '85', '85', '85', '85', '80', '', '', '2018/2019', '02 Januari 2019', '30 Maret 2019', 'Gunungkidul, 02 April 2019\r', 'Belum Verifikasi'),
(350, 'MUTIFAH ANGGHREINI', '9955@smkmuhkarangmojo.sch.id', 7, '9955', '-', 'DINAS PENANAMAN MODAL DAN PELAYANAN TERPADU GUNUNGKIDUL', 'Jl. Kesatrian No 38 Wonosari, Gunungkidul', '-', '-', 'Drs.IRAWAN JAMIKO, MSi', '19660326 19802 1 001', 'Kepala Dinas Penanaman Modal dan Pelayanan Terpadu Kabupaten Gunungkidul', '-', '-', '-', '', '', 'A', 'A', 'B', 'A', '85', '85', '90', '90', '-', '', '', '2018/2019', '02 Januari 2019', '30 Maret 2019', 'Gunungkidul, 02 April 2019\r', 'Belum Verifikasi'),
(351, 'SANITA HAFITRI', '9964@smkmuhkarangmojo.sch.id', 7, '9964', '-', 'DINAS PENANAMAN MODAL DAN PELAYANAN TERPADU GUNUNGKIDUL', 'Jl. Kesatrian No 38 Wonosari, Gunungkidul', '-', '-', 'Drs.IRAWAN JAMIKO, MSi', '1,97E+16', 'Kepala Dinas Penanaman Modal dan Pelayanan Terpadu Kabupaten Gunungkidul', '-', '-', '-', '', '', 'A', 'A', 'B', 'A', '85', '85', '90', '90', '-', '', '', '2018/2019', '02 Januari 2019', '30 Maret 2019', 'Gunungkidul, 02 April 2019\r', 'Belum Verifikasi'),
(352, 'SHERLIANA AGUSTIN', '9967@smkmuhkarangmojo.sch.id', 7, '9967', '-', 'DINAS PENANAMAN MODAL DAN PELAYANAN TERPADU GUNUNGKIDUL', 'Jl. Kesatrian No 38 Wonosari, Gunungkidul', '-', '-', 'Drs. IRAWAN JAMIKO, MSi', '19660326 9802 1 001', 'Kepala Dinas Penanaman Modal dan Pelayanan Terpadu Kabupaten Gunungkidul', '-', '-', '-', '', '', 'A', 'A', 'B', 'A', '85', '85', '90', '90', '-', '', '', '2018/2019', '02 Januari 2019', '30 Maret 2019', 'Gunungkidul, 02 April 2019\r', 'Belum Verifikasi'),
(353, 'ULRI AISYA', '9970@smkmuhkarangmojo.sch.id', 7, '9970', '-', 'DINAS PENANAMAN MODAL DAN PELAYANAN TERPADU GUNUNGKIDUL', 'Jl. Kesatrian No 38 Wonosari, Gunungkidul', '-', '-', 'Drs.IRAWAN JAMIKO, MSi', '1,97E+16', 'Kepala Dinas Penanaman Modal dan Pelayanan Terpadu Kabupaten Gunungkidul', '-', '-', '-', '', '', 'A', 'A', 'B', 'A', '85', '85', '90', '90', '-', '', '', '2018/2019', '02 Januari 2019', '30 Maret 2019', 'Gunungkidul, 02 April 2019\r', 'Belum Verifikasi'),
(354, 'EVITA ANGGRAENI', '9950@smkmuhkarangmojo.sch.id', 7, '9950', '-', 'KEJAKSAAN NEGERI WONOSARI GUNUNGKIDUL', 'Jl. Mgr. Sugiyo Pranoto No. 10 Wonosari Gunungkidul', '-', '-', 'ASNAWI MUKTI, SH.MH', '19661105 199203 1 001', 'KEPALA KEJAKSAAN NEGRI GUNUNGKIDUL', '-', '-', '-', '', '', 'A', 'B', 'B', 'A', '90', '89', '90', '89', '90', '', '', '2018/2019', '02 Januari 2019', '30 Maret 2019', 'Gunungkidul, 02 April 2019\r', 'Belum Verifikasi'),
(355, 'NOVIA SARI', '9956@smkmuhkarangmojo.sch.id', 7, '9956', '-', 'KEJAKSAAN NEGERI WONOSARI GUNUNGKIDUL', 'Jl. Mgr. Sugiyo Pranoto No. 10 Wonosari Gunungkidul', '-', '-', 'ASNAWI MUKTI, SH.MH', '19661105 199203 1 001', 'KEPALA KEJAKSAAN NEGRI GUNUNGKIDUL', '-', '-', '-', '', '', 'A', 'B', 'B', 'A', '89', '90', '90', '90', '89', '', '', '2018/2019', '02 Januari 2019', '30 Maret 2019', 'Gunungkidul, 02 April 2019\r', 'Belum Verifikasi'),
(356, 'NURAINI WULAN SARI', '9958@smkmuhkarangmojo.sch.id', 7, '9958', '-', 'KEJAKSAAN NEGERI WONOSARI GUNUNGKIDUL', 'Jl. Mgr. Sugiyo Pranoto No. 10 Wonosari Gunungkidul', '-', '-', 'ASNAWI MUKTI, SH.MH', '19661105 199203 1 001', 'KEPALA KEJAKSAAN NEGRI GUNUNGKIDUL', '-', '-', '-', '', '', 'A', 'B', 'B', 'A', '90', '89', '90', '89', '90', '', '', '2018/2019', '02 Januari 2019', '30 Maret 2019', 'Gunungkidul, 02 April 2019\r', 'Belum Verifikasi'),
(357, 'RAGIL PUTRI UTAMI', '9960@smkmuhkarangmojo.sch.id', 7, '9960', '-', 'KEJAKSAAN NEGERI WONOSARI GUNUNGKIDUL', 'Jl. Mgr. Sugiyo Pranoto No. 10 Wonosari Gunungkidul', '-', '-', 'ASNAWI MUKTI, SH.MH', '19661105 199203 1 001', 'KEPALA KEJAKSAAN NEGRI GUNUNGKIDUL', '-', '-', '-', '', '', 'A', 'B', 'B', 'A', '89', '90', '90', '90', '89', '', '', '2018/2019', '02 Januari 2019', '30 Maret 2019', 'Gunungkidul, 02 April 2019\r', 'Belum Verifikasi'),
(358, 'SEPTIANA SETIAWATI', '9965@smkmuhkarangmojo.sch.id', 7, '9965', '-', 'KEJAKSAAN NEGERI WONOSARI GUNUNGKIDUL', 'Jl. Mgr. Sugiyo Pranoto No. 10 Wonosari Gunungkidul', '-', '-', 'ASNAWI MUKTI, SH.MH', '19661105 199203 1 001', 'KEPALA KEJAKSAAN NEGRI GUNUNGKIDUL', '-', '-', '-', '', '', 'A', 'B', 'B', 'A', '90', '89', '90', '89', '90', '', '', '2018/2019', '02 Januari 2019', '30 Maret 2019', 'Gunungkidul, 02 April 2019\r', 'Belum Verifikasi'),
(359, 'AYU DWI SETIAWATI', '9943@smkmuhkarangmojo.sch.id', 7, '9943', '-', 'KANTOR URUSAN AGAMA  KECAMATAN SEMANU KABUPATEN GUNUNGKIDUL (KUA)', 'Ngebrak Barat, Semanu Kabupaten , Gunungkidul', '-', '-', 'H.MASDUQI,S.Ag', '1,97E+17', 'KEPALA KUA KECAMATAN SEMANU', '-', '-', '-', '', '', 'A', 'A', 'B', 'A', '86', '82', '85', '86', '83', '', '', '2018/2019', '02 Januari 2019', '30 Maret 2019', 'Gunungkidul, 02 April 2019\r', 'Belum Verifikasi'),
(360, 'CATUR RIVANDA Q. R.', '9944@smkmuhkarangmojo.sch.id', 7, '9944', '-', 'KANTOR URUSAN AGAMA  KECAMATAN SEMANU KABUPATEN GUNUNGKIDUL (KUA)', 'Ngebrak Barat, Semanu Kabupaten , Gunungkidul', '-', '-', 'H.MASDUQI,S.Ag', '1,97E+17', 'KEPALA KUA KECAMATAN SEMANU', '-', '-', '-', '', '', 'A', 'A', 'B', 'A', '86', '82', '85', '86', '83', '', '', '2018/2019', '02 Januari 2019', '30 Maret 2019', 'Gunungkidul, 02 April 2019\r', 'Belum Verifikasi'),
(361, 'SALSABILA AULIA PUTRI NUR BACHRODIN', '9963@smkmuhkarangmojo.sch.id', 7, '9963', '-', 'KANTOR URUSAN AGAMA (KUA)  KECAMATAN SEMANU KABUPATEN GUNUNGKIDUL', 'Ngebrak Barat, Semanu Kabupaten , Gunungkidul', '-', '-', 'H. MASDUQI, S.Ag', '19700508 199703 1 002', 'KEPALA KUA KECAMATAN SEMANU', '-', '-', '-', '', '', 'A', 'A', 'B', 'A', '86', '82', '85', '86', '83', '', '', '2018/2019', '02 Januari 2019', '30 Maret 2019', 'Gunungkidul, 02 April 2019\r', 'Belum Verifikasi'),
(362, 'DELA ANUGERAH SAPUTRI', '9945@smkmuhkarangmojo.sch.id', 7, '9945', '-', 'KANTOR SEKRETARIAT DAERAH KABUPATEN GUNUNGKIDUL', 'Jl. Brigjen Katamso 1 Wonosari, Gunungkidul', '-', '-', 'Ir. DRAJAD RUSWANDONO, MT', '19621117 199203 1 007', 'PEMBINA UTAMA MADYA,IV/d', '-', '-', '-', '', '', 'A', 'A', 'B', 'A', '88', '90', '88', '89', '88', '', '', '2018/2019', '02 Januari 2019', '30 Maret 2019', 'Gunungkidul, 02 April 2019\r', 'Belum Verifikasi'),
(363, 'MUTIA DEKA HANI F.', '9954@smkmuhkarangmojo.sch.id', 7, '9954', '-', 'KANTOR SEKRETARIAT DAERAH KABUPATEN GUNUNGKIDUL', 'Jl. Brigjen Katamso 1 Wonosari, Gunungkidul', '-', '-', 'Ir.DRAJAD RUSWANDONO, MT', '1,96E+17', 'PEMBINA UTAMA MADYA,IV/d', '-', '-', '-', '', '', 'A', 'A', 'B', 'A', '90', '90', '90', '-', '90', '', '', '2018/2019', '02 Januari 2019', '30 Maret 2019', 'Gunungkidul, 02 April 2019\r', 'Belum Verifikasi'),
(364, 'NUR MUSLIMAH', '9957@smkmuhkarangmojo.sch.id', 7, '9957', '-', 'KANTOR SEKRETARIAT DAERAH KABUPATEN GUNUNGKIDUL', 'Jl. Brigjen Katamso 1 Wonosari, Gunungkidul', '-', '-', 'Ir.DRAJAD RUSWANDONO, MT', '19621117 199203 1 007', 'PEMBINA UTAMA MADYA,IV/d', '-', '-', '-', '', '', 'A', 'A', 'B', 'A', '85', '90', '85', '90', '90', '', '', '2018/2019', '02 Januari 2019', '30 Maret 2019', 'Gunungkidul, 02 April 2019\r', 'Belum Verifikasi'),
(365, 'SITI QOTIMAH', '9968@smkmuhkarangmojo.sch.id', 7, '9968', '-', 'KANTOR SEKRETARIAT DAERAH KABUPATEN GUNUNGKIDUL', 'Jl. Brigjen Katamso 1 Wonosari, Gunungkidul', '-', '-', 'Ir. DRAJAD RUSWANDONO, MT', '19621117 199203 1 007', 'PEMBINA UTAMA MADYA,IV/d', '-', '-', '-', '', '', 'A', 'A', 'A', 'A', '95', '90', '95', '95', '95', '', '', '2018/2019', '02 Januari 2019', '30 Maret 2019', 'Gunungkidul, 02 April 2019\r', 'Belum Verifikasi'),
(366, 'ANISA NURANI', '9942@smkmuhkarangmojo.sch.id', 7, '9942', '-', 'DINAS PENDIDIKAN PEMUDA DAN OLAHRAGA KABUPATEN GUNUNGKIDUL', 'Jl Pemuda No. 32 Baleharjo Wonosari, Gunungkidul', '-', '-', 'BAHRON RASYID, S.Pd.MM', '19601126 1979121001', 'KEPALA DINAS PENDIDIKAN PEMUDA DAN OLAHRAGA', '-', '-', '-', '', '', 'B+', 'B+', 'B+', 'B+', '85', '85', '83', '84', '84', '', '', '2018/2019', '02 Januari 2019', '30 Maret 2019', 'Gunungkidul, 02 April 2019\r', 'Belum Verifikasi'),
(367, 'LINDA MEILANA', '9953@smkmuhkarangmojo.sch.id', 7, '9953', '-', 'DINAS PENDIDIKAN PEMUDA DAN OLAHRAGA KABUPATEN GUNUNGKIDUL', 'Jl Pemuda No. 32 Baleharjo Wonosari, Gunungkidul', '-', '-', 'BAHRON RASYID, S.Pd.MM', '19601126 1979121001', 'KEPALA DINAS PENDIDIKAN PEMUDA DAN OLAHRAGA', '-', '-', '-', '', '', 'B+', 'B+', 'B+', 'B+', '84', '83', '82', '83', '84', '', '', '2018/2019', '02 Januari 2019', '30 Maret 2019', 'Gunungkidul, 02 April 2019\r', 'Belum Verifikasi'),
(368, 'PUTRI STYAWATI', '9959@smkmuhkarangmojo.sch.id', 7, '9959', '-', 'DINAS PENDIDIKAN PEMUDA DAN OLAHRAGA KABUPATEN GUNUNGKIDUL', 'Jl Pemuda No. 32 Baleharjo Wonosari, Gunungkidul', '-', '-', 'BAHRON RASYID, S.Pd.MM', '19601126 1979121001', 'KEPALA DINAS PENDIDIKAN PEMUDA DAN OLAHRAGA', '-', '-', '-', '', '', 'B+', 'B+', 'B+', 'B+', '84', '84', '82', '83', '84', '', '', '2018/2019', '02 Januari 2019', '30 Maret 2019', 'Gunungkidul, 02 April 2019\r', 'Belum Verifikasi'),
(369, 'WENING FEBRIANA', '9971@smkmuhkarangmojo.sch.id', 7, '9971', '-', 'DINAS PENDIDIKAN PEMUDA DAN OLAHRAGA KABUPATEN GUNUNGKIDUL', 'Jl Pemuda No. 32 Baleharjo Wonosari, Gunungkidul', '-', '-', 'BAHRON RASYID, S.Pd.MM', '19601126 1979121001', 'KEPALA DINAS PENDIDIKAN PEMUDA DAN OLAHRAGA', '-', '-', '-', '', '', 'B+', 'B+', 'B+', 'B+', '85', '85', '80', '82', '85', '', '', '2018/2019', '02 Januari 2019', '30 Maret 2019', 'Gunungkidul, 02 April 2019\r', 'Belum Verifikasi'),
(370, 'HEPPY ADELIA', '9951@smkmuhkarangmojo.sch.id', 7, '9951', '-', 'KEMENTERIAN AGAMA KABUPATEN GUNUNGKIDUL', 'Jl. Brigjen Katamso 13 Wonosari Gunungkidul', '-', '-', 'H.AIDI JOHANSYAH,S.Ag.MM', '1,97E+17', 'KEPALA KANTOR KEMENTRIAN AGAMA KABUPATEN GUNUNGKIDUL', '-', '-', '-', '', '', 'B', 'B', 'B', 'B', '75', '75', '75', '75', '75', '', '', '2018/2019', '02 Januari 2019', '30 Maret 2019', 'Gunungkidul, 02 April 2019\r', 'Belum Verifikasi'),
(371, 'IKA ROBIYATUN FATIMAH', '9952@smkmuhkarangmojo.sch.id', 7, '9952', '-', 'KEMENTERIAN AGAMA KABUPATEN GUNUNGKIDUL', 'Jl. Brigjen Katamso 13 Wonosari Gunungkidul', '-', '-', 'H. AIDI JOHANSYAH,S.Ag.MM', '19690710 199503 1 003', 'KEPALA KANTOR KEMENTRIAN AGAMA KABUPATEN GUNUNGKIDUL', '-', '-', '-', '', '', 'B', 'B', 'B', 'B', '75', '75', '75', '75', '75', '', '', '2018/2019', '02 Januari 2019', '30 Maret 2019', 'Gunungkidul, 02 April 2019\r', 'Belum Verifikasi'),
(372, 'DELVI MARSELINA', '9946@smkmuhkarangmojo.sch.id', 7, '9946', '-', 'KEMENTERIAN AGAMA KABUPATEN GUNUNGKIDUL', 'Jl. Brigjen Katamso 13 Wonosari Gunungkidul', '-', '-', 'H.AIDI JOHANSYAH,S.Ag.MM', '1,97E+17', 'KEPALA KANTOR KEMENTRIAN AGAMA KABUPATEN GUNUNGKIDUL', '-', '-', '-', '', '', 'B', 'B', 'B', 'B', '75', '80', '75', '75', '75', '', '', '2018/2019', '02 Januari 2019', '30 Maret 2019', 'Gunungkidul, 02 April 2019\r', 'Belum Verifikasi'),
(373, 'REVITA ANGGRAINI', '9961@smkmuhkarangmojo.sch.id', 7, '9961', '-', 'KEMENTERIAN AGAMA KABUPATEN GUNUNGKIDUL', 'Jl. Brigjen Katamso 13 Wonosari Gunungkidul', '-', '-', 'H.AIDI JOHANSYAH,S.Ag.MM', '1,97E+17', 'KEPALA KANTOR KEMENTRIAN AGAMA KABUPATEN GUNUNGKIDUL', '-', '-', '-', '', '', 'B', 'B', 'B', 'B', '75', '75', '75', '75', '75', '', '', '2018/2019', '02 Januari 2019', '30 Maret 2019', 'Gunungkidul, 02 April 2019\r', 'Belum Verifikasi'),
(374, 'SERLI INDRI ASTUTI', '9966@smkmuhkarangmojo.sch.id', 7, '9966', '-', 'KEMENTERIAN AGAMA KABUPATEN GUNUNGKIDUL', 'Jl. Brigjen Katamso 13 Wonosari Gunungkidul', '-', '-', 'H. AIDI JOHANSYAH, S.Ag.MM', '19690710 199503 1 003', 'KEPALA KANTOR KEMENTRIAN AGAMA KABUPATEN GUNUNGKIDUL', '-', '-', '-', '', '', 'B', 'B', 'B', 'B', '75', '80', '75', '75', '75', '', '', '2018/2019', '02 Januari 2019', '30 Maret 2019', 'Gunungkidul, 02 April 2019\r', 'Belum Verifikasi'),
(375, 'ADHELIA NUR RAHMAWATI', '9940@smkmuhkarangmojo.sch.id', 7, '9940', '-', 'KANTOR POS SEMIN KABUPATEN GUNUNGKIDUL', 'Jl Semin - Wonosari, Semin Gunungkidul', '-', '-', 'SUDIHARTO', '971359430', 'KEPALA CABANG KANTOR POS SEMIN', '-', '-', '-', '', '', 'A', 'A', 'B', 'A', '85', '90', '90', '90', '90', '', '', '2018/2019', '02 Januari 2019', '30 Maret 2019', 'Gunungkidul, 02 April 2019\r', 'Belum Verifikasi'),
(376, 'RISKA AHZARA AMANDA', '9962@smkmuhkarangmojo.sch.id', 7, '9962', '-', 'KANTOR POS SEMIN KABUPATEN GUNUNGKIDUL', 'Jl Semin - Wonosari, Semin Gunungkidul', '-', '-', 'SUDIHARTO', '971359430', 'KEPALA CABANG KANTOR POS SEMIN', '-', '-', '-', '', '', 'A', 'A', 'B', 'A', '85', '90', '90', '90', '90', '', '', '2018/2019', '02 Januari 2019', '30 Maret 2019', 'Gunungkidul, 02 April 2019\r', 'Belum Verifikasi'),
(377, 'YOLLA LOVA YUNITA', '9972@smkmuhkarangmojo.sch.id', 7, '9972', '-', 'KANTOR POS SEMIN KABUPATEN GUNUNGKIDUL', 'Jl Semin - Wonosari, Semin Gunungkidul', '-', '-', 'SUDIHARTO', '971359430', 'KEPALA CABANG KANTOR POS SEMIN', '-', '-', '-', '', '', 'A', 'A', 'B', 'A', '85', '90', '90', '90', '90', '', '', '2018/2019', '02 Januari 2019', '30 Maret 2019', 'Gunungkidul, 02 April 2019\r', 'Belum Verifikasi'),
(378, 'DEVI NOVITA', '9947@smkmuhkarangmojo.sch.id', 7, '9947', '-', 'DINAS PEKERJAAN UMUM, PERUMAHAN RAKYAT DAN KAWASAN PERMUKIMAN', 'Jl. Brigjen Katamso NO. 2, Wonosari, Gunungkidul', '-', '-', 'Ir.EDDY PRAPTONO, Msi', '1,97E+17', 'KEPALA DINAS PEKERJAAN UMUM, PERUMAHAN RAKYAT DAN KAWASAN PERMUKIMAN', '-', '-', '-', '', '', 'A', 'A', 'B', 'A', '88', '88', '85', '90', '92', '', '', '2018/2019', '02 Januari 2019', '30 Maret 2019', 'Gunungkidul, 02 April 2019\r', 'Belum Verifikasi'),
(379, 'ELVIANA', '9948@smkmuhkarangmojo.sch.id', 7, '9948', '-', 'DINAS PEKERJAAN UMUM, PERUMAHAN RAKYAT DAN KAWASAN PERMUKIMAN', 'Jl. Brigjen Katamso NO. 2, Wonosari, Gunungkidul', '-', '-', 'Ir.EDDY PRAPTONO, Msi', '1,97E+17', 'KEPALA DINAS PEKERJAAN UMUM, PERUMAHAN RAKYAT DAN KAWASAN PERMUKIMAN', '-', '-', '-', '', '', 'A', 'A', 'B', 'A', '88', '88', '86', '90', '91', '', '', '2018/2019', '02 Januari 2019', '30 Maret 2019', 'Gunungkidul, 02 April 2019\r', 'Belum Verifikasi'),
(380, 'ESMAYA', '9949@smkmuhkarangmojo.sch.id', 7, '9949', '-', 'DINAS PEKERJAAN UMUM, PERUMAHAN RAKYAT DAN KAWASAN PERMUKIMAN', 'Jl. Brigjen Katamso NO. 2, Wonosari, Gunungkidul', '-', '-', 'Ir.EDDY PRAPTONO, Msi', '1,97E+17', 'KEPALA DINAS PEKERJAAN UMUM, PERUMAHAN RAKYAT DAN KAWASAN PERMUKIMAN', '-', '-', '-', '', '', 'A', 'A', 'B', 'A', '88', '88', '85', '90', '92', '', '', '2018/2019', '02 Januari 2019', '30 Maret 2019', 'Gunungkidul, 02 April 2019\r', 'Belum Verifikasi'),
(381, 'SRI WULAN SUCI RAHAYU', '9969@smkmuhkarangmojo.sch.id', 7, '9969', '-', 'DINAS PEKERJAAN UMUM, PERUMAHAN RAKYAT DAN KAWASAN PERMUKIMAN', 'Jl. Brigjen Katamso NO. 2, Wonosari, Gunungkidul', '-', '-', 'Ir.EDDY PRAPTONO, Msi', '1,97E+17', 'KEPALA DINAS PEKERJAAN UMUM, PERUMAHAN RAKYAT DAN KAWASAN PERMUKIMAN', '-', '-', '-', '', '', 'A', 'A', 'B', 'A', '88', '88', '86', '90', '91', '', '', '2018/2019', '02 Januari 2019', '30 Maret 2019', 'Gunungkidul, 02 April 2019\r', 'Belum Verifikasi'),
(382, 'AFIFAH NURHAYATI', '9973@smkmuhkarangmojo.sch.id', 8, '9973', '-', 'ANTUM TRANSMART MAGUWO YOGYAKARTA', 'Jl Raya Solo Km 8 No 234, Maguwoharjo Depok Sleman, Yogyakarta', '-', '-', 'IRNANO, S,Hut', '', 'HR. Training', '-', '-', '-', '', '', 'B', 'A', 'B', 'B', '85', '85', '90', '90', '80', '90', '90', '2018/2019', '02 Januari 2019', '30 Maret 2019', 'Gunungkidul, 02 April 2019\r', 'Belum Verifikasi'),
(383, 'AGUSTINA TRIHARJANI', '9974@smkmuhkarangmojo.sch.id', 8, '9974', '-', 'ANTUM TRANSMART MAGUWO YOGYAKARTA', 'Jl Raya Solo Km 8 No 234, Maguwoharjo Depok Sleman, Yogyakarta', '-', '-', 'IRNANO, S,Hut', '', 'HR. Training', '-', '-', '-', '', '', 'A', 'B', 'B', 'B', '85', '95', '90', '95', '80', '95', '95', '2018/2019', '02 Januari 2019', '30 Maret 2019', 'Gunungkidul, 02 April 2019\r', 'Belum Verifikasi'),
(384, 'DEWI LEGIYAWATI', '9975@smkmuhkarangmojo.sch.id', 8, '9975', '-', 'ANTUM TRANSMART MAGUWO YOGYAKARTA', 'Jl Raya Solo Km 8 No 234, Maguwoharjo Depok Sleman, Yogyakarta', '-', '-', 'IRNANO, S,Hut', '', 'HR. Training', '-', '-', '-', '', '', 'B', 'A', 'B', 'B', '85', '85', '85', '85', '80', '80', '90', '2018/2019', '02 Januari 2019', '30 Maret 2019', 'Gunungkidul, 02 April 2019\r', 'Belum Verifikasi'),
(385, 'ELA ROSITA', '9976@smkmuhkarangmojo.sch.id', 8, '9976', '-', 'ANTUM TRANSMART MAGUWO YOGYAKARTA', 'Jl Raya Solo Km 8 No 234, Maguwoharjo Depok Sleman, Yogyakarta', '-', '-', 'IRNANO, S,Hut', '', 'HR. Training', '-', '-', '-', '', '', 'B', 'B', 'B', 'B', '85', '80', '85', '85', '80', '80', '85', '2018/2019', '02 Januari 2019', '30 Maret 2019', 'Gunungkidul, 02 April 2019\r', 'Belum Verifikasi'),
(386, 'ELSA PRASETYA HATI', '9977@smkmuhkarangmojo.sch.id', 8, '9977', '-', 'ANTUM TRANSMART MAGUWO YOGYAKARTA', 'Jl Raya Solo Km 8 No 234, Maguwoharjo Depok Sleman, Yogyakarta', '-', '-', 'IRNANO, S,Hut', '', 'HR. Training', '-', '-', '-', '', '', 'A', 'B', 'B', 'B', '85', '90', '90', '90', '80', '95', '90', '2018/2019', '02 Januari 2019', '30 Maret 2019', 'Gunungkidul, 02 April 2019\r', 'Belum Verifikasi'),
(387, 'JUWITA RIYANTI', '9978@smkmuhkarangmojo.sch.id', 8, '9978', '-', 'ANTUM TRANSMART MAGUWO YOGYAKARTA', 'Jl Raya Solo Km 8 No 234, Maguwoharjo Depok Sleman, Yogyakarta', '-', '-', 'IRNANO, S,Hut', '', 'HR. Training', '-', '-', '-', '', '', 'B', 'B', 'B', 'B', '85', '80', '85', '80', '80', '85', '90', '2018/2019', '02 Januari 2019', '30 Maret 2019', 'Gunungkidul, 02 April 2019\r', 'Belum Verifikasi'),
(388, 'NURLITA SARTIKA PUTRI', '9980@smkmuhkarangmojo.sch.id', 8, '9980', '-', 'ANTUM TRANSMART MAGUWO YOGYAKARTA', 'Jl Raya Solo Km 8 No 234, Maguwoharjo Depok Sleman, Yogyakarta', '-', '-', 'IRNANO, S,Hut', '', 'HR. Training', '-', '-', '-', '', '', 'B', 'A', 'B', 'B', '85', '85', '85', '85', '80', '90', '85', '2018/2019', '02 Januari 2019', '30 Maret 2019', 'Gunungkidul, 02 April 2019\r', 'Belum Verifikasi'),
(389, 'TATIK RAHMAWATI', '9981@smkmuhkarangmojo.sch.id', 8, '9981', '-', 'ANTUM TRANSMART MAGUWO YOGYAKARTA', 'Jl Raya Solo Km 8 No 234, Maguwoharjo Depok Sleman, Yogyakarta', '-', '-', 'IRNANO, S,Hut', '', 'HR. Training', '-', '-', '-', '', '', 'B', 'B', 'B', 'B', '85', '80', '85', '85', '80', '85', '85', '2018/2019', '02 Januari 2019', '30 Maret 2019', 'Gunungkidul, 02 April 2019\r', 'Belum Verifikasi'),
(390, 'TIKA NUR OKTAVIANA', '9982@smkmuhkarangmojo.sch.id', 8, '9982', '-', 'ANTUM TRANSMART MAGUWO YOGYAKARTA', 'Jl Raya Solo Km 8 No 234, Maguwoharjo Depok Sleman, Yogyakarta', '-', '-', 'IRNANO, S,Hut', '', 'HR. Training', '-', '-', '-', '', '', 'B', 'B', 'B', 'B', '85', '80', '80', '80', '80', '80', '80', '2018/2019', '02 Januari 2019', '30 Maret 2019', 'Gunungkidul, 02 April 2019\r', 'Belum Verifikasi'),
(391, 'TRIYANI', '9983@smkmuhkarangmojo.sch.id', 8, '9983', '-', 'ANTUM TRANSMART MAGUWO YOGYAKARTA', 'Jl Raya Solo Km 8 No 234, Maguwoharjo Depok Sleman, Yogyakarta', '-', '-', 'IRNANO, S,Hut', '', 'HR. Training', '-', '-', '-', '', '', 'B', 'B', 'B', 'B', '85', '85', '85', '85', '80', '90', '85', '2018/2019', '02 Januari 2019', '30 Maret 2019', 'Gunungkidul, 02 April 2019\r', 'Belum Verifikasi'),
(392, 'YUNI ANGGRAINI S.', '9985@smkmuhkarangmojo.sch.id', 8, '9985', '-', 'ANTUM TRANSMART MAGUWO YOGYAKARTA', 'Jl Raya Solo Km 8 No 234, Maguwoharjo Depok Sleman, Yogyakarta', '-', '-', 'IRNANO, S,Hut', '', 'HR. Training', '-', '-', '-', '', '', 'B', 'B', 'B', 'B', '85', '85', '85', '85', '80', '90', '90', '2018/2019', '02 Januari 2019', '30 Maret 2019', 'Gunungkidul, 02 April 2019\r', 'Belum Verifikasi'),
(393, 'Rubinah, S.Pd', 'rubinah@smkmuhkarangmojo.sch.id', 8, '12345678', '', '', '', '', '', '', '', '', '', '', '', '', '', '', '', '', '', '', '', '', '', '', '', '', '2020/2021', '', '', '', '');

-- --------------------------------------------------------

--
-- Struktur dari tabel `tbl_jurusan`
--

CREATE TABLE `tbl_jurusan` (
  `id` int(11) NOT NULL,
  `id_jurusan` int(11) NOT NULL,
  `jurusan` varchar(128) NOT NULL
) ENGINE=InnoDB DEFAULT CHARSET=utf8mb4;

--
-- Dumping data untuk tabel `tbl_jurusan`
--

INSERT INTO `tbl_jurusan` (`id`, `id_jurusan`, `jurusan`) VALUES
(1, 4, 'Teknik Kendaraan Ringan Otomotif'),
(2, 5, 'Teknik Bisnis Sepeda Motor'),
(3, 6, 'Akuntansi dan Keuangan Lembaga'),
(4, 7, 'Otomatisasi dan Tata Kelola Perkantoran'),
(5, 8, 'Bisnis Daring dan Pemasaran');

-- --------------------------------------------------------

--
-- Struktur dari tabel `tbl_kelas`
--

CREATE TABLE `tbl_kelas` (
  `id` int(11) NOT NULL,
  `kelas` varchar(25) NOT NULL
) ENGINE=InnoDB DEFAULT CHARSET=utf8mb4;

--
-- Dumping data untuk tabel `tbl_kelas`
--

INSERT INTO `tbl_kelas` (`id`, `kelas`) VALUES
(1, 'X TKRO 1'),
(2, 'X TKRO 2'),
(3, 'X TBSM'),
(4, 'X AKL'),
(5, 'X OTKP 1'),
(6, 'X OTKP 2'),
(7, 'X BDP'),
(8, 'XI TKRO'),
(9, 'XI TBSM'),
(10, 'XI AKL'),
(11, 'XI OTKP'),
(12, 'XI BDP'),
(13, 'XII TKRO 1'),
(14, 'XII TKRO 2'),
(15, 'XII TBSM'),
(16, 'XII AKL 1'),
(17, 'XII AKL 2'),
(18, 'XII OTKP 1'),
(19, 'XII OTKP 2'),
(20, 'XII BDP');

-- --------------------------------------------------------

--
-- Struktur dari tabel `tbl_x`
--

CREATE TABLE `tbl_x` (
  `id` int(11) NOT NULL,
  `id_kelas` int(11) NOT NULL,
  `kelas` varchar(10) NOT NULL
) ENGINE=InnoDB DEFAULT CHARSET=utf8mb4;

--
-- Dumping data untuk tabel `tbl_x`
--

INSERT INTO `tbl_x` (`id`, `id_kelas`, `kelas`) VALUES
(1, 1, 'X TKRO 1'),
(2, 2, 'X TKRO 2'),
(3, 3, 'X TBSM'),
(4, 4, 'X AKL'),
(5, 5, 'X OTKP 1'),
(6, 6, 'X OTKP 2'),
(7, 7, 'X BDP');

-- --------------------------------------------------------

--
-- Struktur dari tabel `tbl_xi`
--

CREATE TABLE `tbl_xi` (
  `id` int(11) NOT NULL,
  `id_kelas` int(10) NOT NULL,
  `kelas` varchar(10) NOT NULL
) ENGINE=InnoDB DEFAULT CHARSET=utf8mb4;

--
-- Dumping data untuk tabel `tbl_xi`
--

INSERT INTO `tbl_xi` (`id`, `id_kelas`, `kelas`) VALUES
(1, 8, 'XI TKRO'),
(2, 9, 'XI TBSM'),
(3, 10, 'XI AKL'),
(4, 11, 'XI OTKP'),
(5, 12, 'XI BDP');

-- --------------------------------------------------------

--
-- Struktur dari tabel `tbl_xii`
--

CREATE TABLE `tbl_xii` (
  `id` int(3) NOT NULL,
  `id_kelas` int(11) NOT NULL,
  `kelas` varchar(10) NOT NULL
) ENGINE=InnoDB DEFAULT CHARSET=utf8mb4;

--
-- Dumping data untuk tabel `tbl_xii`
--

INSERT INTO `tbl_xii` (`id`, `id_kelas`, `kelas`) VALUES
(1, 13, 'XII TKRO 1'),
(2, 14, 'XII TKRO 2'),
(3, 15, 'XII TBSM'),
(4, 16, 'XII AKL 1'),
(5, 17, 'XII AKL 2'),
(6, 18, 'XII OTKP 1'),
(7, 19, 'XII OTKP 2'),
(8, 20, 'XII BDP');

-- --------------------------------------------------------

--
-- Struktur dari tabel `tp`
--

CREATE TABLE `tp` (
  `id` int(11) NOT NULL,
  `tp` varchar(11) NOT NULL
) ENGINE=InnoDB DEFAULT CHARSET=utf8mb4;

--
-- Dumping data untuk tabel `tp`
--

INSERT INTO `tp` (`id`, `tp`) VALUES
(1, '2019/2020'),
(2, '2020/2021');

-- --------------------------------------------------------

--
-- Struktur dari tabel `user`
--

CREATE TABLE `user` (
  `id` int(11) NOT NULL,
  `name` varchar(128) NOT NULL,
  `email` varchar(128) NOT NULL,
  `image` varchar(128) NOT NULL,
  `password` varchar(256) NOT NULL,
  `role_id` int(11) NOT NULL,
  `is_active` int(1) NOT NULL,
  `date_created` int(11) NOT NULL,
  `nis` varchar(128) NOT NULL,
  `tp` varchar(25) NOT NULL
) ENGINE=InnoDB DEFAULT CHARSET=utf8mb4;

--
-- Dumping data untuk tabel `user`
--

INSERT INTO `user` (`id`, `name`, `email`, `image`, `password`, `role_id`, `is_active`, `date_created`, `nis`, `tp`) VALUES
(1, 'Eko Cahyanto', 'ekocahyanto007@gmail.com', 'default.png', '$2y$10$SSdGxDrTPZr0KhyP6LiJle9oVxw27XIh98wKLKcWUfKs.IANRuEnG', 1, 1, 1597135942, '', ''),
(2, 'Admin PKL', 'admin_pkl@smkmuhkarangmojo.sch.id', 'default.png', '$2y$10$mONIx7whuqfYPeHtNuNmC.nwnThMrIfdRk8PRyeyOVkQaXB2x8NqS', 3, 1, 1597136670, '', ''),
(3, 'Eko Cahyanto', 'cahya93@smkmuhkarangmojo.sch.id', 'default.png', '$2y$10$qr.nMY09o9/j2xOcF.JoWOx/8gQNMfCBblnn4vyMgCo5onDf0Wx0C', 3, 1, 1597311191, '', ''),
(4, 'Agus Purwanto', 'agus_purwanto@smkmuhkarangmojo.sch.id', 'default.png', '$2y$10$yhSNK1bUlLNZ.UhhiKwyzuKntZBD4oRgH/kEAIRLQNfJHAKAG9L.2', 4, 1, 1597328571, '9988', ''),
(5, 'ANGELIA PUTRI FEBRIANI', 'angelia_febriani@smkmuhkarangmojo.sch.id', 'default.png', '$2y$10$/sUjouC1q2m6OTvJ79p0..wudHGpRikhwsm5PlyCMpyPqPF8wDoyO', 7, 1, 1597372041, '', ''),
(6, 'Arum Prabowo', 'arum_prabowo@smkmuhkarangmojo.sch.id', 'default.png', '$2y$10$Q8T2mTAZY3aMVkU1ClJmY.sIIIQOZsDQZ82qluX0rvPUJZxtfN/Bq', 4, 1, 1597376518, '9993', ''),
(7, 'Miladiyah Venni Widiyana', 'miladiyah_widiyana@smkmuhkarangmojo.sch.id', 'default.png', '$2y$10$Ctgl5MkeTct7j29n96XQ0uaWsCCEv.R3eNRRgvCwiPqQnMfDXZyeq', 4, 1, 1597396286, '10174', ''),
(9, 'Raehan Lidgar Qodri', 'raehan_qodari@smkmuhkarangmojo.sch.id', 'default.png', '$2y$10$moInfARto2oLf.Ey7ZDmduQOYXd27habiH3NvxbLLrv9GRrHfIO7C', 5, 1, 1597399904, '10089', ''),
(10, 'Dhila Erlin Santika', 'dhila_santika@smkmuhkarangmojo.sch.id', 'default.png', '$2y$10$RrVK8.k4bys5m.ArIyj3e.99soYEIOTbNQ2ut7.y4rD6uG6pXL1mW', 6, 1, 1597400937, '10117', ''),
(11, 'DIAH TRI UTAMI', 'diah_utami@smkmuhkarangmojo.sch.id', 'default.png', '$2y$10$Tv8ftwNdC.TCUPuhjxT.buppjtdXRlENq6MfCVei9BcV3OTdISN4O', 8, 1, 1597402630, '10188', ''),
(12, 'Eko Cahyanto', 'ekocahyanto@gmail.com', 'default.png', '$2y$10$Tv8ftwNdC.TCUPuhjxT.buppjtdXRlENq6MfCVei9BcV3OTdISN4O', 4, 1, 1597402630, '10188', ''),
(13, 'AIDA RACHMAN', 'selmasya_rachman@smkmuhkarangmojo.sch.id', 'default.png', '$2y$10$RrVK8.k4bys5m.ArIyj3e.99soYEIOTbNQ2ut7.y4rD6uG6pXL1mW', 6, 1, 1597400937, '', ''),
(14, 'ALAIL RAHMA', 'salma_rahma@smkmuhkarangmojo.sch.id', 'default.png', '$2y$10$RrVK8.k4bys5m.ArIyj3e.99soYEIOTbNQ2ut7.y4rD6uG6pXL1mW', 6, 1, 1597400937, '', ''),
(15, 'ANGGI MAHARANI', 'tiara_maharani@smkmuhkarangmojo.sch.id', 'default.png', '$2y$10$RrVK8.k4bys5m.ArIyj3e.99soYEIOTbNQ2ut7.y4rD6uG6pXL1mW', 6, 1, 1597400937, '', ''),
(16, 'ANGGRAINI', 'anita_anggraini@smkmuhkarangmojo.sch.id', 'default.png', '$2y$10$RrVK8.k4bys5m.ArIyj3e.99soYEIOTbNQ2ut7.y4rD6uG6pXL1mW', 6, 1, 1597400937, '', ''),
(17, 'Anggraini', 'ria_anggraini@smkmuhkarangmojo.sch.id', 'default.png', '$2y$10$RrVK8.k4bys5m.ArIyj3e.99soYEIOTbNQ2ut7.y4rD6uG6pXL1mW', 6, 1, 1597400937, '', ''),
(18, 'CATUR ANANTA', 'lisa_ananta@smkmuhkarangmojo.sch.id', 'default.png', '$2y$10$RrVK8.k4bys5m.ArIyj3e.99soYEIOTbNQ2ut7.y4rD6uG6pXL1mW', 6, 1, 1597400937, '', ''),
(19, 'HIDAYATI', 'neneng_hidayati@smkmuhkarangmojo.sch.id', 'default.png', '$2y$10$RrVK8.k4bys5m.ArIyj3e.99soYEIOTbNQ2ut7.y4rD6uG6pXL1mW', 6, 1, 1597400937, '', ''),
(20, 'Lestari', 'yulia_lestari@smkmuhkarangmojo.sch.id', 'default.png', '$2y$10$RrVK8.k4bys5m.ArIyj3e.99soYEIOTbNQ2ut7.y4rD6uG6pXL1mW', 6, 1, 1597400937, '', ''),
(21, 'MAYASARI', 'diana_mayasari@smkmuhkarangmojo.sch.id', 'default.png', '$2y$10$RrVK8.k4bys5m.ArIyj3e.99soYEIOTbNQ2ut7.y4rD6uG6pXL1mW', 6, 1, 1597400937, '', ''),
(22, 'Mutia Sari', 'intan_sari@smkmuhkarangmojo.sch.id', 'default.png', '$2y$10$RrVK8.k4bys5m.ArIyj3e.99soYEIOTbNQ2ut7.y4rD6uG6pXL1mW', 6, 1, 1597400937, '', ''),
(23, 'NUANSA NUARINDAH', 'eviana_nuarindah@smkmuhkarangmojo.sch.id', 'default.png', '$2y$10$RrVK8.k4bys5m.ArIyj3e.99soYEIOTbNQ2ut7.y4rD6uG6pXL1mW', 6, 1, 1597400937, '', ''),
(24, 'RACHMA', 'aulia_rachma@smkmuhkarangmojo.sch.id', 'default.png', '$2y$10$RrVK8.k4bys5m.ArIyj3e.99soYEIOTbNQ2ut7.y4rD6uG6pXL1mW', 6, 1, 1597400937, '', ''),
(25, 'Rasita Angelina', 'lia_angelina@smkmuhkarangmojo.sch.id', 'default.png', '$2y$10$RrVK8.k4bys5m.ArIyj3e.99soYEIOTbNQ2ut7.y4rD6uG6pXL1mW', 6, 1, 1597400937, '', ''),
(26, 'SAKINAH', 'novi_sakinah@smkmuhkarangmojo.sch.id', 'default.png', '$2y$10$RrVK8.k4bys5m.ArIyj3e.99soYEIOTbNQ2ut7.y4rD6uG6pXL1mW', 6, 1, 1597400937, '', ''),
(27, 'VETI NUGRAHENI', 'erlina_nugraheni@smkmuhkarangmojo.sch.id', 'default.png', '$2y$10$RrVK8.k4bys5m.ArIyj3e.99soYEIOTbNQ2ut7.y4rD6uG6pXL1mW', 6, 1, 1597400937, '', ''),
(28, 'WARA DITA', 'sindi_dita@smkmuhkarangmojo.sch.id', 'default.png', '$2y$10$RrVK8.k4bys5m.ArIyj3e.99soYEIOTbNQ2ut7.y4rD6uG6pXL1mW', 6, 1, 1597400937, '', ''),
(29, 'WATI', 'rika_wati@smkmuhkarangmojo.sch.id', 'default.png', '$2y$10$RrVK8.k4bys5m.ArIyj3e.99soYEIOTbNQ2ut7.y4rD6uG6pXL1mW', 6, 1, 1597400937, '', ''),
(30, 'WIDYASTUTI', 'vian_widyastuti@smkmuhkarangmojo.sch.id', 'default.png', '$2y$10$RrVK8.k4bys5m.ArIyj3e.99soYEIOTbNQ2ut7.y4rD6uG6pXL1mW', 6, 1, 1597400937, '', ''),
(31, 'ALFADHIA', 'alfadhia_khuzaimah@smkmuhkarangmojo.sch.id', 'default.png', '$2y$10$RrVK8.k4bys5m.ArIyj3e.99soYEIOTbNQ2ut7.y4rD6uG6pXL1mW', 6, 1, 1597400937, '', ''),
(32, 'Alfadhia', 'alfadhia_alkhuzaimah@smkmuhkarangmojo.sch.id', 'default.png', '$2y$10$RrVK8.k4bys5m.ArIyj3e.99soYEIOTbNQ2ut7.y4rD6uG6pXL1mW', 6, 1, 1597400937, '', ''),
(33, 'Amelia', 'amelia_amelia@smkmuhkarangmojo.sch.id', 'default.png', '$2y$10$RrVK8.k4bys5m.ArIyj3e.99soYEIOTbNQ2ut7.y4rD6uG6pXL1mW', 6, 1, 1597400937, '', ''),
(34, 'Anggita', 'anggita_cahyani@smkmuhkarangmojo.sch.id', 'default.png', '$2y$10$RrVK8.k4bys5m.ArIyj3e.99soYEIOTbNQ2ut7.y4rD6uG6pXL1mW', 6, 1, 1597400937, '', ''),
(35, 'APRILIA', 'aprilia_lestari@smkmuhkarangmojo.sch.id', 'default.png', '$2y$10$RrVK8.k4bys5m.ArIyj3e.99soYEIOTbNQ2ut7.y4rD6uG6pXL1mW', 6, 1, 1597400937, '', ''),
(36, 'DANING', 'daning_asih@smkmuhkarangmojo.sch.id', 'default.png', '$2y$10$RrVK8.k4bys5m.ArIyj3e.99soYEIOTbNQ2ut7.y4rD6uG6pXL1mW', 6, 1, 1597400937, '', ''),
(37, 'DECHA', 'decha_wahyuningtyas@smkmuhkarangmojo.sch.id', 'default.png', '$2y$10$RrVK8.k4bys5m.ArIyj3e.99soYEIOTbNQ2ut7.y4rD6uG6pXL1mW', 6, 1, 1597400937, '', ''),
(38, 'DEWI', 'dewi_marini@smkmuhkarangmojo.sch.id', 'default.png', '$2y$10$RrVK8.k4bys5m.ArIyj3e.99soYEIOTbNQ2ut7.y4rD6uG6pXL1mW', 6, 1, 1597400937, '', ''),
(39, 'DHILA', 'dhila_santika@smkmuhkarangmojo.sch.id', 'default.png', '$2y$10$RrVK8.k4bys5m.ArIyj3e.99soYEIOTbNQ2ut7.y4rD6uG6pXL1mW', 6, 1, 1597400937, '', ''),
(40, 'Firda', 'firda_khoridah@smkmuhkarangmojo.sch.id', 'default.png', '$2y$10$RrVK8.k4bys5m.ArIyj3e.99soYEIOTbNQ2ut7.y4rD6uG6pXL1mW', 6, 1, 1597400937, '', ''),
(41, 'ISTINA', 'istina_lestari@smkmuhkarangmojo.sch.id', 'default.png', '$2y$10$RrVK8.k4bys5m.ArIyj3e.99soYEIOTbNQ2ut7.y4rD6uG6pXL1mW', 6, 1, 1597400937, '', ''),
(42, 'LIA', 'lia_pratiwi@smkmuhkarangmojo.sch.id', 'default.png', '$2y$10$RrVK8.k4bys5m.ArIyj3e.99soYEIOTbNQ2ut7.y4rD6uG6pXL1mW', 6, 1, 1597400937, '', ''),
(43, 'Linda', 'linda_wulandari@smkmuhkarangmojo.sch.id', 'default.png', '$2y$10$RrVK8.k4bys5m.ArIyj3e.99soYEIOTbNQ2ut7.y4rD6uG6pXL1mW', 6, 1, 1597400937, '', ''),
(44, 'Lutfia', 'lutfia_putri@smkmuhkarangmojo.sch.id', 'default.png', '$2y$10$RrVK8.k4bys5m.ArIyj3e.99soYEIOTbNQ2ut7.y4rD6uG6pXL1mW', 6, 1, 1597400937, '', ''),
(45, 'MAYAR', 'mayar_utami@smkmuhkarangmojo.sch.id', 'default.png', '$2y$10$RrVK8.k4bys5m.ArIyj3e.99soYEIOTbNQ2ut7.y4rD6uG6pXL1mW', 6, 1, 1597400937, '', ''),
(46, 'NABILA', 'nabila_meiliana@smkmuhkarangmojo.sch.id', 'default.png', '$2y$10$RrVK8.k4bys5m.ArIyj3e.99soYEIOTbNQ2ut7.y4rD6uG6pXL1mW', 6, 1, 1597400937, '', ''),
(47, 'NITA', 'nita_puspitaningrum@smkmuhkarangmojo.sch.id', 'default.png', '$2y$10$RrVK8.k4bys5m.ArIyj3e.99soYEIOTbNQ2ut7.y4rD6uG6pXL1mW', 6, 1, 1597400937, '', ''),
(48, 'PUTRI', 'putri_puspitaningrum@smkmuhkarangmojo.sch.id', 'default.png', '$2y$10$RrVK8.k4bys5m.ArIyj3e.99soYEIOTbNQ2ut7.y4rD6uG6pXL1mW', 6, 1, 1597400937, '', ''),
(49, 'Revina', 'revina_revina@smkmuhkarangmojo.sch.id', 'default.png', '$2y$10$RrVK8.k4bys5m.ArIyj3e.99soYEIOTbNQ2ut7.y4rD6uG6pXL1mW', 6, 1, 1597400937, '', ''),
(50, 'SIFA', 'sifa_sarah@smkmuhkarangmojo.sch.id', 'default.png', '$2y$10$RrVK8.k4bys5m.ArIyj3e.99soYEIOTbNQ2ut7.y4rD6uG6pXL1mW', 6, 1, 1597400937, '', ''),
(51, 'Sisca', 'sisca_putri@smkmuhkarangmojo.sch.id', 'default.png', '$2y$10$RrVK8.k4bys5m.ArIyj3e.99soYEIOTbNQ2ut7.y4rD6uG6pXL1mW', 6, 1, 1597400937, '', ''),
(52, 'TYA', 'tya_pratiwi@smkmuhkarangmojo.sch.id', 'default.png', '$2y$10$RrVK8.k4bys5m.ArIyj3e.99soYEIOTbNQ2ut7.y4rD6uG6pXL1mW', 6, 1, 1597400937, '', ''),
(53, 'YESZI', 'yeszi_susilowati@smkmuhkarangmojo.sch.id', 'default.png', '$2y$10$RrVK8.k4bys5m.ArIyj3e.99soYEIOTbNQ2ut7.y4rD6uG6pXL1mW', 6, 1, 1597400937, '', ''),
(54, 'ARIYANI', 'ariyani_yuliana@smkmuhkarangmojo.sch.id', 'default.png', '$2y$10$Tv8ftwNdC.TCUPuhjxT.buppjtdXRlENq6MfCVei9BcV3OTdISN4O', 8, 1, 1597402630, '', ''),
(55, 'Diah', 'diah_utami@smkmuhkarangmojo.sch.id', 'default.png', '$2y$10$Tv8ftwNdC.TCUPuhjxT.buppjtdXRlENq6MfCVei9BcV3OTdISN4O', 8, 1, 1597402630, '', ''),
(56, 'Dian', 'dian_puspitasari@smkmuhkarangmojo.sch.id', 'default.png', '$2y$10$Tv8ftwNdC.TCUPuhjxT.buppjtdXRlENq6MfCVei9BcV3OTdISN4O', 8, 1, 1597402630, '', ''),
(57, 'EMANIATI', 'emaniati_emaniati@smkmuhkarangmojo.sch.id', 'default.png', '$2y$10$Tv8ftwNdC.TCUPuhjxT.buppjtdXRlENq6MfCVei9BcV3OTdISN4O', 8, 1, 1597402630, '', ''),
(58, 'ERNI', 'erni_febriani@smkmuhkarangmojo.sch.id', 'default.png', '$2y$10$Tv8ftwNdC.TCUPuhjxT.buppjtdXRlENq6MfCVei9BcV3OTdISN4O', 8, 1, 1597402630, '', ''),
(59, 'Galuh', 'galuh_kirana@smkmuhkarangmojo.sch.id', 'default.png', '$2y$10$Tv8ftwNdC.TCUPuhjxT.buppjtdXRlENq6MfCVei9BcV3OTdISN4O', 8, 1, 1597402630, '', ''),
(60, 'IIN', 'iin_marlina@smkmuhkarangmojo.sch.id', 'default.png', '$2y$10$Tv8ftwNdC.TCUPuhjxT.buppjtdXRlENq6MfCVei9BcV3OTdISN4O', 8, 1, 1597402630, '', ''),
(61, 'INDAH', 'indah_lestari@smkmuhkarangmojo.sch.id', 'default.png', '$2y$10$Tv8ftwNdC.TCUPuhjxT.buppjtdXRlENq6MfCVei9BcV3OTdISN4O', 8, 1, 1597402630, '', ''),
(62, 'IRVAN', 'irvan_hakim@smkmuhkarangmojo.sch.id', 'default.png', '$2y$10$Tv8ftwNdC.TCUPuhjxT.buppjtdXRlENq6MfCVei9BcV3OTdISN4O', 8, 1, 1597402630, '', ''),
(63, 'MUHAMMAD', 'muhammad_aryadi@smkmuhkarangmojo.sch.id', 'default.png', '$2y$10$Tv8ftwNdC.TCUPuhjxT.buppjtdXRlENq6MfCVei9BcV3OTdISN4O', 8, 1, 1597402630, '', ''),
(64, 'Muhammad', 'muhammad_wibowo@smkmuhkarangmojo.sch.id', 'default.png', '$2y$10$Tv8ftwNdC.TCUPuhjxT.buppjtdXRlENq6MfCVei9BcV3OTdISN4O', 8, 1, 1597402630, '', ''),
(65, 'Muhammad', 'muhammad_zabady@smkmuhkarangmojo.sch.id', 'default.png', '$2y$10$Tv8ftwNdC.TCUPuhjxT.buppjtdXRlENq6MfCVei9BcV3OTdISN4O', 8, 1, 1597402630, '', ''),
(66, 'Nur', 'nur_octavia@smkmuhkarangmojo.sch.id', 'default.png', '$2y$10$Tv8ftwNdC.TCUPuhjxT.buppjtdXRlENq6MfCVei9BcV3OTdISN4O', 8, 1, 1597402630, '', ''),
(67, 'RAMADHANI', 'ramadhani_saputri@smkmuhkarangmojo.sch.id', 'default.png', '$2y$10$Tv8ftwNdC.TCUPuhjxT.buppjtdXRlENq6MfCVei9BcV3OTdISN4O', 8, 1, 1597402630, '', ''),
(68, 'RINI', 'rini_rohmahwati@smkmuhkarangmojo.sch.id', 'default.png', '$2y$10$Tv8ftwNdC.TCUPuhjxT.buppjtdXRlENq6MfCVei9BcV3OTdISN4O', 8, 1, 1597402630, '', ''),
(69, 'ROHANI', 'rohani_sari@smkmuhkarangmojo.sch.id', 'default.png', '$2y$10$Tv8ftwNdC.TCUPuhjxT.buppjtdXRlENq6MfCVei9BcV3OTdISN4O', 8, 1, 1597402630, '', ''),
(70, 'ROSHANI', 'roshani_astuti@smkmuhkarangmojo.sch.id', 'default.png', '$2y$10$Tv8ftwNdC.TCUPuhjxT.buppjtdXRlENq6MfCVei9BcV3OTdISN4O', 8, 1, 1597402630, '', ''),
(71, 'Silvia', 'silvia_setyaningrum@smkmuhkarangmojo.sch.id', 'default.png', '$2y$10$Tv8ftwNdC.TCUPuhjxT.buppjtdXRlENq6MfCVei9BcV3OTdISN4O', 8, 1, 1597402630, '', ''),
(72, 'SINTA', 'sinta_lestari@smkmuhkarangmojo.sch.id', 'default.png', '$2y$10$Tv8ftwNdC.TCUPuhjxT.buppjtdXRlENq6MfCVei9BcV3OTdISN4O', 8, 1, 1597402630, '', ''),
(73, 'SUPRIHATIN', 'suprihatin_suprihatin@smkmuhkarangmojo.sch.id', 'default.png', '$2y$10$Tv8ftwNdC.TCUPuhjxT.buppjtdXRlENq6MfCVei9BcV3OTdISN4O', 8, 1, 1597402630, '', ''),
(74, 'Tiana', 'tiana_yuliani@smkmuhkarangmojo.sch.id', 'default.png', '$2y$10$Tv8ftwNdC.TCUPuhjxT.buppjtdXRlENq6MfCVei9BcV3OTdISN4O', 8, 1, 1597402630, '', ''),
(75, 'WAHYU', 'wahyu_aizah@smkmuhkarangmojo.sch.id', 'default.png', '$2y$10$Tv8ftwNdC.TCUPuhjxT.buppjtdXRlENq6MfCVei9BcV3OTdISN4O', 8, 1, 1597402630, '', ''),
(76, 'WULAN', 'wulan_rahayu@smkmuhkarangmojo.sch.id', 'default.png', '$2y$10$Tv8ftwNdC.TCUPuhjxT.buppjtdXRlENq6MfCVei9BcV3OTdISN4O', 8, 1, 1597402630, '', ''),
(77, 'YULIA', 'yulia_herawati@smkmuhkarangmojo.sch.id', 'default.png', '$2y$10$Tv8ftwNdC.TCUPuhjxT.buppjtdXRlENq6MfCVei9BcV3OTdISN4O', 8, 1, 1597402630, '', ''),
(78, 'AISYAH', 'aisyah_yulianti@smkmuhkarangmojo.sch.id', 'default.png', '$2y$10$/sUjouC1q2m6OTvJ79p0..wudHGpRikhwsm5PlyCMpyPqPF8wDoyO', 7, 1, 1597372041, '', ''),
(79, 'Ana', 'ana_septyani@smkmuhkarangmojo.sch.id', 'default.png', '$2y$10$/sUjouC1q2m6OTvJ79p0..wudHGpRikhwsm5PlyCMpyPqPF8wDoyO', 7, 1, 1597372041, '', ''),
(80, 'ANGGA', 'angga_syahputra@smkmuhkarangmojo.sch.id', 'default.png', '$2y$10$/sUjouC1q2m6OTvJ79p0..wudHGpRikhwsm5PlyCMpyPqPF8wDoyO', 7, 1, 1597372041, '', ''),
(81, 'Anisa', 'anisa_rahayu@smkmuhkarangmojo.sch.id', 'default.png', '$2y$10$/sUjouC1q2m6OTvJ79p0..wudHGpRikhwsm5PlyCMpyPqPF8wDoyO', 7, 1, 1597372041, '', ''),
(82, 'ARDELLIA', 'ardellia_aramintya@smkmuhkarangmojo.sch.id', 'default.png', '$2y$10$/sUjouC1q2m6OTvJ79p0..wudHGpRikhwsm5PlyCMpyPqPF8wDoyO', 7, 1, 1597372041, '', ''),
(83, 'ASIH', 'asih_utami@smkmuhkarangmojo.sch.id', 'default.png', '$2y$10$/sUjouC1q2m6OTvJ79p0..wudHGpRikhwsm5PlyCMpyPqPF8wDoyO', 7, 1, 1597372041, '', ''),
(84, 'Citra', 'citra_putri@smkmuhkarangmojo.sch.id', 'default.png', '$2y$10$/sUjouC1q2m6OTvJ79p0..wudHGpRikhwsm5PlyCMpyPqPF8wDoyO', 7, 1, 1597372041, '', ''),
(85, 'DEWI', 'dewi_astuti@smkmuhkarangmojo.sch.id', 'default.png', '$2y$10$/sUjouC1q2m6OTvJ79p0..wudHGpRikhwsm5PlyCMpyPqPF8wDoyO', 7, 1, 1597372041, '', ''),
(86, 'DIAH', 'diah_setyawati@smkmuhkarangmojo.sch.id', 'default.png', '$2y$10$/sUjouC1q2m6OTvJ79p0..wudHGpRikhwsm5PlyCMpyPqPF8wDoyO', 7, 1, 1597372041, '', ''),
(87, 'DIMAS', 'dimas_prasetya@smkmuhkarangmojo.sch.id', 'default.png', '$2y$10$/sUjouC1q2m6OTvJ79p0..wudHGpRikhwsm5PlyCMpyPqPF8wDoyO', 7, 1, 1597372041, '', ''),
(88, 'FATIHAH', 'fatihah_fitriya@smkmuhkarangmojo.sch.id', 'default.png', '$2y$10$/sUjouC1q2m6OTvJ79p0..wudHGpRikhwsm5PlyCMpyPqPF8wDoyO', 7, 1, 1597372041, '', ''),
(89, 'FIKA', 'fika_rohma@smkmuhkarangmojo.sch.id', 'default.png', '$2y$10$/sUjouC1q2m6OTvJ79p0..wudHGpRikhwsm5PlyCMpyPqPF8wDoyO', 7, 1, 1597372041, '', ''),
(90, 'Heni', 'heni_setiyaningsih@smkmuhkarangmojo.sch.id', 'default.png', '$2y$10$/sUjouC1q2m6OTvJ79p0..wudHGpRikhwsm5PlyCMpyPqPF8wDoyO', 7, 1, 1597372041, '', ''),
(91, 'HERA', 'hera_pembayun@smkmuhkarangmojo.sch.id', 'default.png', '$2y$10$/sUjouC1q2m6OTvJ79p0..wudHGpRikhwsm5PlyCMpyPqPF8wDoyO', 7, 1, 1597372041, '', ''),
(92, 'Ira', 'ira_sari@smkmuhkarangmojo.sch.id', 'default.png', '$2y$10$/sUjouC1q2m6OTvJ79p0..wudHGpRikhwsm5PlyCMpyPqPF8wDoyO', 7, 1, 1597372041, '', ''),
(93, 'Jena', 'jena_oktaviani@smkmuhkarangmojo.sch.id', 'default.png', '$2y$10$/sUjouC1q2m6OTvJ79p0..wudHGpRikhwsm5PlyCMpyPqPF8wDoyO', 7, 1, 1597372041, '', ''),
(94, 'Lina', 'lina_aryani@smkmuhkarangmojo.sch.id', 'default.png', '$2y$10$/sUjouC1q2m6OTvJ79p0..wudHGpRikhwsm5PlyCMpyPqPF8wDoyO', 7, 1, 1597372041, '', ''),
(95, 'NINDA', 'ninda_ramadhanti@smkmuhkarangmojo.sch.id', 'default.png', '$2y$10$/sUjouC1q2m6OTvJ79p0..wudHGpRikhwsm5PlyCMpyPqPF8wDoyO', 7, 1, 1597372041, '', ''),
(96, 'Putri', 'putri_anandhita@smkmuhkarangmojo.sch.id', 'default.png', '$2y$10$/sUjouC1q2m6OTvJ79p0..wudHGpRikhwsm5PlyCMpyPqPF8wDoyO', 7, 1, 1597372041, '', ''),
(97, 'Rahayu', 'rahayu_setyaningrum@smkmuhkarangmojo.sch.id', 'default.png', '$2y$10$/sUjouC1q2m6OTvJ79p0..wudHGpRikhwsm5PlyCMpyPqPF8wDoyO', 7, 1, 1597372041, '', ''),
(98, 'RIKO', 'riko_pambudi@smkmuhkarangmojo.sch.id', 'default.png', '$2y$10$/sUjouC1q2m6OTvJ79p0..wudHGpRikhwsm5PlyCMpyPqPF8wDoyO', 7, 1, 1597372041, '', ''),
(99, 'Rita', 'rita_sugiarni@smkmuhkarangmojo.sch.id', 'default.png', '$2y$10$/sUjouC1q2m6OTvJ79p0..wudHGpRikhwsm5PlyCMpyPqPF8wDoyO', 7, 1, 1597372041, '', ''),
(100, 'RIVA', 'riva_handayani@smkmuhkarangmojo.sch.id', 'default.png', '$2y$10$/sUjouC1q2m6OTvJ79p0..wudHGpRikhwsm5PlyCMpyPqPF8wDoyO', 7, 1, 1597372041, '', ''),
(101, 'Tyas', 'tyas_ningsih@smkmuhkarangmojo.sch.id', 'default.png', '$2y$10$/sUjouC1q2m6OTvJ79p0..wudHGpRikhwsm5PlyCMpyPqPF8wDoyO', 7, 1, 1597372041, '', ''),
(102, 'YULIYANA', 'yuliyana_yuliyana@smkmuhkarangmojo.sch.id', 'default.png', '$2y$10$/sUjouC1q2m6OTvJ79p0..wudHGpRikhwsm5PlyCMpyPqPF8wDoyO', 7, 1, 1597372041, '', ''),
(103, 'AFSINDA', 'afsinda_wineke@smkmuhkarangmojo.sch.id', 'default.png', '$2y$10$/sUjouC1q2m6OTvJ79p0..wudHGpRikhwsm5PlyCMpyPqPF8wDoyO', 7, 1, 1597372041, '', ''),
(105, 'ANHAR', 'anhar_ichwanto@smkmuhkarangmojo.sch.id', 'default.png', '$2y$10$/sUjouC1q2m6OTvJ79p0..wudHGpRikhwsm5PlyCMpyPqPF8wDoyO', 7, 1, 1597372041, '', ''),
(106, 'ASTI', 'asti_ardhila@smkmuhkarangmojo.sch.id', 'default.png', '$2y$10$/sUjouC1q2m6OTvJ79p0..wudHGpRikhwsm5PlyCMpyPqPF8wDoyO', 7, 1, 1597372041, '', ''),
(107, 'CANTIKA', 'cantika_melati@smkmuhkarangmojo.sch.id', 'default.png', '$2y$10$/sUjouC1q2m6OTvJ79p0..wudHGpRikhwsm5PlyCMpyPqPF8wDoyO', 7, 1, 1597372041, '', ''),
(108, 'DESTY', 'desty_wati@smkmuhkarangmojo.sch.id', 'default.png', '$2y$10$/sUjouC1q2m6OTvJ79p0..wudHGpRikhwsm5PlyCMpyPqPF8wDoyO', 7, 1, 1597372041, '', ''),
(109, 'Devi', 'devi_pratiwi@smkmuhkarangmojo.sch.id', 'default.png', '$2y$10$/sUjouC1q2m6OTvJ79p0..wudHGpRikhwsm5PlyCMpyPqPF8wDoyO', 7, 1, 1597372041, '', ''),
(110, 'DIKA', 'dika_septiani@smkmuhkarangmojo.sch.id', 'default.png', '$2y$10$/sUjouC1q2m6OTvJ79p0..wudHGpRikhwsm5PlyCMpyPqPF8wDoyO', 7, 1, 1597372041, '', ''),
(111, 'EFI', 'efi_elmawati@smkmuhkarangmojo.sch.id', 'default.png', '$2y$10$/sUjouC1q2m6OTvJ79p0..wudHGpRikhwsm5PlyCMpyPqPF8wDoyO', 7, 1, 1597372041, '', ''),
(112, 'ERNA', 'erna_sari@smkmuhkarangmojo.sch.id', 'default.png', '$2y$10$/sUjouC1q2m6OTvJ79p0..wudHGpRikhwsm5PlyCMpyPqPF8wDoyO', 7, 1, 1597372041, '', ''),
(113, 'EVI', 'evi_wulandari@smkmuhkarangmojo.sch.id', 'default.png', '$2y$10$/sUjouC1q2m6OTvJ79p0..wudHGpRikhwsm5PlyCMpyPqPF8wDoyO', 7, 1, 1597372041, '', ''),
(114, 'GARIK', 'garik_rahmandhani@smkmuhkarangmojo.sch.id', 'default.png', '$2y$10$/sUjouC1q2m6OTvJ79p0..wudHGpRikhwsm5PlyCMpyPqPF8wDoyO', 7, 1, 1597372041, '', ''),
(115, 'ISNI', 'isni_fatimah@smkmuhkarangmojo.sch.id', 'default.png', '$2y$10$/sUjouC1q2m6OTvJ79p0..wudHGpRikhwsm5PlyCMpyPqPF8wDoyO', 7, 1, 1597372041, '', ''),
(116, 'ISRA', 'isra_amanda@smkmuhkarangmojo.sch.id', 'default.png', '$2y$10$/sUjouC1q2m6OTvJ79p0..wudHGpRikhwsm5PlyCMpyPqPF8wDoyO', 7, 1, 1597372041, '', ''),
(117, 'KELVIN', 'kelvin_prayitno@smkmuhkarangmojo.sch.id', 'default.png', '$2y$10$/sUjouC1q2m6OTvJ79p0..wudHGpRikhwsm5PlyCMpyPqPF8wDoyO', 7, 1, 1597372041, '', ''),
(118, 'NOVITA', 'novita_setyawati@smkmuhkarangmojo.sch.id', 'default.png', '$2y$10$/sUjouC1q2m6OTvJ79p0..wudHGpRikhwsm5PlyCMpyPqPF8wDoyO', 7, 1, 1597372041, '', ''),
(119, 'RAMA', 'rama_mahardhika@smkmuhkarangmojo.sch.id', 'default.png', '$2y$10$/sUjouC1q2m6OTvJ79p0..wudHGpRikhwsm5PlyCMpyPqPF8wDoyO', 7, 1, 1597372041, '', ''),
(120, 'RENI', 'reni_fatmawati@smkmuhkarangmojo.sch.id', 'default.png', '$2y$10$/sUjouC1q2m6OTvJ79p0..wudHGpRikhwsm5PlyCMpyPqPF8wDoyO', 7, 1, 1597372041, '', ''),
(121, 'RISTY', 'risty_jannah@smkmuhkarangmojo.sch.id', 'default.png', '$2y$10$/sUjouC1q2m6OTvJ79p0..wudHGpRikhwsm5PlyCMpyPqPF8wDoyO', 7, 1, 1597372041, '', ''),
(122, 'ROHMAH', 'rohmah_innayah@smkmuhkarangmojo.sch.id', 'default.png', '$2y$10$/sUjouC1q2m6OTvJ79p0..wudHGpRikhwsm5PlyCMpyPqPF8wDoyO', 7, 1, 1597372041, '', ''),
(123, 'SALLAMA', 'sallama_maulida@smkmuhkarangmojo.sch.id', 'default.png', '$2y$10$/sUjouC1q2m6OTvJ79p0..wudHGpRikhwsm5PlyCMpyPqPF8wDoyO', 7, 1, 1597372041, '', ''),
(124, 'SELVIA', 'selvia_budiman@smkmuhkarangmojo.sch.id', 'default.png', '$2y$10$/sUjouC1q2m6OTvJ79p0..wudHGpRikhwsm5PlyCMpyPqPF8wDoyO', 7, 1, 1597372041, '', ''),
(125, 'SILVIA', 'silvia_putri@smkmuhkarangmojo.sch.id', 'default.png', '$2y$10$/sUjouC1q2m6OTvJ79p0..wudHGpRikhwsm5PlyCMpyPqPF8wDoyO', 7, 1, 1597372041, '', ''),
(126, 'YASINTA', 'yasinta_puspita@smkmuhkarangmojo.sch.id', 'default.png', '$2y$10$/sUjouC1q2m6OTvJ79p0..wudHGpRikhwsm5PlyCMpyPqPF8wDoyO', 7, 1, 1597372041, '', ''),
(127, 'ABDUL', 'abdul_asysyu\'aisa@smkmuhkarangmojo.sch.id', 'default.png', '$2y$10$moInfARto2oLf.Ey7ZDmduQOYXd27habiH3NvxbLLrv9GRrHfIO7C', 5, 1, 1597399904, '', ''),
(128, 'ABDUL', 'abdul_aisa@smkmuhkarangmojo.sch.id', 'default.png', '$2y$10$moInfARto2oLf.Ey7ZDmduQOYXd27habiH3NvxbLLrv9GRrHfIO7C', 5, 1, 1597399904, '', ''),
(129, 'Adam', 'adam_taufikah@smkmuhkarangmojo.sch.id', 'default.png', '$2y$10$moInfARto2oLf.Ey7ZDmduQOYXd27habiH3NvxbLLrv9GRrHfIO7C', 5, 1, 1597399904, '', ''),
(130, 'Adi', 'adi_prasetya@smkmuhkarangmojo.sch.id', 'default.png', '$2y$10$moInfARto2oLf.Ey7ZDmduQOYXd27habiH3NvxbLLrv9GRrHfIO7C', 5, 1, 1597399904, '', ''),
(131, 'Aditya', 'aditya_setyawan@smkmuhkarangmojo.sch.id', 'default.png', '$2y$10$moInfARto2oLf.Ey7ZDmduQOYXd27habiH3NvxbLLrv9GRrHfIO7C', 5, 1, 1597399904, '', ''),
(132, 'AFRI', 'afri_amirudin@smkmuhkarangmojo.sch.id', 'default.png', '$2y$10$moInfARto2oLf.Ey7ZDmduQOYXd27habiH3NvxbLLrv9GRrHfIO7C', 5, 1, 1597399904, '', ''),
(133, 'AHENDRA', 'ahendra_sutama@smkmuhkarangmojo.sch.id', 'default.png', '$2y$10$moInfARto2oLf.Ey7ZDmduQOYXd27habiH3NvxbLLrv9GRrHfIO7C', 5, 1, 1597399904, '', ''),
(134, 'AJI', 'aji_putra@smkmuhkarangmojo.sch.id', 'default.png', '$2y$10$moInfARto2oLf.Ey7ZDmduQOYXd27habiH3NvxbLLrv9GRrHfIO7C', 5, 1, 1597399904, '', ''),
(135, 'Ali', 'ali_irawan@smkmuhkarangmojo.sch.id', 'default.png', '$2y$10$moInfARto2oLf.Ey7ZDmduQOYXd27habiH3NvxbLLrv9GRrHfIO7C', 5, 1, 1597399904, '', ''),
(136, 'Ali', 'ali_usman@smkmuhkarangmojo.sch.id', 'default.png', '$2y$10$moInfARto2oLf.Ey7ZDmduQOYXd27habiH3NvxbLLrv9GRrHfIO7C', 5, 1, 1597399904, '', ''),
(137, 'Andriyansyah', 'andriyansyah_agustiyanto@smkmuhkarangmojo.sch.id', 'default.png', '$2y$10$moInfARto2oLf.Ey7ZDmduQOYXd27habiH3NvxbLLrv9GRrHfIO7C', 5, 1, 1597399904, '', ''),
(138, 'CAHYO', 'cahyo_saputro@smkmuhkarangmojo.sch.id', 'default.png', '$2y$10$moInfARto2oLf.Ey7ZDmduQOYXd27habiH3NvxbLLrv9GRrHfIO7C', 5, 1, 1597399904, '', ''),
(139, 'DAMAR', 'damar_hapsoro@smkmuhkarangmojo.sch.id', 'default.png', '$2y$10$moInfARto2oLf.Ey7ZDmduQOYXd27habiH3NvxbLLrv9GRrHfIO7C', 5, 1, 1597399904, '', ''),
(140, 'Endarto', 'endarto_putra@smkmuhkarangmojo.sch.id', 'default.png', '$2y$10$moInfARto2oLf.Ey7ZDmduQOYXd27habiH3NvxbLLrv9GRrHfIO7C', 5, 1, 1597399904, '', ''),
(141, 'FITRI', 'fitri_sualif@smkmuhkarangmojo.sch.id', 'default.png', '$2y$10$moInfARto2oLf.Ey7ZDmduQOYXd27habiH3NvxbLLrv9GRrHfIO7C', 5, 1, 1597399904, '', ''),
(142, 'Hafid', 'hafid_pramudya@smkmuhkarangmojo.sch.id', 'default.png', '$2y$10$moInfARto2oLf.Ey7ZDmduQOYXd27habiH3NvxbLLrv9GRrHfIO7C', 5, 1, 1597399904, '', ''),
(143, 'ILHAM', 'ilham_margiyansyah@smkmuhkarangmojo.sch.id', 'default.png', '$2y$10$moInfARto2oLf.Ey7ZDmduQOYXd27habiH3NvxbLLrv9GRrHfIO7C', 5, 1, 1597399904, '', ''),
(144, 'JUAN', 'juan_putra@smkmuhkarangmojo.sch.id', 'default.png', '$2y$10$moInfARto2oLf.Ey7ZDmduQOYXd27habiH3NvxbLLrv9GRrHfIO7C', 5, 1, 1597399904, '', ''),
(145, 'Maulana', 'maulana_akbar@smkmuhkarangmojo.sch.id', 'default.png', '$2y$10$moInfARto2oLf.Ey7ZDmduQOYXd27habiH3NvxbLLrv9GRrHfIO7C', 5, 1, 1597399904, '', ''),
(146, 'MUHAMMAD', 'muhammad_rafie@smkmuhkarangmojo.sch.id', 'default.png', '$2y$10$moInfARto2oLf.Ey7ZDmduQOYXd27habiH3NvxbLLrv9GRrHfIO7C', 5, 1, 1597399904, '', ''),
(147, 'MUHAMMAD', 'muhammad_hakiki@smkmuhkarangmojo.sch.id', 'default.png', '$2y$10$moInfARto2oLf.Ey7ZDmduQOYXd27habiH3NvxbLLrv9GRrHfIO7C', 5, 1, 1597399904, '', ''),
(148, 'Naufal', 'naufal_dhiya\'ulhaq@smkmuhkarangmojo.sch.id', 'default.png', '$2y$10$moInfARto2oLf.Ey7ZDmduQOYXd27habiH3NvxbLLrv9GRrHfIO7C', 5, 1, 1597399904, '', ''),
(149, 'OKTADENI', 'oktadeni_setiawan@smkmuhkarangmojo.sch.id', 'default.png', '$2y$10$moInfARto2oLf.Ey7ZDmduQOYXd27habiH3NvxbLLrv9GRrHfIO7C', 5, 1, 1597399904, '', ''),
(151, 'RAFAEL', 'rafael_armada@smkmuhkarangmojo.sch.id', 'default.png', '$2y$10$moInfARto2oLf.Ey7ZDmduQOYXd27habiH3NvxbLLrv9GRrHfIO7C', 5, 1, 1597399904, '', ''),
(152, 'RIFKI', 'rifki_hermawan@smkmuhkarangmojo.sch.id', 'default.png', '$2y$10$moInfARto2oLf.Ey7ZDmduQOYXd27habiH3NvxbLLrv9GRrHfIO7C', 5, 1, 1597399904, '', ''),
(153, 'RINO', 'rino_aprilyan@smkmuhkarangmojo.sch.id', 'default.png', '$2y$10$moInfARto2oLf.Ey7ZDmduQOYXd27habiH3NvxbLLrv9GRrHfIO7C', 5, 1, 1597399904, '', ''),
(154, 'RISKY', 'risky_prasetyo@smkmuhkarangmojo.sch.id', 'default.png', '$2y$10$moInfARto2oLf.Ey7ZDmduQOYXd27habiH3NvxbLLrv9GRrHfIO7C', 5, 1, 1597399904, '', ''),
(155, 'Rizki', 'rizki_akbar@smkmuhkarangmojo.sch.id', 'default.png', '$2y$10$moInfARto2oLf.Ey7ZDmduQOYXd27habiH3NvxbLLrv9GRrHfIO7C', 5, 1, 1597399904, '', ''),
(156, 'SEPTIYAN', 'septiyan_hidayanto@smkmuhkarangmojo.sch.id', 'default.png', '$2y$10$moInfARto2oLf.Ey7ZDmduQOYXd27habiH3NvxbLLrv9GRrHfIO7C', 5, 1, 1597399904, '', ''),
(158, 'AHMAD AGUS SETIAWAN', 'ahmad_setiawan@smkmuhkarangmojo.sch.id', 'default.png', '$2y$10$yhSNK1bUlLNZ.UhhiKwyzuKntZBD4oRgH/kEAIRLQNfJHAKAG9L.2', 4, 1, 1597328571, '9989', ''),
(159, 'AHMAD BANAR LISBOWO', 'ahmad_lisbowo@smkmuhkarangmojo.sch.id', 'default.png', '$2y$10$yhSNK1bUlLNZ.UhhiKwyzuKntZBD4oRgH/kEAIRLQNfJHAKAG9L.2', 4, 1, 1597328571, '9990', ''),
(160, 'ALFI', 'alfi_syawaludin@smkmuhkarangmojo.sch.id', 'default.png', '$2y$10$yhSNK1bUlLNZ.UhhiKwyzuKntZBD4oRgH/kEAIRLQNfJHAKAG9L.2', 4, 1, 1597328571, '', ''),
(161, 'Alfi', 'alfi_sihabbudin@smkmuhkarangmojo.sch.id', 'default.png', '$2y$10$yhSNK1bUlLNZ.UhhiKwyzuKntZBD4oRgH/kEAIRLQNfJHAKAG9L.2', 4, 1, 1597328571, '', ''),
(163, 'ARYA', 'arya_nugroho@smkmuhkarangmojo.sch.id', 'default.png', '$2y$10$yhSNK1bUlLNZ.UhhiKwyzuKntZBD4oRgH/kEAIRLQNfJHAKAG9L.2', 4, 1, 1597328571, '', ''),
(164, 'Aziz', 'aziz_hanafi@smkmuhkarangmojo.sch.id', 'default.png', '$2y$10$yhSNK1bUlLNZ.UhhiKwyzuKntZBD4oRgH/kEAIRLQNfJHAKAG9L.2', 4, 1, 1597328571, '', ''),
(165, 'Bayu', 'bayu_setiawan@smkmuhkarangmojo.sch.id', 'default.png', '$2y$10$yhSNK1bUlLNZ.UhhiKwyzuKntZBD4oRgH/kEAIRLQNfJHAKAG9L.2', 4, 1, 1597328571, '', ''),
(166, 'BIMA', 'bima_saputra@smkmuhkarangmojo.sch.id', 'default.png', '$2y$10$yhSNK1bUlLNZ.UhhiKwyzuKntZBD4oRgH/kEAIRLQNfJHAKAG9L.2', 4, 1, 1597328571, '', ''),
(167, 'BINTANG', 'bintang_seto@smkmuhkarangmojo.sch.id', 'default.png', '$2y$10$yhSNK1bUlLNZ.UhhiKwyzuKntZBD4oRgH/kEAIRLQNfJHAKAG9L.2', 4, 1, 1597328571, '', ''),
(168, 'David', 'david_pargita@smkmuhkarangmojo.sch.id', 'default.png', '$2y$10$yhSNK1bUlLNZ.UhhiKwyzuKntZBD4oRgH/kEAIRLQNfJHAKAG9L.2', 4, 1, 1597328571, '', ''),
(169, 'DERI', 'deri_noverico@smkmuhkarangmojo.sch.id', 'default.png', '$2y$10$yhSNK1bUlLNZ.UhhiKwyzuKntZBD4oRgH/kEAIRLQNfJHAKAG9L.2', 4, 1, 1597328571, '', ''),
(170, 'Dimas', 'dimas_permadi@smkmuhkarangmojo.sch.id', 'default.png', '$2y$10$yhSNK1bUlLNZ.UhhiKwyzuKntZBD4oRgH/kEAIRLQNfJHAKAG9L.2', 4, 1, 1597328571, '', ''),
(171, 'Donny', 'donny_ardhana@smkmuhkarangmojo.sch.id', 'default.png', '$2y$10$yhSNK1bUlLNZ.UhhiKwyzuKntZBD4oRgH/kEAIRLQNfJHAKAG9L.2', 4, 1, 1597328571, '', ''),
(172, 'Fais', 'fais_sukisno@smkmuhkarangmojo.sch.id', 'default.png', '$2y$10$yhSNK1bUlLNZ.UhhiKwyzuKntZBD4oRgH/kEAIRLQNfJHAKAG9L.2', 4, 1, 1597328571, '', ''),
(173, 'IVAN', 'ivan_aldiansyah@smkmuhkarangmojo.sch.id', 'default.png', '$2y$10$yhSNK1bUlLNZ.UhhiKwyzuKntZBD4oRgH/kEAIRLQNfJHAKAG9L.2', 4, 1, 1597328571, '', ''),
(174, 'KURNIAWAN', 'kurniawan_azis@smkmuhkarangmojo.sch.id', 'default.png', '$2y$10$yhSNK1bUlLNZ.UhhiKwyzuKntZBD4oRgH/kEAIRLQNfJHAKAG9L.2', 4, 1, 1597328571, '', ''),
(175, 'MA\'RUF', 'ma\'ruf_aji@smkmuhkarangmojo.sch.id', 'default.png', '$2y$10$yhSNK1bUlLNZ.UhhiKwyzuKntZBD4oRgH/kEAIRLQNfJHAKAG9L.2', 4, 1, 1597328571, '', ''),
(176, 'MAULANA', 'maulana_akasah@smkmuhkarangmojo.sch.id', 'default.png', '$2y$10$yhSNK1bUlLNZ.UhhiKwyzuKntZBD4oRgH/kEAIRLQNfJHAKAG9L.2', 4, 1, 1597328571, '', ''),
(177, 'Moh.', 'moh._wibowo@smkmuhkarangmojo.sch.id', 'default.png', '$2y$10$yhSNK1bUlLNZ.UhhiKwyzuKntZBD4oRgH/kEAIRLQNfJHAKAG9L.2', 4, 1, 1597328571, '', ''),
(178, 'MUHAMAD', 'muhamad_akbar@smkmuhkarangmojo.sch.id', 'default.png', '$2y$10$yhSNK1bUlLNZ.UhhiKwyzuKntZBD4oRgH/kEAIRLQNfJHAKAG9L.2', 4, 1, 1597328571, '', ''),
(179, 'MUHAMMAD', 'muhammad_amrulloh@smkmuhkarangmojo.sch.id', 'default.png', '$2y$10$yhSNK1bUlLNZ.UhhiKwyzuKntZBD4oRgH/kEAIRLQNfJHAKAG9L.2', 4, 1, 1597328571, '', ''),
(180, 'MUHAMMAD', 'muhammad_susanto@smkmuhkarangmojo.sch.id', 'default.png', '$2y$10$yhSNK1bUlLNZ.UhhiKwyzuKntZBD4oRgH/kEAIRLQNfJHAKAG9L.2', 4, 1, 1597328571, '', ''),
(181, 'MUHAMMAD', 'muhammad_baihaqqi@smkmuhkarangmojo.sch.id', 'default.png', '$2y$10$yhSNK1bUlLNZ.UhhiKwyzuKntZBD4oRgH/kEAIRLQNfJHAKAG9L.2', 4, 1, 1597328571, '', ''),
(182, 'Nurrahman', 'nurrahman_nurrahman@smkmuhkarangmojo.sch.id', 'default.png', '$2y$10$yhSNK1bUlLNZ.UhhiKwyzuKntZBD4oRgH/kEAIRLQNfJHAKAG9L.2', 4, 1, 1597328571, '', ''),
(183, 'PANDJI', 'pandji_abadi@smkmuhkarangmojo.sch.id', 'default.png', '$2y$10$yhSNK1bUlLNZ.UhhiKwyzuKntZBD4oRgH/kEAIRLQNfJHAKAG9L.2', 4, 1, 1597328571, '', ''),
(184, 'Rahmat', 'rahmat_aji@smkmuhkarangmojo.sch.id', 'default.png', '$2y$10$yhSNK1bUlLNZ.UhhiKwyzuKntZBD4oRgH/kEAIRLQNfJHAKAG9L.2', 4, 1, 1597328571, '', ''),
(185, 'RAYHAN', 'rayhan_pratama@smkmuhkarangmojo.sch.id', 'default.png', '$2y$10$yhSNK1bUlLNZ.UhhiKwyzuKntZBD4oRgH/kEAIRLQNfJHAKAG9L.2', 4, 1, 1597328571, '', ''),
(186, 'RIO', 'rio_hendika@smkmuhkarangmojo.sch.id', 'default.png', '$2y$10$yhSNK1bUlLNZ.UhhiKwyzuKntZBD4oRgH/kEAIRLQNfJHAKAG9L.2', 4, 1, 1597328571, '', ''),
(187, 'ROY', 'roy_sadewa@smkmuhkarangmojo.sch.id', 'default.png', '$2y$10$yhSNK1bUlLNZ.UhhiKwyzuKntZBD4oRgH/kEAIRLQNfJHAKAG9L.2', 4, 1, 1597328571, '', ''),
(188, 'ROZY', 'rozy_mohtarudin@smkmuhkarangmojo.sch.id', 'default.png', '$2y$10$yhSNK1bUlLNZ.UhhiKwyzuKntZBD4oRgH/kEAIRLQNfJHAKAG9L.2', 4, 1, 1597328571, '', ''),
(189, 'SHIDIQ', 'shidiq_effendy@smkmuhkarangmojo.sch.id', 'default.png', '$2y$10$yhSNK1bUlLNZ.UhhiKwyzuKntZBD4oRgH/kEAIRLQNfJHAKAG9L.2', 4, 1, 1597328571, '', ''),
(190, 'Wendy', 'wendy_prasetyo@smkmuhkarangmojo.sch.id', 'default.png', '$2y$10$yhSNK1bUlLNZ.UhhiKwyzuKntZBD4oRgH/kEAIRLQNfJHAKAG9L.2', 4, 1, 1597328571, '', ''),
(191, 'Zumintyas', 'zumintyas_sidiq@smkmuhkarangmojo.sch.id', 'default.png', '$2y$10$yhSNK1bUlLNZ.UhhiKwyzuKntZBD4oRgH/kEAIRLQNfJHAKAG9L.2', 4, 1, 1597328571, '', ''),
(192, 'A`AN STABILILLAH', 'a\'an_stabilillah@smkmuhkarangmojo.sch.id', 'default.png', '$2y$10$yhSNK1bUlLNZ.UhhiKwyzuKntZBD4oRgH/kEAIRLQNfJHAKAG9L.2', 4, 1, 1597328571, '10024', ''),
(193, 'AGUNG', 'agung_saputra@smkmuhkarangmojo.sch.id', 'default.png', '$2y$10$yhSNK1bUlLNZ.UhhiKwyzuKntZBD4oRgH/kEAIRLQNfJHAKAG9L.2', 4, 1, 1597328571, '', ''),
(194, 'ALFI', 'alfi_kurniawan@smkmuhkarangmojo.sch.id', 'default.png', '$2y$10$yhSNK1bUlLNZ.UhhiKwyzuKntZBD4oRgH/kEAIRLQNfJHAKAG9L.2', 4, 1, 1597328571, '', ''),
(195, 'ALFIYAN', 'alfiyan_mubarok@smkmuhkarangmojo.sch.id', 'default.png', '$2y$10$yhSNK1bUlLNZ.UhhiKwyzuKntZBD4oRgH/kEAIRLQNfJHAKAG9L.2', 4, 1, 1597328571, '', ''),
(196, 'Ari', 'ari_susanto@smkmuhkarangmojo.sch.id', 'default.png', '$2y$10$yhSNK1bUlLNZ.UhhiKwyzuKntZBD4oRgH/kEAIRLQNfJHAKAG9L.2', 4, 1, 1597328571, '', ''),
(197, 'AZZURA', 'azzura_kurniawan@smkmuhkarangmojo.sch.id', 'default.png', '$2y$10$yhSNK1bUlLNZ.UhhiKwyzuKntZBD4oRgH/kEAIRLQNfJHAKAG9L.2', 4, 1, 1597328571, '', ''),
(198, 'BASTIAN', 'bastian_ramadhan@smkmuhkarangmojo.sch.id', 'default.png', '$2y$10$yhSNK1bUlLNZ.UhhiKwyzuKntZBD4oRgH/kEAIRLQNfJHAKAG9L.2', 4, 1, 1597328571, '', ''),
(199, 'BIMO', 'bimo_bimantoro@smkmuhkarangmojo.sch.id', 'default.png', '$2y$10$yhSNK1bUlLNZ.UhhiKwyzuKntZBD4oRgH/kEAIRLQNfJHAKAG9L.2', 4, 1, 1597328571, '', ''),
(200, 'BRAMANDITA', 'bramandita_lamara@smkmuhkarangmojo.sch.id', 'default.png', '$2y$10$yhSNK1bUlLNZ.UhhiKwyzuKntZBD4oRgH/kEAIRLQNfJHAKAG9L.2', 4, 1, 1597328571, '', ''),
(201, 'BUDI', 'budi_prasetyo@smkmuhkarangmojo.sch.id', 'default.png', '$2y$10$yhSNK1bUlLNZ.UhhiKwyzuKntZBD4oRgH/kEAIRLQNfJHAKAG9L.2', 4, 1, 1597328571, '', ''),
(202, 'CATUR', 'catur_utomo@smkmuhkarangmojo.sch.id', 'default.png', '$2y$10$yhSNK1bUlLNZ.UhhiKwyzuKntZBD4oRgH/kEAIRLQNfJHAKAG9L.2', 4, 1, 1597328571, '', ''),
(203, 'Eko', 'eko_saputra@smkmuhkarangmojo.sch.id', 'default.png', '$2y$10$yhSNK1bUlLNZ.UhhiKwyzuKntZBD4oRgH/kEAIRLQNfJHAKAG9L.2', 4, 1, 1597328571, '', ''),
(204, 'FENDI', 'fendi_yulianto@smkmuhkarangmojo.sch.id', 'default.png', '$2y$10$yhSNK1bUlLNZ.UhhiKwyzuKntZBD4oRgH/kEAIRLQNfJHAKAG9L.2', 4, 1, 1597328571, '', ''),
(205, 'Feri', 'feri_firmawan@smkmuhkarangmojo.sch.id', 'default.png', '$2y$10$yhSNK1bUlLNZ.UhhiKwyzuKntZBD4oRgH/kEAIRLQNfJHAKAG9L.2', 4, 1, 1597328571, '', ''),
(206, 'FIMA', 'fima_syahrul@smkmuhkarangmojo.sch.id', 'default.png', '$2y$10$yhSNK1bUlLNZ.UhhiKwyzuKntZBD4oRgH/kEAIRLQNfJHAKAG9L.2', 4, 1, 1597328571, '', ''),
(207, 'GALIH', 'galih_kusuma@smkmuhkarangmojo.sch.id', 'default.png', '$2y$10$yhSNK1bUlLNZ.UhhiKwyzuKntZBD4oRgH/kEAIRLQNfJHAKAG9L.2', 4, 1, 1597328571, '', ''),
(208, 'HAFID', 'hafid_amrila@smkmuhkarangmojo.sch.id', 'default.png', '$2y$10$yhSNK1bUlLNZ.UhhiKwyzuKntZBD4oRgH/kEAIRLQNfJHAKAG9L.2', 4, 1, 1597328571, '', ''),
(209, 'ISNAN', 'isnan_hakim@smkmuhkarangmojo.sch.id', 'default.png', '$2y$10$yhSNK1bUlLNZ.UhhiKwyzuKntZBD4oRgH/kEAIRLQNfJHAKAG9L.2', 4, 1, 1597328571, '', ''),
(210, 'M.', 'm._tulus@smkmuhkarangmojo.sch.id', 'default.png', '$2y$10$yhSNK1bUlLNZ.UhhiKwyzuKntZBD4oRgH/kEAIRLQNfJHAKAG9L.2', 4, 1, 1597328571, '', ''),
(211, 'MALIK', 'malik_wibowo@smkmuhkarangmojo.sch.id', 'default.png', '$2y$10$yhSNK1bUlLNZ.UhhiKwyzuKntZBD4oRgH/kEAIRLQNfJHAKAG9L.2', 4, 1, 1597328571, '', ''),
(212, 'Mario', 'mario_saputra@smkmuhkarangmojo.sch.id', 'default.png', '$2y$10$yhSNK1bUlLNZ.UhhiKwyzuKntZBD4oRgH/kEAIRLQNfJHAKAG9L.2', 4, 1, 1597328571, '', ''),
(214, 'MUHAMMAD', 'muhammad_saputra@smkmuhkarangmojo.sch.id', 'default.png', '$2y$10$yhSNK1bUlLNZ.UhhiKwyzuKntZBD4oRgH/kEAIRLQNfJHAKAG9L.2', 4, 1, 1597328571, '', ''),
(215, 'MUHAMMAD', 'muhammad_praja@smkmuhkarangmojo.sch.id', 'default.png', '$2y$10$yhSNK1bUlLNZ.UhhiKwyzuKntZBD4oRgH/kEAIRLQNfJHAKAG9L.2', 4, 1, 1597328571, '', ''),
(216, 'MUSTAKA', 'mustaka_yudha@smkmuhkarangmojo.sch.id', 'default.png', '$2y$10$yhSNK1bUlLNZ.UhhiKwyzuKntZBD4oRgH/kEAIRLQNfJHAKAG9L.2', 4, 1, 1597328571, '', ''),
(217, 'Nisa', 'nisa_lasita@smkmuhkarangmojo.sch.id', 'default.png', '$2y$10$yhSNK1bUlLNZ.UhhiKwyzuKntZBD4oRgH/kEAIRLQNfJHAKAG9L.2', 4, 1, 1597328571, '', ''),
(218, 'Peni', 'peni_paridiaswati@smkmuhkarangmojo.sch.id', 'default.png', '$2y$10$yhSNK1bUlLNZ.UhhiKwyzuKntZBD4oRgH/kEAIRLQNfJHAKAG9L.2', 4, 1, 1597328571, '', ''),
(219, 'Rahmat', 'rahmat_ajis@smkmuhkarangmojo.sch.id', 'default.png', '$2y$10$yhSNK1bUlLNZ.UhhiKwyzuKntZBD4oRgH/kEAIRLQNfJHAKAG9L.2', 4, 1, 1597328571, '', ''),
(220, 'Reno', 'reno_macheleano@smkmuhkarangmojo.sch.id', 'default.png', '$2y$10$yhSNK1bUlLNZ.UhhiKwyzuKntZBD4oRgH/kEAIRLQNfJHAKAG9L.2', 4, 1, 1597328571, '', ''),
(221, 'SOTYA', 'sotya_marheni@smkmuhkarangmojo.sch.id', 'default.png', '$2y$10$yhSNK1bUlLNZ.UhhiKwyzuKntZBD4oRgH/kEAIRLQNfJHAKAG9L.2', 4, 1, 1597328571, '', ''),
(222, 'Teguh', 'teguh_kurniawan@smkmuhkarangmojo.sch.id', 'default.png', '$2y$10$yhSNK1bUlLNZ.UhhiKwyzuKntZBD4oRgH/kEAIRLQNfJHAKAG9L.2', 4, 1, 1597328571, '', ''),
(223, 'VERDIAN', 'verdian_pratama@smkmuhkarangmojo.sch.id', 'default.png', '$2y$10$yhSNK1bUlLNZ.UhhiKwyzuKntZBD4oRgH/kEAIRLQNfJHAKAG9L.2', 4, 1, 1597328571, '', ''),
(224, 'YUDIES', 'yudies_apriyanto@smkmuhkarangmojo.sch.id', 'default.png', '$2y$10$yhSNK1bUlLNZ.UhhiKwyzuKntZBD4oRgH/kEAIRLQNfJHAKAG9L.2', 4, 1, 1597328571, '', ''),
(225, 'ZACKY', 'zacky_ardiansyah@smkmuhkarangmojo.sch.id', 'default.png', '$2y$10$yhSNK1bUlLNZ.UhhiKwyzuKntZBD4oRgH/kEAIRLQNfJHAKAG9L.2', 4, 1, 1597328571, '', ''),
(226, 'ADI EKO PRASETYO', '9800@smkmuhkarangmojo.sch.id', 'user-male.png', '$2y$10$yhSNK1bUlLNZ.UhhiKwyzuKntZBD4oRgH/kEAIRLQNfJHAKAG9L.2', 4, 1, 1597328571, '9800', '2018/2019\r'),
(227, 'RICKI KRISTIAWAN', '9824@smkmuhkarangmojo.sch.id', 'default.png', '$2y$10$yhSNK1bUlLNZ.UhhiKwyzuKntZBD4oRgH/kEAIRLQNfJHAKAG9L.2', 4, 1, 1597328571, '9824', '2018/2019\r'),
(228, 'DICKY YUNARDI', '9839@smkmuhkarangmojo.sch.id', 'default.png', '$2y$10$yhSNK1bUlLNZ.UhhiKwyzuKntZBD4oRgH/kEAIRLQNfJHAKAG9L.2', 4, 1, 1597328571, '9839', '2018/2019\r'),
(229, 'RIDWAN SAIFUDIN', '9859@smkmuhkarangmojo.sch.id', 'default.png', '$2y$10$yhSNK1bUlLNZ.UhhiKwyzuKntZBD4oRgH/kEAIRLQNfJHAKAG9L.2', 4, 1, 1597328571, '9859', '2018/2019\r'),
(230, 'ANDRI SULISTIYANTO', '9805@smkmuhkarangmojo.sch.id', 'default.png', '$2y$10$yhSNK1bUlLNZ.UhhiKwyzuKntZBD4oRgH/kEAIRLQNfJHAKAG9L.2', 4, 1, 1597328571, '9805', '2018/2019\r'),
(231, 'DIPO CAHYO', '9840@smkmuhkarangmojo.sch.id', 'default.png', '$2y$10$yhSNK1bUlLNZ.UhhiKwyzuKntZBD4oRgH/kEAIRLQNfJHAKAG9L.2', 4, 1, 1597328571, '9840', '2018/2019\r'),
(232, 'DAVID LUIS RIVALDO', '9837@smkmuhkarangmojo.sch.id', 'default.png', '$2y$10$yhSNK1bUlLNZ.UhhiKwyzuKntZBD4oRgH/kEAIRLQNfJHAKAG9L.2', 4, 1, 1597328571, '9837', '2018/2019\r'),
(233, 'NUGROHO', '9853@smkmuhkarangmojo.sch.id', 'default.png', '$2y$10$yhSNK1bUlLNZ.UhhiKwyzuKntZBD4oRgH/kEAIRLQNfJHAKAG9L.2', 4, 1, 1597328571, '9853', '2018/2019\r'),
(234, 'MUHAMMAD ASHIF DM.', '9819@smkmuhkarangmojo.sch.id', 'default.png', '$2y$10$yhSNK1bUlLNZ.UhhiKwyzuKntZBD4oRgH/kEAIRLQNfJHAKAG9L.2', 4, 1, 1597328571, '9819', '2018/2019\r'),
(235, 'NURI SAPUTRA', '9820@smkmuhkarangmojo.sch.id', 'default.png', '$2y$10$yhSNK1bUlLNZ.UhhiKwyzuKntZBD4oRgH/kEAIRLQNfJHAKAG9L.2', 4, 1, 1597328571, '9820', '2018/2019\r'),
(236, 'FAIZ MALVINO', '9842@smkmuhkarangmojo.sch.id', 'default.png', '$2y$10$yhSNK1bUlLNZ.UhhiKwyzuKntZBD4oRgH/kEAIRLQNfJHAKAG9L.2', 4, 1, 1597328571, '9842', '2018/2019\r'),
(237, 'CLARISA FEBRIAN DP.', '9836@smkmuhkarangmojo.sch.id', 'default.png', '$2y$10$yhSNK1bUlLNZ.UhhiKwyzuKntZBD4oRgH/kEAIRLQNfJHAKAG9L.2', 4, 1, 1597328571, '9836', '2018/2019\r'),
(238, 'TASYA RAHAYU', '9860@smkmuhkarangmojo.sch.id', 'default.png', '$2y$10$yhSNK1bUlLNZ.UhhiKwyzuKntZBD4oRgH/kEAIRLQNfJHAKAG9L.2', 4, 1, 1597328571, '9860', '2018/2019\r'),
(239, 'ANDRIYANSYAH PUTRO PRIYANTOKO', '9833@smkmuhkarangmojo.sch.id', 'default.png', '$2y$10$yhSNK1bUlLNZ.UhhiKwyzuKntZBD4oRgH/kEAIRLQNfJHAKAG9L.2', 4, 1, 1597328571, '9833', '2018/2019\r'),
(240, 'GIRI AJI WIBOWO', '9845@smkmuhkarangmojo.sch.id', 'default.png', '$2y$10$yhSNK1bUlLNZ.UhhiKwyzuKntZBD4oRgH/kEAIRLQNfJHAKAG9L.2', 4, 1, 1597328571, '9845', '2018/2019\r'),
(241, 'MUHAMMAD FEBRIAN H.', '9849@smkmuhkarangmojo.sch.id', 'default.png', '$2y$10$yhSNK1bUlLNZ.UhhiKwyzuKntZBD4oRgH/kEAIRLQNfJHAKAG9L.2', 4, 1, 1597328571, '9849', '2018/2019\r'),
(242, 'PRAMUDITA RESTU M.', '9855@smkmuhkarangmojo.sch.id', 'default.png', '$2y$10$yhSNK1bUlLNZ.UhhiKwyzuKntZBD4oRgH/kEAIRLQNfJHAKAG9L.2', 4, 1, 1597328571, '9855', '2018/2019\r'),
(243, 'YOGI ANDREAN', '9862@smkmuhkarangmojo.sch.id', 'default.png', '$2y$10$yhSNK1bUlLNZ.UhhiKwyzuKntZBD4oRgH/kEAIRLQNfJHAKAG9L.2', 4, 1, 1597328571, '9862', '2018/2019\r'),
(244, 'RAHMAD RIYADI', '9857@smkmuhkarangmojo.sch.id', 'default.png', '$2y$10$yhSNK1bUlLNZ.UhhiKwyzuKntZBD4oRgH/kEAIRLQNfJHAKAG9L.2', 4, 1, 1597328571, '9857', '2018/2019\r'),
(245, 'AHMAD DZUL QURNAINI A.', '9853@smkmuhkarangmojo.sch.id', 'default.png', '$2y$10$yhSNK1bUlLNZ.UhhiKwyzuKntZBD4oRgH/kEAIRLQNfJHAKAG9L.2', 4, 1, 1597328571, '9853', '2018/2019\r'),
(246, 'MARISKA DIAN M.', '9817@smkmuhkarangmojo.sch.id', 'default.png', '$2y$10$yhSNK1bUlLNZ.UhhiKwyzuKntZBD4oRgH/kEAIRLQNfJHAKAG9L.2', 4, 1, 1597328571, '9817', '2018/2019\r'),
(247, 'SILVIA AGUSTINA', '9825@smkmuhkarangmojo.sch.id', 'default.png', '$2y$10$yhSNK1bUlLNZ.UhhiKwyzuKntZBD4oRgH/kEAIRLQNfJHAKAG9L.2', 4, 1, 1597328571, '9825', '2018/2019\r'),
(248, 'ANGGA PUTRA ADITYA', '9807@smkmuhkarangmojo.sch.id', 'default.png', '$2y$10$yhSNK1bUlLNZ.UhhiKwyzuKntZBD4oRgH/kEAIRLQNfJHAKAG9L.2', 4, 1, 1597328571, '9807', '2018/2019\r'),
(249, 'DANI FEBRIANTO', '9811@smkmuhkarangmojo.sch.id', 'default.png', '$2y$10$yhSNK1bUlLNZ.UhhiKwyzuKntZBD4oRgH/kEAIRLQNfJHAKAG9L.2', 4, 1, 1597328571, '9811', '2018/2019\r'),
(250, 'DONI OKTAFIAN', '9841@smkmuhkarangmojo.sch.id', 'default.png', '$2y$10$yhSNK1bUlLNZ.UhhiKwyzuKntZBD4oRgH/kEAIRLQNfJHAKAG9L.2', 4, 1, 1597328571, '9841', '2018/2019\r'),
(251, 'MUHAMMAD RISKY S.', '9852@smkmuhkarangmojo.sch.id', 'default.png', '$2y$10$yhSNK1bUlLNZ.UhhiKwyzuKntZBD4oRgH/kEAIRLQNfJHAKAG9L.2', 4, 1, 1597328571, '9852', '2018/2019\r'),
(252, 'WULANDARI', '9829@smkmuhkarangmojo.sch.id', 'default.png', '$2y$10$yhSNK1bUlLNZ.UhhiKwyzuKntZBD4oRgH/kEAIRLQNfJHAKAG9L.2', 4, 1, 1597328571, '9829', '2018/2019\r'),
(253, 'ASWIN DWI NUR H.', '9810@smkmuhkarangmojo.sch.id', 'default.png', '$2y$10$yhSNK1bUlLNZ.UhhiKwyzuKntZBD4oRgH/kEAIRLQNfJHAKAG9L.2', 4, 1, 1597328571, '9810', '2018/2019\r'),
(254, 'ANDIKA NURUL M.', '9804@smkmuhkarangmojo.sch.id', 'default.png', '$2y$10$yhSNK1bUlLNZ.UhhiKwyzuKntZBD4oRgH/kEAIRLQNfJHAKAG9L.2', 4, 1, 1597328571, '9804', '2018/2019\r'),
(255, 'HESKIA ALFIANTO', '9814@smkmuhkarangmojo.sch.id', 'default.png', '$2y$10$yhSNK1bUlLNZ.UhhiKwyzuKntZBD4oRgH/kEAIRLQNfJHAKAG9L.2', 4, 1, 1597328571, '9814', '2018/2019\r'),
(256, 'DEDE HERMIAWAN', '9838@smkmuhkarangmojo.sch.id', 'default.png', '$2y$10$yhSNK1bUlLNZ.UhhiKwyzuKntZBD4oRgH/kEAIRLQNfJHAKAG9L.2', 4, 1, 1597328571, '9838', '2018/2019\r'),
(257, 'ARDI MAHENDRA', '9834@smkmuhkarangmojo.sch.id', 'default.png', '$2y$10$yhSNK1bUlLNZ.UhhiKwyzuKntZBD4oRgH/kEAIRLQNfJHAKAG9L.2', 4, 1, 1597328571, '9834', '2018/2019\r'),
(258, 'ARI NUGROHO', '9835@smkmuhkarangmojo.sch.id', 'default.png', '$2y$10$yhSNK1bUlLNZ.UhhiKwyzuKntZBD4oRgH/kEAIRLQNfJHAKAG9L.2', 4, 1, 1597328571, '9835', '2018/2019\r'),
(259, 'MOH OKI SUHARYANTO', '9850@smkmuhkarangmojo.sch.id', 'default.png', '$2y$10$yhSNK1bUlLNZ.UhhiKwyzuKntZBD4oRgH/kEAIRLQNfJHAKAG9L.2', 4, 1, 1597328571, '9850', '2018/2019\r'),
(260, 'PRAYUDHA BIANTORO', '9856@smkmuhkarangmojo.sch.id', 'default.png', '$2y$10$yhSNK1bUlLNZ.UhhiKwyzuKntZBD4oRgH/kEAIRLQNfJHAKAG9L.2', 4, 1, 1597328571, '9856', '2018/2019\r'),
(261, 'PRAYOGA DARMAWAN', '9821@smkmuhkarangmojo.sch.id', 'default.png', '$2y$10$yhSNK1bUlLNZ.UhhiKwyzuKntZBD4oRgH/kEAIRLQNfJHAKAG9L.2', 4, 1, 1597328571, '9821', '2018/2019\r'),
(262, 'TAOFIK QURROHMAN', '9827@smkmuhkarangmojo.sch.id', 'default.png', '$2y$10$yhSNK1bUlLNZ.UhhiKwyzuKntZBD4oRgH/kEAIRLQNfJHAKAG9L.2', 4, 1, 1597328571, '9827', '2018/2019\r'),
(263, 'MOCHAMAD GUSTI F.', '9818@smkmuhkarangmojo.sch.id', 'default.png', '$2y$10$yhSNK1bUlLNZ.UhhiKwyzuKntZBD4oRgH/kEAIRLQNfJHAKAG9L.2', 4, 1, 1597328571, '9818', '2018/2019\r'),
(264, 'RAMDANI FERDIANS', '9987@smkmuhkarangmojo.sch.id', 'default.png', '$2y$10$yhSNK1bUlLNZ.UhhiKwyzuKntZBD4oRgH/kEAIRLQNfJHAKAG9L.2', 4, 1, 1597328571, '9987', '2018/2019\r'),
(265, 'AHMAD NOOR FERISQI', '9801@smkmuhkarangmojo.sch.id', 'default.png', '$2y$10$yhSNK1bUlLNZ.UhhiKwyzuKntZBD4oRgH/kEAIRLQNfJHAKAG9L.2', 4, 1, 1597328571, '9801', '2018/2019\r'),
(266, 'AKBAR AULIA RAMADHAN', '9802@smkmuhkarangmojo.sch.id', 'default.png', '$2y$10$yhSNK1bUlLNZ.UhhiKwyzuKntZBD4oRgH/kEAIRLQNfJHAKAG9L.2', 4, 1, 1597328571, '9802', '2018/2019\r'),
(267, 'REZA ADITIA AKMAL', '9831@smkmuhkarangmojo.sch.id', 'default.png', '$2y$10$yhSNK1bUlLNZ.UhhiKwyzuKntZBD4oRgH/kEAIRLQNfJHAKAG9L.2', 4, 1, 1597328571, '9831', '2018/2019\r'),
(268, 'TAUFA PURWANTO', '9861@smkmuhkarangmojo.sch.id', 'default.png', '$2y$10$yhSNK1bUlLNZ.UhhiKwyzuKntZBD4oRgH/kEAIRLQNfJHAKAG9L.2', 4, 1, 1597328571, '9861', '2018/2019\r'),
(269, 'GALIH ISTIYANTO', '9844@smkmuhkarangmojo.sch.id', 'default.png', '$2y$10$yhSNK1bUlLNZ.UhhiKwyzuKntZBD4oRgH/kEAIRLQNfJHAKAG9L.2', 4, 1, 1597328571, '9844', '2018/2019\r'),
(270, 'RAHMAD TRIANGGORO', '9822@smkmuhkarangmojo.sch.id', 'default.png', '$2y$10$yhSNK1bUlLNZ.UhhiKwyzuKntZBD4oRgH/kEAIRLQNfJHAKAG9L.2', 4, 1, 1597328571, '9822', '2018/2019\r'),
(271, 'TOMI SUNANDAR', '9828@smkmuhkarangmojo.sch.id', 'default.png', '$2y$10$yhSNK1bUlLNZ.UhhiKwyzuKntZBD4oRgH/kEAIRLQNfJHAKAG9L.2', 4, 1, 1597328571, '9828', '2018/2019\r'),
(272, 'DENI ELVANDO', '9812@smkmuhkarangmojo.sch.id', 'default.png', '$2y$10$yhSNK1bUlLNZ.UhhiKwyzuKntZBD4oRgH/kEAIRLQNfJHAKAG9L.2', 4, 1, 1597328571, '9812', '2018/2019\r'),
(273, 'MUHAMMAD RAFLI Z.', '9851@smkmuhkarangmojo.sch.id', 'default.png', '$2y$10$yhSNK1bUlLNZ.UhhiKwyzuKntZBD4oRgH/kEAIRLQNfJHAKAG9L.2', 4, 1, 1597328571, '9851', '2018/2019\r'),
(274, 'PERI RISTIANTO', '9854@smkmuhkarangmojo.sch.id', 'default.png', '$2y$10$yhSNK1bUlLNZ.UhhiKwyzuKntZBD4oRgH/kEAIRLQNfJHAKAG9L.2', 4, 1, 1597328571, '9854', '2018/2019\r'),
(275, 'RAHMAT DWI JUNIYANTO', '9823@smkmuhkarangmojo.sch.id', 'default.png', '$2y$10$yhSNK1bUlLNZ.UhhiKwyzuKntZBD4oRgH/kEAIRLQNfJHAKAG9L.2', 4, 1, 1597328571, '9823', '2018/2019\r'),
(276, 'ZAHID ZAINUL MUTTAQIN', '9830@smkmuhkarangmojo.sch.id', 'default.png', '$2y$10$yhSNK1bUlLNZ.UhhiKwyzuKntZBD4oRgH/kEAIRLQNfJHAKAG9L.2', 4, 1, 1597328571, '9830', '2018/2019\r'),
(277, 'ANDI SETIAWAN', '9803@smkmuhkarangmojo.sch.id', 'default.png', '$2y$10$yhSNK1bUlLNZ.UhhiKwyzuKntZBD4oRgH/kEAIRLQNfJHAKAG9L.2', 4, 1, 1597328571, '9803', '2018/2019\r'),
(278, 'SYAHRIL YOGA PRASETYA', '9826@smkmuhkarangmojo.sch.id', 'default.png', '$2y$10$yhSNK1bUlLNZ.UhhiKwyzuKntZBD4oRgH/kEAIRLQNfJHAKAG9L.2', 4, 1, 1597328571, '9826', '2018/2019\r'),
(279, 'RAIF MUHAMMAD RIDWAN', '9858@smkmuhkarangmojo.sch.id', 'default.png', '$2y$10$yhSNK1bUlLNZ.UhhiKwyzuKntZBD4oRgH/kEAIRLQNfJHAKAG9L.2', 4, 1, 1597328571, '9858', '2018/2019\r'),
(280, 'ISMAIL SALEH', '9846@smkmuhkarangmojo.sch.id', 'default.png', '$2y$10$yhSNK1bUlLNZ.UhhiKwyzuKntZBD4oRgH/kEAIRLQNfJHAKAG9L.2', 4, 1, 1597328571, '9846', '2018/2019\r'),
(281, 'ILHAM MAULUDDIN', '9815@smkmuhkarangmojo.sch.id', 'default.png', '$2y$10$yhSNK1bUlLNZ.UhhiKwyzuKntZBD4oRgH/kEAIRLQNfJHAKAG9L.2', 4, 1, 1597328571, '9815', '2018/2019\r'),
(282, 'IVA NOVITARIA', '9816@smkmuhkarangmojo.sch.id', 'default.png', '$2y$10$yhSNK1bUlLNZ.UhhiKwyzuKntZBD4oRgH/kEAIRLQNfJHAKAG9L.2', 4, 1, 1597328571, '9816', '2018/2019\r'),
(283, 'ARIF SUSANTO', '9809@smkmuhkarangmojo.sch.id', 'default.png', '$2y$10$yhSNK1bUlLNZ.UhhiKwyzuKntZBD4oRgH/kEAIRLQNfJHAKAG9L.2', 4, 1, 1597328571, '9809', '2018/2019\r'),
(284, 'ANASTASYA CINDY UTAMI', '9863@smkmuhkarangmojo.sch.id', 'default.png', '$2y$10$yhSNK1bUlLNZ.UhhiKwyzuKntZBD4oRgH/kEAIRLQNfJHAKAG9L.2', 6, 1, 1597328571, '9863', '2018/2019\r'),
(285, 'KHOIRUL SYAHIDAH', '9898@smkmuhkarangmojo.sch.id', 'default.png', '$2y$10$yhSNK1bUlLNZ.UhhiKwyzuKntZBD4oRgH/kEAIRLQNfJHAKAG9L.2', 6, 1, 1597328571, '9898', '2018/2019\r'),
(286, 'NUR CAHYANTI', '9902@smkmuhkarangmojo.sch.id', 'default.png', '$2y$10$yhSNK1bUlLNZ.UhhiKwyzuKntZBD4oRgH/kEAIRLQNfJHAKAG9L.2', 6, 1, 1597328571, '9902', '2018/2019\r'),
(287, 'ENI TRISNAWATI', '9868@smkmuhkarangmojo.sch.id', 'default.png', '$2y$10$yhSNK1bUlLNZ.UhhiKwyzuKntZBD4oRgH/kEAIRLQNfJHAKAG9L.2', 6, 1, 1597328571, '9868', '2018/2019\r'),
(288, 'UTARI KURNIAWATI', '9884@smkmuhkarangmojo.sch.id', 'default.png', '$2y$10$yhSNK1bUlLNZ.UhhiKwyzuKntZBD4oRgH/kEAIRLQNfJHAKAG9L.2', 6, 1, 1597328571, '9884', '2018/2019\r'),
(289, 'ANGGUN PUTRI KUMALA D', '9864@smkmuhkarangmojo.sch.id', 'default.png', '$2y$10$yhSNK1bUlLNZ.UhhiKwyzuKntZBD4oRgH/kEAIRLQNfJHAKAG9L.2', 6, 1, 1597328571, '9864', '2018/2019\r'),
(290, 'PINASTI MAHARANI', '9875@smkmuhkarangmojo.sch.id', 'default.png', '$2y$10$yhSNK1bUlLNZ.UhhiKwyzuKntZBD4oRgH/kEAIRLQNfJHAKAG9L.2', 6, 1, 1597328571, '9875', '2018/2019\r'),
(291, 'SEPIYA FITRIA ANGGRAENI', '9881@smkmuhkarangmojo.sch.id', 'default.png', '$2y$10$yhSNK1bUlLNZ.UhhiKwyzuKntZBD4oRgH/kEAIRLQNfJHAKAG9L.2', 6, 1, 1597328571, '9881', '2018/2019\r'),
(292, 'FITRIA NUR BAITY', '9871@smkmuhkarangmojo.sch.id', 'default.png', '$2y$10$yhSNK1bUlLNZ.UhhiKwyzuKntZBD4oRgH/kEAIRLQNfJHAKAG9L.2', 6, 1, 1597328571, '9871', '2018/2019\r'),
(293, 'IKA RINAWATI', '9872@smkmuhkarangmojo.sch.id', 'default.png', '$2y$10$yhSNK1bUlLNZ.UhhiKwyzuKntZBD4oRgH/kEAIRLQNfJHAKAG9L.2', 6, 1, 1597328571, '9872', '2018/2019\r'),
(294, 'LATIFA NUR PRATIWI', '9873@smkmuhkarangmojo.sch.id', 'default.png', '$2y$10$yhSNK1bUlLNZ.UhhiKwyzuKntZBD4oRgH/kEAIRLQNfJHAKAG9L.2', 6, 1, 1597328571, '9873', '2018/2019\r'),
(295, 'RIDLO KINASIH', '9877@smkmuhkarangmojo.sch.id', 'default.png', '$2y$10$yhSNK1bUlLNZ.UhhiKwyzuKntZBD4oRgH/kEAIRLQNfJHAKAG9L.2', 6, 1, 1597328571, '9877', '2018/2019\r'),
(296, 'EKO NUGROHO', '9890@smkmuhkarangmojo.sch.id', 'default.png', '$2y$10$yhSNK1bUlLNZ.UhhiKwyzuKntZBD4oRgH/kEAIRLQNfJHAKAG9L.2', 6, 1, 1597328571, '9890', '2018/2019\r'),
(297, 'IRNI ANGGUN WIBOWO', '9896@smkmuhkarangmojo.sch.id', 'default.png', '$2y$10$yhSNK1bUlLNZ.UhhiKwyzuKntZBD4oRgH/kEAIRLQNfJHAKAG9L.2', 6, 1, 1597328571, '9896', '2018/2019\r'),
(298, 'LAFINDA AJENG ARDIANY', '9899@smkmuhkarangmojo.sch.id', 'default.png', '$2y$10$yhSNK1bUlLNZ.UhhiKwyzuKntZBD4oRgH/kEAIRLQNfJHAKAG9L.2', 6, 1, 1597328571, '9899', '2018/2019\r'),
(299, 'AULIEA RIZKI NUR SAFITRI', '9886@smkmuhkarangmojo.sch.id', 'default.png', '$2y$10$yhSNK1bUlLNZ.UhhiKwyzuKntZBD4oRgH/kEAIRLQNfJHAKAG9L.2', 6, 1, 1597328571, '9886', '2018/2019\r'),
(300, 'FANNI WULANDARI', '9891@smkmuhkarangmojo.sch.id', 'default.png', '$2y$10$yhSNK1bUlLNZ.UhhiKwyzuKntZBD4oRgH/kEAIRLQNfJHAKAG9L.2', 6, 1, 1597328571, '9891', '2018/2019\r'),
(301, 'DWI ASTUTI', '9867@smkmuhkarangmojo.sch.id', 'default.png', '$2y$10$yhSNK1bUlLNZ.UhhiKwyzuKntZBD4oRgH/kEAIRLQNfJHAKAG9L.2', 6, 1, 1597328571, '9867', '2018/2019\r'),
(302, 'CHINTIYA EKA PERMATASARI', '9887@smkmuhkarangmojo.sch.id', 'default.png', '$2y$10$yhSNK1bUlLNZ.UhhiKwyzuKntZBD4oRgH/kEAIRLQNfJHAKAG9L.2', 6, 1, 1597328571, '9887', '2018/2019\r'),
(303, 'CIKA TRI UTAMI', '9888@smkmuhkarangmojo.sch.id', 'default.png', '$2y$10$yhSNK1bUlLNZ.UhhiKwyzuKntZBD4oRgH/kEAIRLQNfJHAKAG9L.2', 6, 1, 1597328571, '9888', '2018/2019\r'),
(304, 'DWI RAHAYU', '9889@smkmuhkarangmojo.sch.id', 'default.png', '$2y$10$yhSNK1bUlLNZ.UhhiKwyzuKntZBD4oRgH/kEAIRLQNfJHAKAG9L.2', 6, 1, 1597328571, '9889', '2018/2019\r'),
(305, 'HERVINA STYANINGSIH', '9892@smkmuhkarangmojo.sch.id', 'default.png', '$2y$10$yhSNK1bUlLNZ.UhhiKwyzuKntZBD4oRgH/kEAIRLQNfJHAKAG9L.2', 6, 1, 1597328571, '9892', '2018/2019\r'),
(306, 'INDAH NOVITA SARI', '9895@smkmuhkarangmojo.sch.id', 'default.png', '$2y$10$yhSNK1bUlLNZ.UhhiKwyzuKntZBD4oRgH/kEAIRLQNfJHAKAG9L.2', 6, 1, 1597328571, '9895', '2018/2019\r');
INSERT INTO `user` (`id`, `name`, `email`, `image`, `password`, `role_id`, `is_active`, `date_created`, `nis`, `tp`) VALUES
(307, 'EVI FEFRIANI', '9869@smkmuhkarangmojo.sch.id', 'default.png', '$2y$10$yhSNK1bUlLNZ.UhhiKwyzuKntZBD4oRgH/kEAIRLQNfJHAKAG9L.2', 6, 1, 1597328571, '9869', '2018/2019\r'),
(308, 'TIKA SELVIANA', '9883@smkmuhkarangmojo.sch.id', 'default.png', '$2y$10$yhSNK1bUlLNZ.UhhiKwyzuKntZBD4oRgH/kEAIRLQNfJHAKAG9L.2', 6, 1, 1597328571, '9883', '2018/2019\r'),
(309, 'FATIMATUN NAJAH', '9870@smkmuhkarangmojo.sch.id', 'default.png', '$2y$10$yhSNK1bUlLNZ.UhhiKwyzuKntZBD4oRgH/kEAIRLQNfJHAKAG9L.2', 6, 1, 1597328571, '9870', '2018/2019\r'),
(310, 'SISKA ROMADHONA', '9882@smkmuhkarangmojo.sch.id', 'default.png', '$2y$10$yhSNK1bUlLNZ.UhhiKwyzuKntZBD4oRgH/kEAIRLQNfJHAKAG9L.2', 6, 1, 1597328571, '9882', '2018/2019\r'),
(311, 'ANISA WULANDARI', '9865@smkmuhkarangmojo.sch.id', 'default.png', '$2y$10$yhSNK1bUlLNZ.UhhiKwyzuKntZBD4oRgH/kEAIRLQNfJHAKAG9L.2', 6, 1, 1597328571, '9865', '2018/2019\r'),
(312, 'DESY AMALIAWATI', '9866@smkmuhkarangmojo.sch.id', 'default.png', '$2y$10$yhSNK1bUlLNZ.UhhiKwyzuKntZBD4oRgH/kEAIRLQNfJHAKAG9L.2', 6, 1, 1597328571, '9866', '2018/2019\r'),
(313, 'RIZKA SHINTA DEWI AZZAHRO', '9879@smkmuhkarangmojo.sch.id', 'default.png', '$2y$10$yhSNK1bUlLNZ.UhhiKwyzuKntZBD4oRgH/kEAIRLQNfJHAKAG9L.2', 6, 1, 1597328571, '9879', '2018/2019\r'),
(314, 'INDAH AYU PUSPITASARI', '9894@smkmuhkarangmojo.sch.id', 'default.png', '$2y$10$yhSNK1bUlLNZ.UhhiKwyzuKntZBD4oRgH/kEAIRLQNfJHAKAG9L.2', 6, 1, 1597328571, '9894', '2018/2019\r'),
(315, 'MARIYA LATIFAH', '9900@smkmuhkarangmojo.sch.id', 'default.png', '$2y$10$yhSNK1bUlLNZ.UhhiKwyzuKntZBD4oRgH/kEAIRLQNfJHAKAG9L.2', 6, 1, 1597328571, '9900', '2018/2019\r'),
(316, 'IZZAMI MAULINIA', '9897@smkmuhkarangmojo.sch.id', 'default.png', '$2y$10$yhSNK1bUlLNZ.UhhiKwyzuKntZBD4oRgH/kEAIRLQNfJHAKAG9L.2', 6, 1, 1597328571, '9897', '2018/2019\r'),
(317, 'YULI HIDAYATI', '9906@smkmuhkarangmojo.sch.id', 'default.png', '$2y$10$yhSNK1bUlLNZ.UhhiKwyzuKntZBD4oRgH/kEAIRLQNfJHAKAG9L.2', 6, 1, 1597328571, '9906', '2018/2019\r'),
(318, 'PUTRI AYU AMILIA', '9876@smkmuhkarangmojo.sch.id', 'default.png', '$2y$10$yhSNK1bUlLNZ.UhhiKwyzuKntZBD4oRgH/kEAIRLQNfJHAKAG9L.2', 6, 1, 1597328571, '9876', '2018/2019\r'),
(319, 'RULI PUSPITA SARI', '9880@smkmuhkarangmojo.sch.id', 'default.png', '$2y$10$yhSNK1bUlLNZ.UhhiKwyzuKntZBD4oRgH/kEAIRLQNfJHAKAG9L.2', 6, 1, 1597328571, '9880', '2018/2019\r'),
(320, 'ALIFAH DINA EKASARI', '9885@smkmuhkarangmojo.sch.id', 'default.png', '$2y$10$yhSNK1bUlLNZ.UhhiKwyzuKntZBD4oRgH/kEAIRLQNfJHAKAG9L.2', 6, 1, 1597328571, '9885', '2018/2019\r'),
(321, 'IKA NURVIANA SAPUTRI', '9893@smkmuhkarangmojo.sch.id', 'default.png', '$2y$10$yhSNK1bUlLNZ.UhhiKwyzuKntZBD4oRgH/kEAIRLQNfJHAKAG9L.2', 6, 1, 1597328571, '9893', '2018/2019\r'),
(322, 'MARS BELLAINE WIDIAS.', '9901@smkmuhkarangmojo.sch.id', 'default.png', '$2y$10$yhSNK1bUlLNZ.UhhiKwyzuKntZBD4oRgH/kEAIRLQNfJHAKAG9L.2', 6, 1, 1597328571, '9901', '2018/2019\r'),
(323, 'NUR SETIYAWATI', '9903@smkmuhkarangmojo.sch.id', 'default.png', '$2y$10$yhSNK1bUlLNZ.UhhiKwyzuKntZBD4oRgH/kEAIRLQNfJHAKAG9L.2', 6, 1, 1597328571, '9903', '2018/2019\r'),
(324, 'RADINDA MARA RETA', '9904@smkmuhkarangmojo.sch.id', 'default.png', '$2y$10$yhSNK1bUlLNZ.UhhiKwyzuKntZBD4oRgH/kEAIRLQNfJHAKAG9L.2', 6, 1, 1597328571, '9904', '2018/2019\r'),
(325, 'SINTA AYU WULANDARI', '9905@smkmuhkarangmojo.sch.id', 'default.png', '$2y$10$yhSNK1bUlLNZ.UhhiKwyzuKntZBD4oRgH/kEAIRLQNfJHAKAG9L.2', 6, 1, 1597328571, '9905', '2018/2019\r'),
(326, 'RINDI AYU APRILIANTIKA', '9078@smkmuhkarangmojo.sch.id', 'default.png', '$2y$10$yhSNK1bUlLNZ.UhhiKwyzuKntZBD4oRgH/kEAIRLQNfJHAKAG9L.2', 6, 1, 1597328571, '9078', '2018/2019\r'),
(327, 'MELTA ALVANIA K.', '9874@smkmuhkarangmojo.sch.id', 'default.png', '$2y$10$yhSNK1bUlLNZ.UhhiKwyzuKntZBD4oRgH/kEAIRLQNfJHAKAG9L.2', 6, 1, 1597328571, '9874', '2018/2019\r'),
(328, 'DIAN NOVITA', '9914@smkmuhkarangmojo.sch.id', 'default.png', '$2y$10$yhSNK1bUlLNZ.UhhiKwyzuKntZBD4oRgH/kEAIRLQNfJHAKAG9L.2', 7, 1, 1597328571, '9914', '2018/2019\r'),
(329, 'GRANDYA MUKTI UTAMI', '9919@smkmuhkarangmojo.sch.id', 'default.png', '$2y$10$yhSNK1bUlLNZ.UhhiKwyzuKntZBD4oRgH/kEAIRLQNfJHAKAG9L.2', 7, 1, 1597328571, '9919', '2018/2019\r'),
(330, 'NOVITA NUR RAHMA W.', '9929@smkmuhkarangmojo.sch.id', 'default.png', '$2y$10$yhSNK1bUlLNZ.UhhiKwyzuKntZBD4oRgH/kEAIRLQNfJHAKAG9L.2', 7, 1, 1597328571, '9929', '2018/2019\r'),
(331, 'PUTRI ARDI PERMATA S.', '9930@smkmuhkarangmojo.sch.id', 'default.png', '$2y$10$yhSNK1bUlLNZ.UhhiKwyzuKntZBD4oRgH/kEAIRLQNfJHAKAG9L.2', 7, 1, 1597328571, '9930', '2018/2019\r'),
(332, 'ANGGY REVINA ANITA S.', '9908@smkmuhkarangmojo.sch.id', 'default.png', '$2y$10$yhSNK1bUlLNZ.UhhiKwyzuKntZBD4oRgH/kEAIRLQNfJHAKAG9L.2', 7, 1, 1597328571, '9908', '2018/2019\r'),
(333, 'DIKO IRAWAN', '9915@smkmuhkarangmojo.sch.id', 'default.png', '$2y$10$yhSNK1bUlLNZ.UhhiKwyzuKntZBD4oRgH/kEAIRLQNfJHAKAG9L.2', 7, 1, 1597328571, '9915', '2018/2019\r'),
(334, 'HASTAHRUL DEDEK P.', '9922@smkmuhkarangmojo.sch.id', 'default.png', '$2y$10$yhSNK1bUlLNZ.UhhiKwyzuKntZBD4oRgH/kEAIRLQNfJHAKAG9L.2', 7, 1, 1597328571, '9922', '2018/2019\r'),
(335, 'AMANDA NATALIA N P.', '9907@smkmuhkarangmojo.sch.id', 'default.png', '$2y$10$yhSNK1bUlLNZ.UhhiKwyzuKntZBD4oRgH/kEAIRLQNfJHAKAG9L.2', 7, 1, 1597328571, '9907', '2018/2019\r'),
(336, 'CANDRA PURNAMA SARI', '9911@smkmuhkarangmojo.sch.id', 'default.png', '$2y$10$yhSNK1bUlLNZ.UhhiKwyzuKntZBD4oRgH/kEAIRLQNfJHAKAG9L.2', 7, 1, 1597328571, '9911', '2018/2019\r'),
(337, 'DEVY ROCHMAWATI', '9913@smkmuhkarangmojo.sch.id', 'default.png', '$2y$10$yhSNK1bUlLNZ.UhhiKwyzuKntZBD4oRgH/kEAIRLQNfJHAKAG9L.2', 7, 1, 1597328571, '9913', '2018/2019\r'),
(338, 'ERINA KUSUMAWATI', '9917@smkmuhkarangmojo.sch.id', 'default.png', '$2y$10$yhSNK1bUlLNZ.UhhiKwyzuKntZBD4oRgH/kEAIRLQNfJHAKAG9L.2', 7, 1, 1597328571, '9917', '2018/2019\r'),
(339, 'HANI APRILIANAWATI', '9920@smkmuhkarangmojo.sch.id', 'default.png', '$2y$10$yhSNK1bUlLNZ.UhhiKwyzuKntZBD4oRgH/kEAIRLQNfJHAKAG9L.2', 7, 1, 1597328571, '9920', '2018/2019\r'),
(340, 'SEPTIANA WINDI P', '9934@smkmuhkarangmojo.sch.id', 'default.png', '$2y$10$yhSNK1bUlLNZ.UhhiKwyzuKntZBD4oRgH/kEAIRLQNfJHAKAG9L.2', 7, 1, 1597328571, '9934', '2018/2019\r'),
(341, 'YULIANA INGKA DEWI', '9938@smkmuhkarangmojo.sch.id', 'default.png', '$2y$10$yhSNK1bUlLNZ.UhhiKwyzuKntZBD4oRgH/kEAIRLQNfJHAKAG9L.2', 7, 1, 1597328571, '9938', '2018/2019\r'),
(342, 'DEBBY ANGGRAENI', '9912@smkmuhkarangmojo.sch.id', 'default.png', '$2y$10$yhSNK1bUlLNZ.UhhiKwyzuKntZBD4oRgH/kEAIRLQNfJHAKAG9L.2', 7, 1, 1597328571, '9912', '2018/2019\r'),
(343, 'ELINA KHARISMA P.', '9916@smkmuhkarangmojo.sch.id', 'default.png', '$2y$10$yhSNK1bUlLNZ.UhhiKwyzuKntZBD4oRgH/kEAIRLQNfJHAKAG9L.2', 7, 1, 1597328571, '9916', '2018/2019\r'),
(344, 'KARISTA PUTRI A.', '9924@smkmuhkarangmojo.sch.id', 'default.png', '$2y$10$yhSNK1bUlLNZ.UhhiKwyzuKntZBD4oRgH/kEAIRLQNfJHAKAG9L.2', 7, 1, 1597328571, '9924', '2018/2019\r'),
(345, 'MARISKA DHARA A.', '9926@smkmuhkarangmojo.sch.id', 'default.png', '$2y$10$yhSNK1bUlLNZ.UhhiKwyzuKntZBD4oRgH/kEAIRLQNfJHAKAG9L.2', 7, 1, 1597328571, '9926', '2018/2019\r'),
(346, 'MEISA NURHAYATI', '9927@smkmuhkarangmojo.sch.id', 'default.png', '$2y$10$yhSNK1bUlLNZ.UhhiKwyzuKntZBD4oRgH/kEAIRLQNfJHAKAG9L.2', 7, 1, 1597328571, '9927', '2018/2019\r'),
(347, 'RITA OKTAVIANI', '9933@smkmuhkarangmojo.sch.id', 'default.png', '$2y$10$yhSNK1bUlLNZ.UhhiKwyzuKntZBD4oRgH/kEAIRLQNfJHAKAG9L.2', 7, 1, 1597328571, '9933', '2018/2019\r'),
(348, 'YANIKA NUR AFIFAH', '9937@smkmuhkarangmojo.sch.id', 'default.png', '$2y$10$yhSNK1bUlLNZ.UhhiKwyzuKntZBD4oRgH/kEAIRLQNfJHAKAG9L.2', 7, 1, 1597328571, '9937', '2018/2019\r'),
(349, 'MUTIARA FEBRIANA', '9928@smkmuhkarangmojo.sch.id', 'default.png', '$2y$10$yhSNK1bUlLNZ.UhhiKwyzuKntZBD4oRgH/kEAIRLQNfJHAKAG9L.2', 7, 1, 1597328571, '9928', '2018/2019\r'),
(350, 'RISMA WARNI', '9932@smkmuhkarangmojo.sch.id', 'default.png', '$2y$10$yhSNK1bUlLNZ.UhhiKwyzuKntZBD4oRgH/kEAIRLQNfJHAKAG9L.2', 7, 1, 1597328571, '9932', '2018/2019\r'),
(351, 'SYABINA REGITA PUTRI', '9935@smkmuhkarangmojo.sch.id', 'default.png', '$2y$10$yhSNK1bUlLNZ.UhhiKwyzuKntZBD4oRgH/kEAIRLQNfJHAKAG9L.2', 7, 1, 1597328571, '9935', '2018/2019\r'),
(352, 'TRI SUSANTI', '9936@smkmuhkarangmojo.sch.id', 'default.png', '$2y$10$yhSNK1bUlLNZ.UhhiKwyzuKntZBD4oRgH/kEAIRLQNfJHAKAG9L.2', 7, 1, 1597328571, '9936', '2018/2019\r'),
(353, 'APRELIYANA ANGGRAENI', '9910@smkmuhkarangmojo.sch.id', 'default.png', '$2y$10$yhSNK1bUlLNZ.UhhiKwyzuKntZBD4oRgH/kEAIRLQNfJHAKAG9L.2', 7, 1, 1597328571, '9910', '2018/2019\r'),
(354, 'HANNI FATIMAH S.', '9921@smkmuhkarangmojo.sch.id', 'default.png', '$2y$10$yhSNK1bUlLNZ.UhhiKwyzuKntZBD4oRgH/kEAIRLQNfJHAKAG9L.2', 7, 1, 1597328571, '9921', '2018/2019\r'),
(355, 'IKA MILENIA AGUSTIN', '9923@smkmuhkarangmojo.sch.id', 'default.png', '$2y$10$yhSNK1bUlLNZ.UhhiKwyzuKntZBD4oRgH/kEAIRLQNfJHAKAG9L.2', 7, 1, 1597328571, '9923', '2018/2019\r'),
(356, 'KIKI DYAS SHINTA', '9925@smkmuhkarangmojo.sch.id', 'default.png', '$2y$10$yhSNK1bUlLNZ.UhhiKwyzuKntZBD4oRgH/kEAIRLQNfJHAKAG9L.2', 7, 1, 1597328571, '9925', '2018/2019\r'),
(357, 'ANNISA FITRI WULAN D.', '9909@smkmuhkarangmojo.sch.id', 'default.png', '$2y$10$yhSNK1bUlLNZ.UhhiKwyzuKntZBD4oRgH/kEAIRLQNfJHAKAG9L.2', 7, 1, 1597328571, '9909', '2018/2019\r'),
(358, 'RENI OKTAVI', '9931@smkmuhkarangmojo.sch.id', 'default.png', '$2y$10$yhSNK1bUlLNZ.UhhiKwyzuKntZBD4oRgH/kEAIRLQNfJHAKAG9L.2', 7, 1, 1597328571, '9931', '2018/2019\r'),
(359, 'YUNITHA YUNDHA R.', '9939@smkmuhkarangmojo.sch.id', 'default.png', '$2y$10$yhSNK1bUlLNZ.UhhiKwyzuKntZBD4oRgH/kEAIRLQNfJHAKAG9L.2', 7, 1, 1597328571, '9939', '2018/2019\r'),
(360, 'MUTIFAH ANGGHREINI', '9955@smkmuhkarangmojo.sch.id', 'default.png', '$2y$10$yhSNK1bUlLNZ.UhhiKwyzuKntZBD4oRgH/kEAIRLQNfJHAKAG9L.2', 7, 1, 1597328571, '9955', '2018/2019\r'),
(361, 'SANITA HAFITRI', '9964@smkmuhkarangmojo.sch.id', 'default.png', '$2y$10$yhSNK1bUlLNZ.UhhiKwyzuKntZBD4oRgH/kEAIRLQNfJHAKAG9L.2', 7, 1, 1597328571, '9964', '2018/2019\r'),
(362, 'SHERLIANA AGUSTIN', '9967@smkmuhkarangmojo.sch.id', 'default.png', '$2y$10$yhSNK1bUlLNZ.UhhiKwyzuKntZBD4oRgH/kEAIRLQNfJHAKAG9L.2', 7, 1, 1597328571, '9967', '2018/2019\r'),
(363, 'ULRI AISYA', '9970@smkmuhkarangmojo.sch.id', 'default.png', '$2y$10$yhSNK1bUlLNZ.UhhiKwyzuKntZBD4oRgH/kEAIRLQNfJHAKAG9L.2', 7, 1, 1597328571, '9970', '2018/2019\r'),
(364, 'EVITA ANGGRAENI', '9950@smkmuhkarangmojo.sch.id', 'default.png', '$2y$10$yhSNK1bUlLNZ.UhhiKwyzuKntZBD4oRgH/kEAIRLQNfJHAKAG9L.2', 7, 1, 1597328571, '9950', '2018/2019\r'),
(365, 'NOVIA SARI', '9956@smkmuhkarangmojo.sch.id', 'default.png', '$2y$10$yhSNK1bUlLNZ.UhhiKwyzuKntZBD4oRgH/kEAIRLQNfJHAKAG9L.2', 7, 1, 1597328571, '9956', '2018/2019\r'),
(366, 'NURAINI WULAN SARI', '9958@smkmuhkarangmojo.sch.id', 'default.png', '$2y$10$yhSNK1bUlLNZ.UhhiKwyzuKntZBD4oRgH/kEAIRLQNfJHAKAG9L.2', 7, 1, 1597328571, '9958', '2018/2019\r'),
(367, 'RAGIL PUTRI UTAMI', '9960@smkmuhkarangmojo.sch.id', 'default.png', '$2y$10$yhSNK1bUlLNZ.UhhiKwyzuKntZBD4oRgH/kEAIRLQNfJHAKAG9L.2', 7, 1, 1597328571, '9960', '2018/2019\r'),
(368, 'SEPTIANA SETIAWATI', '9965@smkmuhkarangmojo.sch.id', 'default.png', '$2y$10$yhSNK1bUlLNZ.UhhiKwyzuKntZBD4oRgH/kEAIRLQNfJHAKAG9L.2', 7, 1, 1597328571, '9965', '2018/2019\r'),
(369, 'AYU DWI SETIAWATI', '9943@smkmuhkarangmojo.sch.id', 'default.png', '$2y$10$yhSNK1bUlLNZ.UhhiKwyzuKntZBD4oRgH/kEAIRLQNfJHAKAG9L.2', 7, 1, 1597328571, '9943', '2018/2019\r'),
(370, 'CATUR RIVANDA Q. R.', '9944@smkmuhkarangmojo.sch.id', 'default.png', '$2y$10$yhSNK1bUlLNZ.UhhiKwyzuKntZBD4oRgH/kEAIRLQNfJHAKAG9L.2', 7, 1, 1597328571, '9944', '2018/2019\r'),
(371, 'SALSABILA AULIA PNB.', '9963@smkmuhkarangmojo.sch.id', 'default.png', '$2y$10$yhSNK1bUlLNZ.UhhiKwyzuKntZBD4oRgH/kEAIRLQNfJHAKAG9L.2', 7, 1, 1597328571, '9963', '2018/2019\r'),
(372, 'DELA ANUGERAH S.', '9945@smkmuhkarangmojo.sch.id', 'default.png', '$2y$10$yhSNK1bUlLNZ.UhhiKwyzuKntZBD4oRgH/kEAIRLQNfJHAKAG9L.2', 7, 1, 1597328571, '9945', '2018/2019\r'),
(373, 'MUTIA DEKA HANI F.', '9954@smkmuhkarangmojo.sch.id', 'default.png', '$2y$10$yhSNK1bUlLNZ.UhhiKwyzuKntZBD4oRgH/kEAIRLQNfJHAKAG9L.2', 7, 1, 1597328571, '9954', '2018/2019\r'),
(374, 'NUR MUSLIMAH', '9957@smkmuhkarangmojo.sch.id', 'default.png', '$2y$10$yhSNK1bUlLNZ.UhhiKwyzuKntZBD4oRgH/kEAIRLQNfJHAKAG9L.2', 7, 1, 1597328571, '9957', '2018/2019\r'),
(375, 'SITI QOTIMAH', '9968@smkmuhkarangmojo.sch.id', 'default.png', '$2y$10$yhSNK1bUlLNZ.UhhiKwyzuKntZBD4oRgH/kEAIRLQNfJHAKAG9L.2', 7, 1, 1597328571, '9968', '2018/2019\r'),
(376, 'ANISA NURANI', '9942@smkmuhkarangmojo.sch.id', 'default.png', '$2y$10$yhSNK1bUlLNZ.UhhiKwyzuKntZBD4oRgH/kEAIRLQNfJHAKAG9L.2', 7, 1, 1597328571, '9942', '2018/2019\r'),
(377, 'LINDA MEILANA', '9953@smkmuhkarangmojo.sch.id', 'default.png', '$2y$10$yhSNK1bUlLNZ.UhhiKwyzuKntZBD4oRgH/kEAIRLQNfJHAKAG9L.2', 7, 1, 1597328571, '9953', '2018/2019\r'),
(378, 'PUTRI STYAWATI', '9959@smkmuhkarangmojo.sch.id', 'default.png', '$2y$10$yhSNK1bUlLNZ.UhhiKwyzuKntZBD4oRgH/kEAIRLQNfJHAKAG9L.2', 7, 1, 1597328571, '9959', '2018/2019\r'),
(379, 'WENING FEBRIANA', '9971@smkmuhkarangmojo.sch.id', 'default.png', '$2y$10$yhSNK1bUlLNZ.UhhiKwyzuKntZBD4oRgH/kEAIRLQNfJHAKAG9L.2', 7, 1, 1597328571, '9971', '2018/2019\r'),
(380, 'HEPPY ADELIA', '9951@smkmuhkarangmojo.sch.id', 'default.png', '$2y$10$yhSNK1bUlLNZ.UhhiKwyzuKntZBD4oRgH/kEAIRLQNfJHAKAG9L.2', 7, 1, 1597328571, '9951', '2018/2019\r'),
(381, 'IKA RUBIYATUN FATIMAH', '9952@smkmuhkarangmojo.sch.id', 'default.png', '$2y$10$yhSNK1bUlLNZ.UhhiKwyzuKntZBD4oRgH/kEAIRLQNfJHAKAG9L.2', 7, 1, 1597328571, '9952', '2018/2019\r'),
(382, 'DELVI MARSELINA', '9946@smkmuhkarangmojo.sch.id', 'default.png', '$2y$10$yhSNK1bUlLNZ.UhhiKwyzuKntZBD4oRgH/kEAIRLQNfJHAKAG9L.2', 7, 1, 1597328571, '9946', '2018/2019\r'),
(383, 'REVITA ANGGRAINI', '9961@smkmuhkarangmojo.sch.id', 'default.png', '$2y$10$yhSNK1bUlLNZ.UhhiKwyzuKntZBD4oRgH/kEAIRLQNfJHAKAG9L.2', 7, 1, 1597328571, '9961', '2018/2019\r'),
(384, 'SERLI INDRI ASTUTI', '9966@smkmuhkarangmojo.sch.id', 'default.png', '$2y$10$yhSNK1bUlLNZ.UhhiKwyzuKntZBD4oRgH/kEAIRLQNfJHAKAG9L.2', 7, 1, 1597328571, '9966', '2018/2019\r'),
(385, 'ADHELIA NUR RAHMAW.', '9940@smkmuhkarangmojo.sch.id', 'default.png', '$2y$10$yhSNK1bUlLNZ.UhhiKwyzuKntZBD4oRgH/kEAIRLQNfJHAKAG9L.2', 7, 1, 1597328571, '9940', '2018/2019\r'),
(386, 'RISKA AHZARA AMANDA', '9962@smkmuhkarangmojo.sch.id', 'default.png', '$2y$10$yhSNK1bUlLNZ.UhhiKwyzuKntZBD4oRgH/kEAIRLQNfJHAKAG9L.2', 7, 1, 1597328571, '9962', '2018/2019\r'),
(387, 'YOLLA LOVA YUNITA', '9972@smkmuhkarangmojo.sch.id', 'default.png', '$2y$10$yhSNK1bUlLNZ.UhhiKwyzuKntZBD4oRgH/kEAIRLQNfJHAKAG9L.2', 7, 1, 1597328571, '9972', '2018/2019\r'),
(388, 'DEVI NOVITA', '9947@smkmuhkarangmojo.sch.id', 'default.png', '$2y$10$yhSNK1bUlLNZ.UhhiKwyzuKntZBD4oRgH/kEAIRLQNfJHAKAG9L.2', 7, 1, 1597328571, '9947', '2018/2019\r'),
(389, 'ELVIANA', '9948@smkmuhkarangmojo.sch.id', 'default.png', '$2y$10$yhSNK1bUlLNZ.UhhiKwyzuKntZBD4oRgH/kEAIRLQNfJHAKAG9L.2', 7, 1, 1597328571, '9948', '2018/2019\r'),
(390, 'ESMAYA', '9949@smkmuhkarangmojo.sch.id', 'default.png', '$2y$10$yhSNK1bUlLNZ.UhhiKwyzuKntZBD4oRgH/kEAIRLQNfJHAKAG9L.2', 7, 1, 1597328571, '9949', '2018/2019\r'),
(391, 'SRI WULAN SUCI RAHAYU', '9969@smkmuhkarangmojo.sch.id', 'default.png', '$2y$10$yhSNK1bUlLNZ.UhhiKwyzuKntZBD4oRgH/kEAIRLQNfJHAKAG9L.2', 7, 1, 1597328571, '9969', '2018/2019\r'),
(392, 'AFIFAH NURHAYATI', '9973@smkmuhkarangmojo.sch.id', 'default.png', '$2y$10$yhSNK1bUlLNZ.UhhiKwyzuKntZBD4oRgH/kEAIRLQNfJHAKAG9L.2', 8, 1, 1597328571, '9973', '2018/2019\r'),
(393, 'AGUSTINA TRIHARJANI', '9974@smkmuhkarangmojo.sch.id', 'default.png', '$2y$10$yhSNK1bUlLNZ.UhhiKwyzuKntZBD4oRgH/kEAIRLQNfJHAKAG9L.2', 8, 1, 1597328571, '9974', '2018/2019\r'),
(394, 'DEWI LEGIYAWATI', '9975@smkmuhkarangmojo.sch.id', 'default.png', '$2y$10$yhSNK1bUlLNZ.UhhiKwyzuKntZBD4oRgH/kEAIRLQNfJHAKAG9L.2', 8, 1, 1597328571, '9975', '2018/2019\r'),
(395, 'ELA ROSITA', '9976@smkmuhkarangmojo.sch.id', 'default.png', '$2y$10$yhSNK1bUlLNZ.UhhiKwyzuKntZBD4oRgH/kEAIRLQNfJHAKAG9L.2', 8, 1, 1597328571, '9976', '2018/2019\r'),
(396, 'ELSA PRASETYA HATI', '9977@smkmuhkarangmojo.sch.id', 'default.png', '$2y$10$yhSNK1bUlLNZ.UhhiKwyzuKntZBD4oRgH/kEAIRLQNfJHAKAG9L.2', 8, 1, 1597328571, '9977', '2018/2019\r'),
(397, 'JUWITA RIYANTI', '9978@smkmuhkarangmojo.sch.id', 'default.png', '$2y$10$yhSNK1bUlLNZ.UhhiKwyzuKntZBD4oRgH/kEAIRLQNfJHAKAG9L.2', 8, 1, 1597328571, '9978', '2018/2019\r'),
(398, 'NURLITA SARTIKA PUTRI', '9980@smkmuhkarangmojo.sch.id', 'default.png', '$2y$10$yhSNK1bUlLNZ.UhhiKwyzuKntZBD4oRgH/kEAIRLQNfJHAKAG9L.2', 8, 1, 1597328571, '9980', '2018/2019\r'),
(399, 'TATIK RAHMAWATI', '9981@smkmuhkarangmojo.sch.id', 'default.png', '$2y$10$yhSNK1bUlLNZ.UhhiKwyzuKntZBD4oRgH/kEAIRLQNfJHAKAG9L.2', 8, 1, 1597328571, '9981', '2018/2019\r'),
(400, 'TIKA NUR OKTAVIANA', '9982@smkmuhkarangmojo.sch.id', 'default.png', '$2y$10$yhSNK1bUlLNZ.UhhiKwyzuKntZBD4oRgH/kEAIRLQNfJHAKAG9L.2', 8, 1, 1597328571, '9982', '2018/2019\r'),
(401, 'TRIYANI', '9983@smkmuhkarangmojo.sch.id', 'default.png', '$2y$10$yhSNK1bUlLNZ.UhhiKwyzuKntZBD4oRgH/kEAIRLQNfJHAKAG9L.2', 8, 1, 1597328571, '9983', '2018/2019\r'),
(402, 'YUNI ANGGRAINI S.', '9985@smkmuhkarangmojo.sch.id', 'default.png', '$2y$10$yhSNK1bUlLNZ.UhhiKwyzuKntZBD4oRgH/kEAIRLQNfJHAKAG9L.2', 8, 1, 1597328571, '9985', '2018/2019\r'),
(403, 'Rubinah, S.Pd', 'rubinah@smkmuhkarangmojo.sch.id', 'default.png', '$2y$10$UMEe20ISB7bSs1pa3X/Ej.cMwa1iTZwmms.AB1gB5/vlhxxFxonvK', 11, 1, 1602921492, '12345678', '');

-- --------------------------------------------------------

--
-- Struktur dari tabel `user_access_menu`
--

CREATE TABLE `user_access_menu` (
  `id` int(11) NOT NULL,
  `role_id` int(11) NOT NULL,
  `menu_id` int(11) NOT NULL
) ENGINE=InnoDB DEFAULT CHARSET=utf8mb4;

--
-- Dumping data untuk tabel `user_access_menu`
--

INSERT INTO `user_access_menu` (`id`, `role_id`, `menu_id`) VALUES
(1, 1, 1),
(2, 1, 2),
(4, 3, 3),
(5, 4, 4),
(6, 5, 5),
(7, 6, 6),
(8, 7, 7),
(9, 8, 8),
(15, 11, 11),
(16, 1, 11);

-- --------------------------------------------------------

--
-- Struktur dari tabel `user_menu`
--

CREATE TABLE `user_menu` (
  `id` int(11) NOT NULL,
  `menu` varchar(128) NOT NULL
) ENGINE=InnoDB DEFAULT CHARSET=utf8mb4;

--
-- Dumping data untuk tabel `user_menu`
--

INSERT INTO `user_menu` (`id`, `menu`) VALUES
(1, 'Administrator'),
(2, 'Menu'),
(3, 'Admin PKL'),
(4, 'Siswa TKRO'),
(5, 'Siswa TBSM'),
(6, 'Siswa AKL'),
(7, 'Siswa OTKP'),
(8, 'Siswa BDP'),
(11, 'Bendahara');

-- --------------------------------------------------------

--
-- Struktur dari tabel `user_role`
--

CREATE TABLE `user_role` (
  `id` int(11) NOT NULL,
  `role` varchar(128) NOT NULL
) ENGINE=InnoDB DEFAULT CHARSET=utf8mb4;

--
-- Dumping data untuk tabel `user_role`
--

INSERT INTO `user_role` (`id`, `role`) VALUES
(1, 'Administrator'),
(3, 'Admin PKL'),
(4, 'Siswa TKRO'),
(5, 'Siswa TBSM'),
(6, 'Siswa AKL'),
(7, 'Siswa OTKP'),
(8, 'Siswa BDP'),
(11, 'Bendahara');

-- --------------------------------------------------------

--
-- Struktur dari tabel `user_sub_menu`
--

CREATE TABLE `user_sub_menu` (
  `id` int(11) NOT NULL,
  `menu_id` int(11) NOT NULL,
  `title` varchar(128) NOT NULL,
  `url` varchar(128) NOT NULL,
  `icon` varchar(128) NOT NULL,
  `is_active` int(1) NOT NULL
) ENGINE=InnoDB DEFAULT CHARSET=utf8mb4;

--
-- Dumping data untuk tabel `user_sub_menu`
--

INSERT INTO `user_sub_menu` (`id`, `menu_id`, `title`, `url`, `icon`, `is_active`) VALUES
(1, 1, 'Dashboard', 'administrator', 'fas fa-tachometer-alt', 1),
(2, 1, 'My Profile', 'administrator/profile', 'far fa-address-card', 1),
(3, 2, 'Menu Management', 'menu', 'fas fa-folder', 1),
(4, 2, 'Sub Menu Management', 'menu/submenu', 'fas fa-folder-open', 1),
(5, 3, 'Dashboard', 'admin', 'fas fa-tachometer-alt', 1),
(6, 4, 'My Profile', 'tkro', 'far fa-address-card', 1),
(7, 5, 'My Profile', 'tbsm', 'far fa-address-card', 1),
(8, 6, 'My Profile', 'akl', 'far fa-address-card', 1),
(9, 7, 'My Profile', 'otkp', 'far fa-address-card', 1),
(10, 8, 'My Profile', 'bdp', 'far fa-address-card', 1),
(11, 3, 'My Profile', 'admin/profile', 'far fa-address-card', 1),
(12, 1, 'Role', 'administrator/role', 'fas fa-user-shield', 1),
(13, 4, 'Edit Profile', 'tkro/editProfile', 'fas fa-user-edit', 1),
(14, 1, 'Change Password', 'administrator/changepassword', 'fas fa-key', 1),
(15, 3, 'Change Password', 'admin/changepassword', 'fas fa-key', 1),
(16, 3, 'Data siswa', 'admin/data', 'fas fa-database', 1),
(17, 3, 'Nilai Siswa', 'admin/nilai', 'fas fa-edit', 1),
(18, 3, 'Cetak Sertifikat', 'admin/sertifikat', 'fas fa-certificate', 1),
(19, 4, 'Data', 'tkro/data', 'far fa-address-card', 1),
(20, 11, 'Dashboard', 'bendahara', 'fas fa-tachometer-alt', 1),
(21, 8, 'My Profile', 'bendahara/profile', 'fas fa-user', 1),
(22, 11, 'Rekap Data', 'bendahara/master', 'fas fa-book', 1),
(23, 11, 'Edit Data', 'bendahara/data/1', 'fas fa-archive', 1),
(24, 11, 'Data Siswa', 'bendahara/siswa', 'fas fa-user', 1);

--
-- Indexes for dumped tables
--

--
-- Indeks untuk tabel `bendahara_data`
--
ALTER TABLE `bendahara_data`
  ADD PRIMARY KEY (`id`);

--
-- Indeks untuk tabel `bendahara_master`
--
ALTER TABLE `bendahara_master`
  ADD PRIMARY KEY (`id`);

--
-- Indeks untuk tabel `master`
--
ALTER TABLE `master`
  ADD PRIMARY KEY (`id`);

--
-- Indeks untuk tabel `tbl_jurusan`
--
ALTER TABLE `tbl_jurusan`
  ADD PRIMARY KEY (`id`);

--
-- Indeks untuk tabel `tbl_kelas`
--
ALTER TABLE `tbl_kelas`
  ADD PRIMARY KEY (`id`);

--
-- Indeks untuk tabel `tbl_x`
--
ALTER TABLE `tbl_x`
  ADD PRIMARY KEY (`id`);

--
-- Indeks untuk tabel `tbl_xi`
--
ALTER TABLE `tbl_xi`
  ADD PRIMARY KEY (`id`);

--
-- Indeks untuk tabel `tbl_xii`
--
ALTER TABLE `tbl_xii`
  ADD PRIMARY KEY (`id`);

--
-- Indeks untuk tabel `tp`
--
ALTER TABLE `tp`
  ADD PRIMARY KEY (`id`);

--
-- Indeks untuk tabel `user`
--
ALTER TABLE `user`
  ADD PRIMARY KEY (`id`);

--
-- Indeks untuk tabel `user_access_menu`
--
ALTER TABLE `user_access_menu`
  ADD PRIMARY KEY (`id`);

--
-- Indeks untuk tabel `user_menu`
--
ALTER TABLE `user_menu`
  ADD PRIMARY KEY (`id`);

--
-- Indeks untuk tabel `user_role`
--
ALTER TABLE `user_role`
  ADD PRIMARY KEY (`id`);

--
-- Indeks untuk tabel `user_sub_menu`
--
ALTER TABLE `user_sub_menu`
  ADD PRIMARY KEY (`id`);

--
-- AUTO_INCREMENT untuk tabel yang dibuang
--

--
-- AUTO_INCREMENT untuk tabel `bendahara_data`
--
ALTER TABLE `bendahara_data`
  MODIFY `id` int(11) NOT NULL AUTO_INCREMENT, AUTO_INCREMENT=2;

--
-- AUTO_INCREMENT untuk tabel `bendahara_master`
--
ALTER TABLE `bendahara_master`
  MODIFY `id` int(5) NOT NULL AUTO_INCREMENT, AUTO_INCREMENT=516;

--
-- AUTO_INCREMENT untuk tabel `master`
--
ALTER TABLE `master`
  MODIFY `id` int(11) NOT NULL AUTO_INCREMENT, AUTO_INCREMENT=394;

--
-- AUTO_INCREMENT untuk tabel `tbl_jurusan`
--
ALTER TABLE `tbl_jurusan`
  MODIFY `id` int(11) NOT NULL AUTO_INCREMENT, AUTO_INCREMENT=6;

--
-- AUTO_INCREMENT untuk tabel `tbl_kelas`
--
ALTER TABLE `tbl_kelas`
  MODIFY `id` int(11) NOT NULL AUTO_INCREMENT, AUTO_INCREMENT=26;

--
-- AUTO_INCREMENT untuk tabel `tbl_x`
--
ALTER TABLE `tbl_x`
  MODIFY `id` int(11) NOT NULL AUTO_INCREMENT, AUTO_INCREMENT=8;

--
-- AUTO_INCREMENT untuk tabel `tbl_xi`
--
ALTER TABLE `tbl_xi`
  MODIFY `id` int(11) NOT NULL AUTO_INCREMENT, AUTO_INCREMENT=6;

--
-- AUTO_INCREMENT untuk tabel `tbl_xii`
--
ALTER TABLE `tbl_xii`
  MODIFY `id` int(3) NOT NULL AUTO_INCREMENT, AUTO_INCREMENT=9;

--
-- AUTO_INCREMENT untuk tabel `tp`
--
ALTER TABLE `tp`
  MODIFY `id` int(11) NOT NULL AUTO_INCREMENT, AUTO_INCREMENT=3;

--
-- AUTO_INCREMENT untuk tabel `user`
--
ALTER TABLE `user`
  MODIFY `id` int(11) NOT NULL AUTO_INCREMENT, AUTO_INCREMENT=404;

--
-- AUTO_INCREMENT untuk tabel `user_access_menu`
--
ALTER TABLE `user_access_menu`
  MODIFY `id` int(11) NOT NULL AUTO_INCREMENT, AUTO_INCREMENT=17;

--
-- AUTO_INCREMENT untuk tabel `user_menu`
--
ALTER TABLE `user_menu`
  MODIFY `id` int(11) NOT NULL AUTO_INCREMENT, AUTO_INCREMENT=12;

--
-- AUTO_INCREMENT untuk tabel `user_role`
--
ALTER TABLE `user_role`
  MODIFY `id` int(11) NOT NULL AUTO_INCREMENT, AUTO_INCREMENT=12;

--
-- AUTO_INCREMENT untuk tabel `user_sub_menu`
--
ALTER TABLE `user_sub_menu`
  MODIFY `id` int(11) NOT NULL AUTO_INCREMENT, AUTO_INCREMENT=25;
COMMIT;

/*!40101 SET CHARACTER_SET_CLIENT=@OLD_CHARACTER_SET_CLIENT */;
/*!40101 SET CHARACTER_SET_RESULTS=@OLD_CHARACTER_SET_RESULTS */;
/*!40101 SET COLLATION_CONNECTION=@OLD_COLLATION_CONNECTION */;
